sample_index,face guangpu mean1,face wenli mean30,face wenli mean78,face wenli mean94,face wenli mean102,face wenli mean126,face wenli mean166,left ear wenli mean218,left ear wenli mean1438,right ear wenli mean1574,right ear wenli variance1608,left ear wenli variance1088,left ear wenli variance262,left ear wenli mean904,face wenli variance535,left ear wenli variance872,left ear wenli variance848,face wenli variance1167
0,-0.014959428781658634,-4.219035898065388e-07,-6.291564785597627e-05,-0.000180750214460498,0.0006032424298088959,-0.0011120735055773162,0.0019300784012436882,0.028807882141626003,0.02513309236930684,-0.002173300498961114,0.0014978636130323145,-0.005512820315923167,-0.015328186584073415,-0.010966731492005768,-0.007664309251699669,-0.1089160766356277,0.021507121092532052,0.024426948083461283
1,-0.004493060251107714,4.18459718416343e-06,1.32549916831294e-05,0.001637151187751739,-0.0013218454242985725,-0.0006848461533003626,-0.0016736646995952546,0.03198023668464965,0.008438629837592701,0.002779402646034688,0.0066298373641656685,-0.0002951587112467184,0.009560194331510586,-0.010686727721733895,-0.02632617726944848,-0.07283900248669625,0.009098079591878624,0.032276472653612005
2,0.016425539598024185,3.3811445711471382e-06,-3.047213761660337e-08,0.0013200780549158945,-0.0009860771388771027,0.006569473199746308,0.0094121250752807,0.023314957693950627,0.003896623421402661,0.0007171185315940237,0.0004938717245951703,0.0073296856681605484,-0.002912175863277124,-0.010123352238702418,-0.024264527491681603,0.023183056823364846,0.004244872140453573,0.0013364129920910336
3,0.008127617828004464,-5.350020165042347e-06,-0.00014440435472435072,-0.0021255735135274068,0.0026627357042311693,0.014337401585292068,0.0012988167813029225,0.02815942238923689,0.029007962173207433,-0.0031114954849643865,0.012289105745771401,-0.00903125852133581,0.006559749859709938,-0.004815242606165517,-0.013915893690452132,-0.06976144023258449,0.0120839420260416,-0.011233603699422699
4,-0.010591032857084135,2.7930806425552253e-06,-9.754383568140766e-06,0.0010880055354845443,-0.0007403212426080634,-0.0008139015810298384,-0.0017402477905192081,0.028585794897879817,0.010046882674755528,0.00020741961037121492,0.0003964956492031775,-0.0031151078957239973,-0.00215885616141161,-0.007305661871910083,0.0038373137984083383,-0.050808102408981655,0.015209593739555676,0.025556776677196923
5,0.012358302069044815,1.2918156432157966e-06,-3.457850077301175e-05,0.000495548943962197,-0.00011293243756195514,-0.000953135568432622,0.003188080393702716,0.026806343523826232,0.011229991044753775,0.004988321670662561,-0.003997520197243729,0.004475482009845383,0.0038291984465282755,-0.006503510880094296,-0.011200008331885595,-0.04390039088006219,0.010425061835253695,0.019948946995729928
6,-0.005371863531825143,-1.6279628445534236e-06,-8.285840034073387e-05,-0.0006567073276655118,0.0011072627559894092,-0.0012239288003829145,0.01246076570530826,0.030427939756754292,0.008769202661834908,0.0007744974094933621,-2.9922458722582522e-05,-0.00519223874018159,-0.007944909486332736,-0.006184717703239752,-0.005634967403848744,-0.12652989424166272,0.02341520411925618,0.00349727753623095
7,0.0017425493881575368,2.6768763931927537e-06,-1.167587504842395e-05,0.0010421468939202662,-0.0006917587002315474,-0.0008246788795074581,0.0017191523801851401,0.02813759492768915,0.009814411882820792,-0.0006012534641165807,0.0011685033580299546,0.004246279280488985,-0.006803583636790312,-0.007665683310252191,-0.0069696887585049255,-0.03184100420384713,0.0072364236731947895,0.004519332337241401
8,0.021300649803964095,7.78399446365863e-06,7.277270505978062e-05,0.003057611029740229,-0.002826057911142898,-0.0003510220544961124,0.003775954887756721,0.023325091338580305,0.004550173383634263,0.00020473521842270969,0.00047827882363371695,-0.010039146039789212,0.026558062883431134,-0.006511291988600404,-0.01372002686533615,-0.04296362644501871,0.005475241299044566,0.016202011468651148
9,-0.00171498354949417,4.46160933415882e-06,1.783551682804696e-05,0.001746470777743353,-0.0014376106768324909,-0.0006591548155153298,0.0016438918640838348,0.024911457898495477,0.006515530456175887,0.0027619540983693917,0.0032493600802139364,0.0006036182331877821,-0.0017077943646155898,-0.007530617202899971,-0.020278536638291017,-0.026765540400419455,0.0081900588223727,0.0028793744579398866
10,-0.004643815134396379,3.4550927298323453e-06,1.1922951680181115e-06,0.001349260826820434,-0.0010169805749348847,-0.0007525036381876417,-0.0017085709762795543,0.027603642242818364,0.007023478601645794,0.007581108743926961,-0.0023768131646572624,-0.0058019683744958625,-0.005945915205851578,-0.008449600958255173,-0.012577133844556556,-0.0795244309293342,0.016283411096198953,0.024585016312791506
11,-0.008798332957924114,-1.9660115699715276e-06,-8.844819373792141e-05,-0.0007901142849434133,0.0012485356065392763,-0.0012552809414087172,-0.001967967016289913,0.024412395602188615,0.006213200747014566,0.0016841707310437447,0.0016607935169561901,-0.0004877897523585663,0.04133838143889719,-0.00962733560542527,0.007768785020065621,-0.040260240719480804,0.00880163691953377,0.019508870675435445
12,0.003917798330522451,3.5865561230504983e-06,3.3661037113688357e-06,0.001401141310206285,-0.0010719200168153888,-0.0007403111388998294,-0.0017022805450830274,0.02873809148197107,0.007080499739290162,0.003302523527000032,0.00019378793670414243,0.0030050583461281285,-0.008076972940240023,-0.00823544627041555,0.020350704476740904,-0.05666843720516042,0.009296182131656715,0.024843673415332
13,0.027976909544586856,3.0742010235886842e-06,-5.105926906243499e-06,0.0011989463905819659,-0.0008578033527007474,-0.0007878292276420615,0.0010976072298604386,0.023436677739248547,0.004886202264198916,0.004646397246221452,-0.0020359969007852437,0.0006414996513143837,0.0053481141713267455,-0.010336577838959235,-0.0072887295664257395,-0.06972651003331166,0.013132869576405064,0.020861431774136487
14,-3.4181793876503344e-05,-2.3850511358543866e-06,-9.537720846985177e-05,-0.0009554833257358119,0.0014236550775333814,-0.0012941445328886185,0.0024824568906887195,0.025495562887921312,0.006915320308665577,0.005154082873482879,-0.004093941605229926,-0.012670494121253215,-0.03144216001913841,-0.008632863483966087,0.00545271029420995,-0.13338097650812475,0.025130873704780465,0.011551572312559528
15,-0.011550278212466783,-2.3521852875498483e-06,-9.483375633401409e-05,-0.000942513204889349,0.0014099202170632554,-0.0012910964080666654,0.0013062305037845432,0.027669079775992513,0.005924992595393689,0.008813915746278898,0.0014978636130323145,0.00696195381666565,0.01744680059301622,-0.010510433352894113,0.001535373791890889,-0.0018375507648359765,0.011879642432455064,0.01404114692451123
16,-0.011050286314397036,-4.055340497902869e-06,-0.00012299622237331654,-0.0016146433958971107,0.0021216803078544237,-0.0014490545908043035,0.002216573843506942,0.02680444987959834,0.006190948595738717,0.0008667733827233012,-0.004772710130756523,0.0008164997132449661,0.049000479828760435,-0.01059718690593977,0.00689445166671293,-0.0029965982861609405,0.001976445673425399,-0.005823359304618537
17,0.0003472796724788804,-2.6162858542827442e-06,-9.920078242556687e-05,-0.0010467373902627104,0.001520289631555339,-0.0013155902682430742,0.0011221230621576174,0.021929628341697725,0.00396070533781725,0.004514190942757471,-0.007638621682979939,-0.004551176337150902,-0.002939518578381874,-0.010315441096450115,-0.004126590925893934,-0.04589988016570865,0.01211462252194569,0.011398892772865517
18,-0.01519649608045332,-4.277184973958501e-06,-0.00012666452429022088,0.0876617093112161,-0.08093841679303881,0.014274370718438107,-0.0015384485111520506,0.020255818901573186,0.01241384828522765,0.0089404177168523,-0.014753757858436672,0.0030023381379115912,0.002963903816138556,-0.009402612546331094,-0.003260334555020371,0.031688560346293464,-0.005546676058978081,0.009512851400174842
19,-0.010803101333219227,-5.604096648042343e-07,-6.520591042843506e-05,-0.000235410009456305,0.000661125056075855,-0.0011249191744698327,-0.0019007099505949025,0.02323759955253178,0.020965735153924643,0.0064053450704808015,-0.00880172480571774,-0.006318304193375677,-0.004696520529942768,-0.009202161900338037,0.0026621128477125645,-0.09736106086709426,0.0182209555262747,0.0238018600856552
20,-0.003035762616959578,-7.981001748638405e-07,-6.913623391083257e-05,-0.00032921177629233016,0.0007604575291187307,-0.0011469636486286002,0.0019341784144342813,0.02275374342462736,0.004464481204922933,0.009041082414921318,-0.008891145319394701,-0.0036754707883307368,0.017124640167428307,-0.010853498942849787,-0.00951999597625185,-0.021667319042920154,0.003874979141821766,0.005169567553350051
21,-0.008698362121676519,-3.694403056701247e-06,-0.00011702795338152777,-0.0014722036758868509,0.0019708421080485766,0.01016468199643953,0.0016750631972451964,0.01885010721730977,0.005693163692438068,0.009359182860819425,-0.014998789159259679,0.01005039762696043,0.009498068706714763,-0.010218699851889146,-0.006783918161487771,-0.03755262103039469,0.007665239478529824,-0.0002766014390292073
22,0.022256876972705314,-1.3268881984779239e-06,-7.787999059636374e-05,-0.0005378917563398807,0.0009814416234684346,-0.001196005799781809,0.0031807509180674766,0.020715159773961545,0.004894439839430841,0.012944188308050802,-0.020155266040475333,0.012699175190700766,0.01928508667043274,-0.013812410622230509,-0.009907691135244192,-0.021947289882546114,0.006077980975200152,-0.0035116114506634146
23,0.03150308853107492,9.446067363630979e-06,0.00010025585592928597,0.003713528569689912,-0.0035206494263464085,0.004190030760609217,0.010044931220738473,0.020193189019682995,0.027615384033025932,0.004678945498597102,-0.005887125215798318,0.0003261569951009581,-0.0006157598042075777,-0.011719873113827895,-0.023426540559484486,-0.09085292964803796,0.017601453327522505,0.003353579145930663
24,-0.009495477440876277,-1.548145784385261e-06,-8.15385880108424e-05,-0.0006252084627526744,0.0010739066662762474,-0.0012165262115296002,-0.00018945992460039942,0.021431639693269038,0.022882094701060788,0.009312877099707675,-0.008996158734033132,-0.009547896585573023,0.0013949527827470407,-0.011203881097520149,-0.01942439574113587,-0.10496949336324399,0.018797484712551958,0.02981384148984158
25,0.0010306190083453212,-2.2125054322555653e-06,-9.252408475670401e-05,-0.0008873901912918843,0.0013515470600652215,-0.001278141877573365,0.0016851728188110435,0.02593170237409933,0.02694717760577129,0.011228190754967567,-0.008971337381482241,-0.0064155264500037786,0.009021710248325241,-0.008777801146885752,-0.0020487871831690227,-0.0943284844756823,0.0197375066615605,0.0016525494507515846
26,-0.00799552362691125,-3.5089457698399275e-06,-0.0001139613306150152,-0.0013990151368246698,0.0018933382525385806,0.008352245204986095,0.012039447226551583,0.02176598332234004,0.0059805159920868,0.00958500733348759,-0.015462757518480398,0.003980303365983081,0.004987450738754584,-0.009987937723506644,-0.016187545012673214,-0.11621860526541859,0.024966702574379752,0.02231278551616899
27,-0.00534122732857301,-2.8111333835167898e-06,-0.00010242267723089021,-0.0011236316781381673,0.0016017177329139425,-0.0013336612939732241,0.00026797236897205224,0.023696782557884953,0.010083791291054415,0.0020062977648646107,0.0005330130882331444,0.008835169793335387,-0.004208443765079784,-0.009593191636756695,-0.003322931169232693,0.00746870111414961,-0.0033890854231795994,0.00647363044532476
28,0.013618170397573725,-4.981523578730807e-08,-5.6762993318099774e-05,-3.3909917734475535e-05,0.00044774418805782813,-0.0010775643781287768,0.0005959172596552792,0.02459190866586515,0.009871967927947757,0.006417760383242651,-0.004503493922319826,0.009686191971301786,0.012137663741078598,-0.011756455937401364,-0.005616794193271013,-0.01625737211918319,0.004238776677691169,0.022510370802831824
29,-0.005711921140582045,-1.3697311793034844e-06,-7.858841927343788e-05,-0.000554799235300449,0.000999345995152707,-0.0011999792482104265,-0.0019394354176485223,0.02166477762947853,0.034202448736663886,0.0027512165305753613,-0.006690318726548037,0.004267335707054025,-0.023721842106637175,-0.00738219546154474,0.014258640441948847,-0.06852776910372212,0.010899492020260708,0.010188233834585959
30,-0.011578882127144582,-1.5827723031346828e-06,-8.211115365395706e-05,-0.0006388734115016254,0.0010883773228429862,-0.001219737628752729,-0.001949629286060751,0.021711772339931646,0.0044618066675099705,0.009551452434131255,-0.012023409077837407,0.011764733294093888,0.002412957407021106,-0.014185903830523483,0.030616549207560628,-0.03407918318452445,0.011771244786330338,0.0311951422666027
31,-0.0006294492851798239,2.9832330506029082e-06,-6.6101247822228035e-06,0.00634020965039943,-0.004448488304176522,0.02430732800069694,0.011825488319023286,0.023766452346631727,0.005196555585599128,0.007373403916911213,-0.009054711668255779,0.006591401008501759,0.008373297290126924,-0.0101986083329107,-0.0013460897074953754,-0.02855756547220319,0.004212363005720758,0.03288898704226686
32,-0.016706191751428595,0.0003736818311986728,0.0004037544647897768,0.06157879628897971,-0.07143242175551845,0.013831195141646295,0.006932150658332041,0.024591858493035343,0.02994586895318525,0.005197368693652559,-0.00134068080689138,-0.008671183552228212,0.0034495625177609858,-0.009475894329425883,0.0025611505667249707,-0.0716884228924677,0.01466313550290627,0.017716233256439923
33,-0.0033185686358723375,-1.3738394103415522e-06,-7.865635079041759e-05,-0.0005564205004062568,0.0010010628527114727,-0.0012003602638131705,0.003675673058279944,0.024640328234005054,0.013893509363575222,0.005830214095513133,-0.005051791235719878,0.0033421626680738654,0.014066162177854313,-0.00733248927586396,-0.015870523450372213,0.010389606716977291,-0.0003120958207187056,-0.004831840411546869
34,-0.009026012344837063,-2.1825270834806256e-07,-5.954818551426781e-05,-0.00010038178707259562,0.0005181353479672229,-0.0010931860178412856,0.0021758264521401526,0.02146876530674053,0.00371079656195,0.001351306129428853,0.0028837224637910256,0.004247689758823481,-0.004246760767199361,-0.009831038057958196,-0.00890816455346697,-0.02443156799446369,0.007112584188071976,-0.002762583591223399
35,-0.013576911387192544,-1.2740680851313453e-06,-7.700658537805319e-05,-0.0005170469192652086,0.0009593677405700181,-0.0011911070277465271,0.002244094479991748,0.023448099153176513,0.005427849581072155,0.0020123376467487534,-0.0005619904262239778,0.008599317666116341,0.006261026047068948,-0.007082796987981532,-0.012163188492507354,0.01333485761020717,-0.002857967434482241,0.021982279218478402
36,-0.01230237557253748,-2.8416516712281466e-06,-0.0001029273113570252,-0.001135675361781311,0.0016144715319219162,-0.001336491695593609,0.005935454301068031,0.027576949283770334,0.007985777162829832,-0.0030198906097215795,0.0009406560705114171,0.007900123406013716,-0.025310137645953124,-0.008886272122179793,0.0010305623869529207,-0.03553513739966829,0.009840100592155114,0.0109839636708736
37,0.00686135403277138,3.0090562171279037e-06,-6.183126675493178e-06,0.0011732377581898702,-0.0008305788971260335,-0.0007938710464855757,-0.0017299135106963422,0.025168702359036826,0.005302788211642011,-2.545139116178564e-05,0.006422038092169007,0.015580681679633774,-0.007279384080585865,-0.007916769229508847,-0.013812912163844728,0.05103883225254189,-0.004364054692025911,0.01790483739370903
38,-0.00767227133285682,1.4602531157765512e-06,-3.1793308576843696e-05,0.0005620208133003172,-0.00018332359747134927,-0.0009375139287201127,-0.0018040226532304265,0.025419367337124372,0.005757887497831771,-0.0014914649440402853,0.003702190653033606,0.004143415110522874,0.02190347715022554,-0.007218559911020861,-0.01326973509213149,0.01979323975757193,-0.004425110910695986,0.029443818134818483
39,-0.004893463573668698,1.2037821209714961e-06,-3.6034176136862705e-05,0.00046080754883774265,-7.614263273125971e-05,-0.000961300188491425,-0.0018162946105200798,0.03187294512889223,0.008802794851741727,-0.09744304184946913,0.03854118651550519,-0.004065266550915325,0.040492803324161226,-0.008752251238358249,0.008176672635255506,-0.10682079392470278,0.022469899435853556,0.026720733638628855
40,-0.011735854861036567,1.8968993861082708e-06,-2.4573158772143124e-05,0.000734338133117607,-0.00036580102943159406,-0.000897017413228451,-0.0017831294353276763,0.027788525319672665,0.006801064070383802,0.0016630311444492526,0.0017896736167397178,0.00037683346669052024,0.008635006134700944,-0.00785184923465942,-0.017853422648968737,-0.025080952153671784,0.004835725664222481,0.02999885316735318
41,-0.00040364516391145483,3.501457051547677e-06,1.958950859646288e-06,0.00136755796158598,-0.0010363565388123842,-0.0007482036049566719,-0.0017063524759914934,0.029889408674464865,0.007725384200303769,0.009729628949713418,-0.0018819772259822136,0.007059075324841284,0.020283560783917697,-0.007479865793688529,-0.0020609026568875473,0.04763419631433019,-0.00937787758724027,0.019963316834759968
42,0.007286445993352027,3.690435679298772e-06,5.0838006407129545e-06,0.001442136156453141,-0.0011153319865156088,-0.0007306768872304419,-0.0016973099811464856,0.035704452825404555,0.010504228572372175,0.0019026131258535186,0.007002794097366408,0.007108643563453751,-0.0037837946590652174,-0.006537190304971462,-0.006848534021319791,-0.05455092618560735,0.014671872332865715,0.024974798196480956
43,-0.007884509702653614,-2.0687173459232103e-06,-9.014648166241415e-05,-0.0008306459125886093,0.00129145704550842,-0.0012648063314773205,0.0016200500065577117,0.027656083239286464,0.006673328163540699,-0.0018511734651402525,0.0025142661777449136,0.004330706483654103,0.04479714189721552,-0.009390534407754444,0.030988090401594934,-0.05132570445275143,0.008720465673747773,-0.05246965302595608
44,-0.002651482460307907,-3.169723264125231e-06,-0.0001083521282129763,-0.0012651449609451082,0.0017515748712576375,-0.0013669185130127475,0.0006551708749439935,0.02662848236256126,0.00763530578023518,0.0008365739733025929,0.0037136466619032463,-0.006764418340887843,0.024025606651110393,-0.008329284116280193,-0.018610639756375797,-0.062163592645305285,0.012226880627819943,0.0030500162964214456
45,-0.00271047031189163,-5.111108923474272e-07,-6.439073222467854e-05,-0.0002159548281866107,0.0006405227653706661,-0.0011203469872369028,0.0015201894113128455,0.027235613386691247,0.008858960137413946,0.0033092345068712974,-0.0076255745617672815,0.0015886358529317779,-0.023177033858053434,-0.009423633152892357,-0.006547666423976708,-0.01913805506830275,0.006827722894975687,0.02327197227142307
46,-0.006060100181197167,6.022197189687937e-07,-4.5981291123177295e-05,0.0002234080154873105,0.00017525436694515152,-0.001017091758893244,0.0019552962905940506,0.024859548531304794,0.007270926803093118,-0.00941545442704001,0.006908918469129025,-0.007732409472165354,-0.031123719690843665,-0.010146695564220728,-0.006689013617359385,-0.03756532292103936,0.006660097669009614,0.01621817753755989
47,0.0004786653912613772,-1.4689156143653913e-06,-8.022848018337655e-05,-0.0005939412071406655,0.0010407958419286214,-0.0012091780534766775,-0.0019441813233280448,0.02237593441426237,0.004766810914084253,0.007085167331440253,-0.0055644476326366,-0.00486087708002633,-0.040681765666167435,-0.008811945115554328,-0.006584012845132282,-0.0857425356453375,0.016353915282150747,0.015796063516052953
48,-0.015904607714097047,-1.110912623905246e-06,-7.430873370371614e-05,-0.00045265953363455473,0.0008911839689504645,-0.0011759752652375462,-0.0019270511312303594,0.0249859409847277,0.007395560246537189,0.0015845126799554172,-0.004022341549794638,0.008952340243551434,0.008031420348885241,-0.012243297830798174,-0.0017236886383890022,-0.024437918939786026,0.00862324304268745,0.010777397234816945
49,-0.008638094919337331,3.4327909041971253e-06,8.235240758425813e-07,0.0013404596733889067,-0.0010076604910444428,-0.0007545720086025383,-0.0017096381030003937,0.031448728784940205,0.010299145043546181,0.003087436622125891,0.0028417170979356467,0.006748367097441218,0.02068793535968452,-0.008995091505317387,-0.020427960814152598,0.005604698662046195,-0.0012425682113994788,0.023214492915303017
50,0.025987084089081555,7.238773515892278e-06,6.37572223063306e-05,0.0028424459892694466,-0.0025982063865581306,-0.00040158826806029757,-0.00152752450340451,0.02518128256261475,0.02378362777222231,0.008999138790725893,0.0007401759152925845,-0.01345079088558964,-0.02001829924642871,-0.007429114384477075,-0.013554448724516539,-0.12949313947997257,0.023515474481697708,0.033190753661897374
51,0.030099541647681513,1.0818803420493734e-05,0.00012295468710293462,0.0042552627243305574,-0.004094325116339704,-6.95603856689841e-05,-0.0013562225824276578,0.02487878119599804,0.029265680598320538,0.0035820358386383453,-0.0022262939370088415,-0.008286425212266841,-0.003640198903549125,-0.008794640859324328,0.0022118210745079017,-0.10919128426626197,0.02111050964879171,0.01299753736495572
52,-0.007527049577231934,9.790031941743916e-07,-3.9751000565895325e-05,0.0003721011866199724,1.7794002269778674e-05,-0.0009821471850415678,-0.001827050124574856,0.026023257905963815,0.005763878461636809,-0.11676261070287554,0.003961860187412271,0.010582550952877152,0.04268970678063866,-0.011043032809744727,-0.012084437913336998,-0.04773636185474871,0.008036453160760149,0.03458103558805221
53,0.014091026931480824,4.867737316779186e-06,2.455103250661258e-05,0.0019067444139174998,-0.0016073343097847623,-0.0006214887016440524,-0.0016409769231990157,0.02568539635064956,0.008679659149248915,0.005357090014588736,-0.005125300625966775,0.0070727771143764395,-0.009409697795515674,-0.009436640379051816,-0.01626831483746338,-0.023145501566692147,0.004318525648832608,0.010019388225983205
54,0.0004560875532809049,6.35085567273332e-07,-4.5437838987339616e-05,0.00023637813633377338,0.0001615195064750256,-0.0010140436340712908,0.00047126000929195966,0.030129782901081946,0.007582563902451549,0.002995160648895956,0.0012003256048900822,0.01593743194981004,0.019551073626893893,-0.0076173707559456395,-0.008859702658592872,-0.006667444682466902,0.0030591014510741666,0.0016615306001453091
55,-0.00703745208228208,-9.817967912802762e-07,-7.217374317006816e-05,-0.00040170548745202333,0.0008372255885321129,-0.001164000489151302,0.00034522672710439977,0.02900043811386643,0.014038362309861288,-0.00075996813807207,0.0013327061518282365,-0.008012993912278584,-0.0012107893662490067,-0.009004498517093423,-0.0035551444155041355,-0.07181385406258368,0.01554189805115266,0.00943381728550973
56,0.019569733279366567,2.2220365282638775e-06,-1.9196864428320405e-05,0.0008626496857772551,-0.0005016780419396251,-0.0008668627498112726,-0.0017675718510291227,0.027405638717572296,0.010190023917097295,-0.000977068336907589,0.002299147788970424,-0.009442815949652699,0.014055187890839486,-0.005549454068487712,-0.009814805836735614,-0.10581999079099248,0.015322664573798245,0.020092645386030217
57,-0.006689771138993308,-1.026987332699017e-06,-7.292098985684497e-05,-0.00041953940361590976,0.0008561110216785361,-0.0011681916607814875,-0.0019230353648861487,0.02281672578331683,0.005580619158100592,0.0050517404304460415,-0.0035370522851776395,0.002173682116392284,0.04507298711150356,-0.009942644703844249,-0.015426289414026755,-0.05749353085161961,0.01029959689339424,0.01902748106792965
58,-0.01081753457202396,2.5242849546359684e-06,-1.4199045679098906e-05,0.000981928475704546,-0.0006279897051916762,-0.0008388308876093831,-0.001753109475733536,-0.015062138463568674,-0.012025432705447812,0.003776318705911553,-0.0005129841660593798,-0.0016178851436512319,-0.02669977998981418,0.005517024266409437,-0.009404898975925922,0.018091715656631393,-0.0033407280852645336,0.01515660567921683
59,0.030934175150505127,5.961700553201661e-06,4.2640225028066634e-05,0.0023384641506640417,-0.002064508951147524,-0.0005200296897133299,-0.0015886315493136298,-0.011356596498027805,-0.009610646366031908,0.0010016640781357884,0.0003401702722607509,-0.0004979653460574679,0.011887115188384069,0.010180230980522557,-0.01597754346821901,0.012327703531174556,-0.003351699918236858,0.005494685161404326
60,-0.006937043641148314,-2.0487630808811693e-06,-8.981652857994129e-05,-0.0008227711963604003,0.0012831180230801291,-0.0012629556842639919,-0.0019719266180698697,-0.01470511139406571,-0.011176855475062957,0.0031035429738169315,0.0021454463366359865,0.0011085694769391277,0.004049800216012838,0.003787643866940943,-0.009639131467817174,0.017249686155979313,-0.0035054071708954465,0.018458076196364918
61,-0.01076979702723464,-5.69799907176961e-07,-6.536118246724585e-05,-0.0002391157582695806,0.0006650493019244626,-0.001125790067276105,0.001837434952505551,-0.012161764242558933,0.02189786493309046,-0.0004026084599270488,-0.0003675564979085674,-0.0013928131008458576,-0.022997353158793674,0.016914606188633472,-0.0014167633041867133,0.014743179735433563,-0.004065377016668183,0.020697974855169946
62,-0.0043403322846116655,-2.1573377583158023e-06,-9.161186152869073e-05,-0.0008656189170138922,0.0013284921157046522,-0.0012730253823365152,0.003880898376066639,-0.015098093884474341,-0.01179970174779375,0.007026446257566659,-0.006547755060614648,0.002003719477084919,0.013196403430712803,-0.014094969383355142,0.004420875782516661,0.026901006064144722,-0.0046770567048752916,-0.07878980943932427
63,-0.011345297648414588,-2.2694337766402107e-06,-9.346542149199426e-05,-0.0009098562934723639,0.001375337800522404,-0.0012834216652113913,0.00035426922194940747,-0.01565054007169223,-0.012508347180732385,0.0072401909664665445,-0.007331537000779676,-0.00594956485735614,-0.029543980375301985,0.0070193588878267,0.04479973044069929,0.03349540429049599,-0.00763548955660746,0.01751146305026207
64,-0.005484173538789768,-1.6502646701886472e-06,-8.322717143290946e-05,-0.0006655084810970408,0.0011165828398798528,-0.0012259971707978114,-0.001952858748505397,-0.011967540403824735,-0.009786416964811829,-0.004676160441950527,0.0023643833950336784,-0.004234826196412832,-0.014654290959416923,-0.002859397108385051,0.0021976863551695664,0.023149714360422596,-0.0031424223633943703,0.01546914967811987
65,-0.005780634117224528,-1.724752767810306e-07,-5.8791234325065394e-05,-8.231626160788091e-05,0.0004990046494552631,-0.0010889404154107087,0.0019244900271003448,-0.01298725223655865,-0.010116454881571445,0.003520630372816242,0.001463495586423374,0.0006261858865397977,-0.01857583152100474,0.024857608206043196,-0.009297878958079122,0.01092096914227879,-0.00279051097991165,0.03600903834166086
66,0.0015538503000175647,7.206494557736035e-06,6.322347467291861e-05,0.0028297074777238144,-0.0025847167914535424,-0.00040458196208185867,-0.0015290690289215146,-0.01171957284883445,-0.0056632431074917725,0.0029921407079538825,-0.0036468390368450863,-0.0037547598204201818,0.005863905661023794,0.001604868727057095,-0.013756373286491725,0.023455618226781418,-0.0033751674498721075,0.026916522695412982
67,0.004586743039779936,-8.004477354570203e-07,-6.917505192053523e-05,-0.00033013821349564803,0.0007614385905808815,-0.0011471813718301682,0.001198928103775928,-0.013119096043959161,-0.01104505427135215,0.0013409041106283866,0.0010746277297925709,0.0001199249129064227,0.016476413214094647,-0.005255978528264968,-0.013324254723864792,0.009161757287993757,-0.002066674776876322,0.026052536123732758
68,0.028674241940225442,-2.9015144663542697e-06,-0.00010391717060444384,-0.00115929951046594,0.001639488599206789,0.005584874451455084,0.00244426498699552,-0.01135388640502402,0.01209365266614774,0.001199637984338193,0.00220495393826443,-0.0025548457515697245,-0.005787067051433513,0.014658433129706971,-0.028644271240923964,-0.00016936912683762626,-0.0012652230146664117,0.0013489866012422677
69,0.009688988200671484,-5.8031697863442655e-08,-5.6898856352059186e-05,-3.715244794609125e-05,0.0004511779031753596,-0.001078326409334265,0.0008020692927521768,-0.012852181910764763,0.006684026313192549,0.0012281596487910829,-0.0008452084232791457,0.00030288410258168296,-0.017776568617568666,0.016005145581002165,-0.012930501828013133,0.03380236664774189,-0.006225507428617661,0.017193530361722813
70,-5.341710277047396e-05,2.8811141647995216e-06,-8.298708204289875e-06,0.001122746930608997,-0.0007771110474387572,-0.000805736960971036,-0.0017360354482001054,-0.00960133121531899,-0.007946977113672496,-0.0005579676439469006,0.0032554063071173595,-0.0006014340067383598,-0.0205543652663735,0.002614786929580633,-0.010826447892231476,0.014885546759742472,-0.004682948985545614,0.021967909379448362
71,0.005460938598460542,1.6416021715998073e-06,-2.879461732731077e-05,0.0006335880872566922,-0.00025911059542258066,-0.0009206948113989788,0.0027869249935134795,-0.013509971022117909,-0.010897526787653117,0.004513519844770343,0.0019494212959775773,0.0012012580532063369,-0.016225474051184338,0.011116867399951299,-0.013271754337751185,0.008729893006075387,-0.0032826180069296263,0.02318934569700045
72,0.01793821999173784,-1.2218348619330627e-06,-7.614288466216831e-05,-0.0004964336914913667,0.0009375391230371395,-0.001186262686511638,6.148334848962597e-05,-0.01193908784815975,0.017323015197469236,0.001686519573998691,0.004592258897711473,-0.0006344794991466675,-0.02093065310757694,0.018745489406524866,-0.018790352616533744,0.019704326523059295,-0.004792565724222828,0.005130050496017445
73,-0.0034085698031542226,2.2760304219070482e-06,-1.830405020515849e-05,0.0008839577414535871,-0.0005242424555691182,-0.000861855116175207,-0.001764988281073406,-0.011106729977448894,-0.00938748296429429,-0.00445167816525661,0.003378558402466074,0.0006393839338126274,-0.018257205187845325,0.022498654833267424,-0.031442945669900364,0.008954822319574533,-0.003072019768488613,0.025691493918103384
74,0.0007239364945987168,2.2977453573939763e-06,-1.7944983615408578e-05,0.0008925272855842861,-0.0005333172740940234,-0.000859841176560702,-0.001763949236634694,-0.011047692774250403,-0.009799682670380125,-0.004803333510511057,0.00730383255266325,0.0026143558474713688,-0.01844525610601472,0.01267796681098182,-0.01595735101202147,0.023014227526879573,-0.004033782201349723,0.027848766002485793
75,-0.009000687892659242,8.234773048761308e-07,-4.232269370869863e-05,0.00031072472190010416,8.278932413733917e-05,-0.0009965713471454527,-0.0018344919293386045,-0.010685922345145956,-0.008812350439010757,0.003694109202488517,0.0004894166100347652,-8.771764762260951e-05,0.008032536378073189,-0.0008404897909207885,-0.006141798054406523,0.022502447182988616,-0.0038188155479289866,0.01961844069803944
76,-0.0028516390740265726,7.589193885636463e-07,-4.339018897552263e-05,0.0002852476988088386,0.00010976851434651493,-0.0010025587351885747,-0.0018375809803726135,-0.012463436237095102,-0.011439815993505466,-0.00018584381008508892,-1.2420222949501757e-05,0.0020199399779316767,0.01288261322403449,0.003002332587563739,-0.0052937148941106914,0.022517266055407402,-0.006479789816855899,0.029190549721914302
77,-0.006802325689864919,-1.3667497773501257e-07,-5.8199259677099305e-05,-6.818809425726851e-05,0.0004840434621574455,-0.0010856201365867953,-0.0018804345428989537,-0.01293339246395888,-0.011149040285968144,0.0007322182363043778,0.0016327899397192646,0.0022684864101612384,0.022689533708270895,-0.002727931215416253,0.026638635336648942,0.02234579053170453,-0.00473983997132804,0.008296803772259068
78,-0.009821580602056852,-1.7007372229420423e-06,-8.406175864151729e-05,-0.0006854268809683931,0.0011376756613161166,-0.0012306782196315248,0.0006657017307417513,-0.015472131317067636,-0.008121891860480266,0.006543591255828921,-0.004458942776715634,0.002350092656657363,-0.029835449998221308,0.005514933819348093,-0.018887276406281833,0.027139695759175617,-0.007693396452850282,0.010197214983979781
79,0.001689851463276035,1.541243956241309e-06,-3.045408724210079e-05,0.0005939828968148158,-0.00021717021791558966,-0.0009300024782660138,0.003290608805749681,-0.014116346413023275,0.0023711742625451646,0.0023807704416813685,-0.0020394973479398704,-0.00026261696110073575,-0.020782965245038365,0.01149454150236696,-0.007466423180963989,0.02067231643927093,-0.004454470723001557,0.008381226576560395
80,-0.004116203932642735,1.4960534148225689e-06,-3.12013339288776e-05,0.0005761489806509295,-0.0001982847847691665,-0.0009341936498961993,-0.0018023096340206578,-0.016083738619169747,-3.013240830940514e-05,0.007148250542230174,-0.009040391657168715,0.0027301158193529075,-0.01612837951183278,0.0077332465592747455,-0.0015803221993866282,0.03895510028592452,-0.00846772340576751,0.034573850668537194
81,-0.020512233220433267,1.9761295561281405e-06,-2.3263050944677263e-05,0.000765605388729616,-0.00039891185377921963,-0.0008896692551755283,0.011737843516503815,-0.010570629996821764,0.014699614939842228,-0.0016823923213778605,0.003006874559139742,-0.0013403231571119296,-0.02398652702904571,0.005879484559656441,-0.021393160220394166,0.011966228893245357,-0.002981400555420892,0.03172143762107731
82,-0.00675244259406013,-3.455609193163061e-08,-5.65106762550323e-05,-2.7888075912903965e-05,0.00044136728855384197,-0.0010761491773185843,0.0023907682395429126,-0.013159124586411608,-0.0012148455007554317,0.004712500397953443,-0.006217440138206492,-0.0021021829546473835,-0.013600015386534528,-0.0053279828159333905,-0.017800922262855127,0.01741586922524687,-0.00201415220607362,0.012968797686895642
83,-0.008737576667770952,-2.939662325993465e-06,-0.00010454796326211257,-0.0011743541150198698,0.0016554308479667565,-0.001345581639259076,0.003253764851598594,-0.013378974578065195,-0.011430722566301392,0.0034971419432668037,-0.005017423209110938,-0.0005757431513599489,0.00956540246772102,-0.005054366522793385,-0.004873711805202284,0.027042843843010082,-0.005140819830048103,0.01527874931097206
84,-0.006752634367966124,6.028066091170895e-07,-4.597158662075161e-05,0.00022363962478814058,0.00017500910157961349,-0.0010170373280928516,0.002356086621115631,-0.013637807591485519,-0.010319719724956622,0.005792968157227595,-0.0049875102970624195,-0.000977024237525468,-0.019947245388129295,-0.0029825012131084756,-0.023226635243129,0.022670217988586806,-0.006117719328769175,0.011059405325781204
85,0.003642663267849754,9.672653912084815e-07,-3.9945090614408844e-05,0.0003674690006033774,2.269930958053951e-05,-0.0009832358010494085,0.0008937579438979837,-0.014961580963124532,-0.011484855203539762,0.00656405974443629,-0.0016538117159950836,-0.0015055506191534681,-0.021752236594772,0.004261710806074,-0.017629286385176197,0.009794734838452501,-0.0025321649498318195,0.029106126917612975
86,0.008424696201572593,-1.536947920355776e-07,-5.848069024744382e-05,-7.490476398132974e-05,0.0004543663529273531,-0.0010871986297981639,-6.873419373490904e-05,-0.012747770984952821,-0.006268009507310933,0.004667536832815945,-0.0055994521041827445,-0.0033058247162390175,-0.01324735016314267,0.00693434737399882,-0.021621334975426103,0.009295127139762676,-0.002088110487590779,0.02002618488051634
87,-0.0001341230274406233,-1.2341595550472641e-06,-7.634667921310746e-05,-0.0005012974868087902,-0.036299384469032976,0.005459520318152266,0.002788469519030484,-0.014917103509698035,-0.00737922631164874,0.0024374782215935797,0.0005629260002816622,-0.0011684462972077426,-0.013417172604575563,0.00566811713456527,-0.017847364912109413,0.01578367627740842,-0.0037678168428168833,0.014310581406324156
88,0.011410528397046002,5.705229558396607e-06,3.8399357468047624e-05,0.002237250886201467,-0.001957327986407435,0.0027957858085676593,0.011133821710226581,-0.01303505249966805,-0.010333306375014473,0.008288446022358611,0.004203072818612059,0.0007943350537028082,-0.020277962037491493,0.01916439177042809,-0.015321288641799652,0.014882900532524815,-0.003802357798470499,0.01360286683409555
89,-0.022724966882518984,-6.60180990014441e-07,-6.685567584079947e-05,0.03566588449355232,-0.03189147531958471,0.028610300494887577,-0.0004956691289170553,-0.013789867501723053,0.013436591391944646,0.004753101826174614,-0.0024830994691701007,-0.0008395025999116294,-0.016243330518191518,0.016925987511522994,0.0009215231234863101,0.0057999902307077755,-0.001947508479871351,0.01316099428392226
90,-0.011682764378830666,-2.7048593154634937e-07,-6.0411886230152755e-05,-0.00012099501484643943,0.0005399639655001028,-0.0010980303590761758,0.0001117787157797151,-0.01297771306394271,-0.009201977049331187,0.002984087532108362,-0.002050316911872308,0.001013765183170173,-0.014799002744120967,0.0006605673350701008,-0.010174231557051513,0.02296130298252684,-0.004150408722203699,0.03476065857592749
91,0.0016148794496879976,-4.625210831897626e-06,-0.0001324192942286448,-0.00183953602700274,0.002359832977791785,-0.0015019068979849537,-0.0020952078366089488,-0.015146045933063804,-0.012249772903647137,0.004952417928351273,-0.004776847022848352,-0.004793476365327674,-0.018202147747906516,-0.008921345178431189,0.008715811215729348,0.036624303352629915,-0.007011517351829492,-0.011357543561056631
92,-0.010261908935115712,-1.0258135524024252e-06,-7.290158085199359e-05,-0.0004190761850142499,0.0008556204909474601,-0.0011680827991807036,-0.0019229792003218938,-0.01658918198719436,-0.013270376380433765,0.004493386905156542,-0.0042126385860182195,-0.005186294581486195,0.027709619000529748,-0.001032346376772775,0.04305308297961372,0.04361828188884435,-0.007933659276734985,0.0134358174553715
93,-0.007195150725455878,-8.732221138456439e-07,-7.03784102213187e-05,-0.00035885776679853116,0.0007918514959075908,-0.001153930791078779,-0.0019156778069687817,-0.01064217239775161,-0.00964808988981339,-0.0010857862108221326,0.0030027376670479122,0.0007723718910655739,-0.02003671372802987,0.00847489072225949,0.023591593696443064,0.010129217958761792,-0.004305843022644971,0.014860227749222634
94,0.0074201304248601345,-7.781459098218004e-07,-6.880628082835969e-05,-0.00032133706006412093,0.00075211850669044,-0.0011451130014152717,-0.001911128477264151,-0.015177557257559895,-0.011654420875521605,0.004602440328064644,-0.005421247521766008,0.001140506736370329,-0.02515184750612905,-0.004118775326895312,0.02517468226232872,0.02340322292787222,-0.005081693841252799,0.022700771169979636
95,-0.01228854983228062,-8.286184625751996e-07,-6.964086803696757e-05,-0.0003412554599354748,0.0007732113281267057,-0.0011497940502489853,-0.0019135435535271035,-0.010487163693471526,-0.009449425250778508,0.005993962004372074,-0.0071304204006236395,-0.00013436418111361585,0.02027091245312094,-0.0038836000324944187,-0.008746624903886753,0.020990392950830872,-0.002826474210209823,-0.006164642981581655
96,0.00658048377194338,-4.0312310506108993e-07,-6.260510377835478e-05,-0.00017333871683394866,0.0005953939381116814,-0.0011103317199647716,-0.0018931838989847721,-0.015527187128842523,-0.012598104656311419,0.004516204236718852,-0.0067485534383020735,0.0012229189704861696,0.018324557549338046,-0.011811388240735493,0.01758231873206076,0.027540863805369332,-0.005214168565289016,-0.048372452672520355
97,0.007104751157537329,-2.3134505377623584e-06,-9.419325917391972e-05,-0.0009272269910345902,0.0013937327029377503,-0.0012875039752407924,0.0016716652411077864,-0.014620568148661606,-0.010256172716024624,0.008312605549895177,-0.00886886974659262,-0.003168605323982569,-0.019839548571492227,0.00023539362998285327,-0.010133846644656429,0.023181469087034275,-0.005162661904946709,-0.01795509590571649
98,-0.0027253089787526766,-1.912604566476653e-06,-8.756508401718517e-05,-0.0007690378385679112,0.001226216458275321,-0.0012503277385730435,-0.0017344909226831005,-0.014049088721079033,-0.01159654388590509,0.004129987345127378,-0.00773217908874873,0.00023810284764710828,0.026441623838155126,-0.01499084208508773,0.00845129003954184,0.00034294046249686906,-0.0023082582843595607,0.01394055805130106
99,-0.009608374353217678,-3.3874595091427947e-06,-0.00011195249861290091,-0.0013510720115529234,0.001842568321872222,0.007985272748743104,0.011594146478858149,-0.011595622646591574,0.03652180758118528,0.0045511013320494445,-0.0032945667641034447,0.001667521891211365,-0.021067552687965344,0.025991211193029433,-0.019840360338804767,0.02012825212332476,-0.0041214552740822885,0.02942405960615223
100,0.013246089120660855,6.3742843274532724e-06,4.9462490233314624e-05,0.0025012854891473145,-0.002236930503120713,0.004575509688985491,0.012056493171802888,-0.011322216706696475,-0.009803747967247829,0.0004547192186274422,0.003140846218420896,-0.0005196262633373006,-0.020503585938321824,0.00022830933716386603,-0.022457302662003523,0.019113688608082727,-0.004046277900012647,0.02153322174879019
101,0.010180359282483543,1.706746978060588e-06,-2.7717417558061087e-05,0.0006592967196487879,-0.020177846726857147,0.002872152221517661,0.0009034182489497934,-0.011631232685845615,-0.010804880811668085,0.005660090755776487,0.0022030446034528198,-0.0028410721050209533,-0.012244039923176598,0.0037037937125915877,-0.03020110961375276,0.02187158661430399,-0.005109834561005889,0.03096163238236477
102,-0.008432630415763928,-2.7283818726071497e-06,-0.00010105434238887037,-0.0010909747667211815,-0.03643943099275515,0.025161238397246932,-0.0014179755208257067,-0.014852712764200245,0.025149032612288104,-0.08777386205094617,0.04522322191119554,0.0016159386835496198,-0.01841493731307544,0.020766719442946176,-0.012472133072329342,0.019923434136679647,-0.004802420055688714,0.022763639215736004
103,0.0009151479496146198,3.2878290375681824e-06,-1.5734880232985714e-06,0.001283252176083974,-0.0009470799457565666,-0.0007680164162993668,0.0010813195062265744,-0.01734824166133037,0.046553783454215916,0.0026854489278369345,0.0011019948620922756,-0.0030021688805114575,-0.04537857450365044,0.021710556291141762,-0.013259638864032662,0.0076396473924089945,-0.0017281734114708907,0.024527536956671453
104,0.005557007028781988,-2.6468041419941006e-06,-9.970541655170185e-05,-0.001058781073905854,0.0015330434305633129,-0.001318420669863459,0.009978797446328557,-0.015911364287620623,-0.01264859992266816,0.010285969181041538,-0.01054526571118433,0.0013866352057407439,-0.017346711375343674,0.005305540705370409,-0.01385935481309913,0.024321463772392263,-0.006014198052854369,0.01966334644500826
105,-0.013531901150502628,-2.410287412231086e-06,-9.579450207415571e-05,-0.0009654425256714888,0.0014342014882515138,-0.0012964850573054753,0.0012059486743077664,-0.01640356912372473,0.004127703453882652,0.007105971369041186,-0.008379761812352402,0.0023418312835552946,-0.010540049358043263,-0.0049158163370056,-0.01564234869534016,0.03562455870980667,-0.007044839214930637,0.02759549758958161
106,-0.00818608253581747,-2.478953559581638e-06,-9.692992885795941e-05,-0.0009925408138685623,0.0014628975360194555,-0.0013028534609513416,0.015366860671257377,-0.01795203061751955,-0.002705846617733965,0.015297057850917372,-0.015268005367696394,0.0036453147615391,-0.011728248433479537,0.014335226786834044,-0.005069578630318153,0.037364188482681214,-0.008641850458680145,0.019853746812156074
107,-0.021264221179282398,-1.7465146545090788e-06,-8.481870983071978e-05,-0.0007034924064331093,0.0011568063598280777,-0.0012349238220621024,0.0014722529557214534,-0.017461321843976856,-0.010045419167883152,0.005759413257871255,-0.007092233704391497,-0.00209502981452241,-0.00841345574040662,0.0013295103946993072,-0.014794265535044333,0.019371960384524115,-0.0039050663460169837,0.014716529358922347
108,-0.008843586451447788,-3.4338238308581243e-06,-0.00011271915430452905,-0.0013693691463184682,0.0018619442857497205,-0.0013914123731891554,0.00011194720947247942,-0.01673235775898283,-0.011032216491769928,0.009690369717466502,-0.01101909896693167,-0.00016962613947613597,-0.004474616726405593,0.012161045707091268,-0.00790661872606994,0.02214308952683353,-0.0045116664819221,0.015187141587155714
109,-0.017197526795191223,-2.6855388917815917e-06,-0.00010034591371179625,-0.0010740672877606137,0.0015492309446888187,-0.0013220131026893318,0.003161430307963858,-0.016286082600990088,-0.009131583224622004,0.003636394775595615,-0.0061655698758244695,-0.00021284722558334522,-0.021182503694324083,0.0021840386989964828,-0.005469389263029131,0.02066967021205328,-0.004797035730248584,0.014872801358373869
110,-0.01407036881465312,-3.3358131760928075e-06,-0.00011109850239944171,-0.0013306903930799111,0.0018209849697048814,-0.0013823224295236886,0.0019500168215541085,-0.01703673199118074,-0.008714997277178909,0.013039148673229244,-0.012205750552345974,-0.0027976495220088152,-0.011563820133121733,-0.008942481920940307,-0.005107944297093536,0.01858973561899065,-0.005101402504184559,0.01723304741905542
111,0.0037647009740195215,1.9344603555991718e-06,-2.395207061690005e-05,0.0007491611283707077,-0.0003814980128260242,-0.0008935338420033617,0.0014171555181875875,-0.01625707332963279,-0.00791563153519257,0.008705533421357917,-0.012213069669123802,-0.005381444333909646,-0.024660980668296178,-0.013382243071385613,-0.0012612813914657022,0.02057969848665362,-0.003803576891022981,0.0003915960758669907
112,-0.006859357190192821,-5.28957047976793e-06,-0.00014340479097450643,-0.0021017177555419492,0.002637473371580759,-0.0015635225640287186,-0.002126996979977113,-0.013972388908002762,0.004214786392048721,-0.13048086020672808,0.060472442606570406,0.0015361459091978499,-0.023797732091417695,0.020143533946770775,-0.015145614272881212,0.02846545559521171,-0.006727773560239652,0.023085164364032768
113,-0.0027412069068529477,-2.376247783629956e-06,-9.523164093346666e-05,-0.0009520091862233665,0.0014199760970503119,0.0011370615974212843,0.00930063841523511,-0.015315164858832692,0.0025031894292490125,0.008027053356372722,-0.0115117073483265,0.0035879888920868895,-0.0229843328182676,0.031470272940804914,-0.019886802988059057,0.0201097285328013,-0.004668421465961887,0.014400392900261898
114,0.0012631789768123665,-3.954935331332512e-07,-6.247894524682104e-05,-0.0001703277959231627,-0.02786936859012765,0.0031320592933895505,0.0023447413791361812,-0.015584924146234339,-0.00014267694264688189,-0.0032638347280421693,-0.009347476339368978,0.00040836773231186396,-0.01910947947770898,0.005219716239907565,-0.014455032270925976,0.025446639585331474,-0.00645327455383945,0.014299804027051725
115,0.003340624514189444,-1.105043722422295e-06,-7.421168867945946e-05,-0.00045034344062625875,0.000888731315295086,0.004918097146652857,0.013157627536298523,-0.015718798686251242,-0.008798014918477277,0.005633246836291415,-0.004128627854307477,-0.0034239019025272413,-0.008207920364959358,-0.0036369272792561467,-0.014913401026609655,0.01461457309265641,-0.003704627212179974,0.0012717487164559595
116,0.0009306095599018741,-2.8445861219696242e-06,-0.00010297583386915359,-0.00113683340828546,0.0016156978587496065,0.00854057577434248,0.010377930922204624,-0.01678548369059719,0.009151233585902521,0.0048413512114817885,-0.00560804411083498,0.004651892550110473,-0.017472450663852584,0.02557904471410164,-0.014830611956199792,0.020401872017628414,-0.005205533326375611,-0.0032798977963042907
117,0.010665457169544906,-1.9208210285527876e-06,-8.770094705114458e-05,-0.000772280368779527,0.0012296501733928525,-0.0012510897697785316,-0.0007051629535871078,-0.017601435045962267,-0.011371775761719691,0.009337036627244241,-0.010426568730396038,-6.555298808045175e-05,-0.007323095223780528,0.005673343252218625,-0.018027077772267364,0.021285182662875643,-0.006862991242518949,-0.00264043995946817
118,0.0064702948616034775,-2.0751731375544562e-06,-9.025323118909652e-05,-0.0008331936148977356,0.0012941549645293364,0.004997348392023635,-0.00054441997069014,-0.016681644430967257,0.01635162320908112,0.008133422387332319,-0.010977730046013514,0.002860585065294251,-0.02365469435049557,0.016918787082756154,-0.00954220767806909,0.0367185090415778,-0.007886317849280325,0.023607867258749877
119,-0.014317391624608374,-6.147016986427393e-06,-0.00015660291427342142,-0.0024400989440541265,-0.02680369057686521,0.0034215222898743057,0.0024405581257547094,-0.017944999326199397,0.030077777138392582,0.010492331812083028,-0.01544398239283291,0.003340046950572109,-0.013038280695266906,0.019598972487291373,-0.008173159147877146,0.041744223773313854,-0.007024419414676588,0.018810137252600563
120,-0.009052432096303542,-3.847581385406325e-06,-0.00011956082851462838,-0.0015326537034034,0.0020348563684539846,-0.001429786087465529,8.434232614129154e-05,-0.018070500831796094,0.010752746588784685,0.013822655573199786,-0.02188671449213508,0.0017108437257710419,-0.01546862025689032,0.015376733967173404,-0.006862668740658014,0.033238720250385226,-0.006982462312662049,0.0016812891288116617
121,0.017470027811088133,-5.621703352491222e-07,-6.52350239357121e-05,-0.00023610483735879466,0.0006618608521724699,-0.001125082466871009,0.0020347691490144593,-0.016298628849218552,-0.012431534466232094,0.0006513509288555965,0.0001034127556213679,0.0011595481938860915,-0.020478847291322287,0.008389298528692343,-0.012163188492507354,0.01146079949467674,-0.002495287400119283,-0.01457099881414578
122,-0.008058366262712967,-1.5945101061005894e-06,-8.230524370247051e-05,-0.0006435055975182192,0.0010932826301537453,-0.0012208262447605692,0.0005620219451275642,-0.012592529407790978,-0.009289166968993774,0.01074164471430064,-0.016712417152677735,-0.001622217327107201,-0.02113302640032501,-0.0009475671348405999,-0.006266991282831167,0.020260034238763047,-0.0045805452111372475,0.011443798519834339
123,0.0017211685282480975,9.097501566755436e-07,-4.089613185212472e-05,0.0003447712891220689,4.673531540325824e-05,-0.0009885700194878259,-0.0018303638338658837,-0.01360006824774239,-0.010530473273098096,0.0007040321208450518,0.0018189500838510324,0.0007927230784633769,0.010606285690348036,0.005889820659015296,0.003185097463228376,0.015516936573870644,-0.003600597981034977,0.026260898789668117
124,-0.005541683830346076,8.56930043328965e-07,-4.176953707043527e-05,0.00032392645204739684,6.880919830167483e-05,-0.0009934687915231074,-0.0018328912392573452,-0.014691784426197728,-0.012475289898308168,0.006027181354734847,-0.0016525388261206771,0.0017770354590401244,-0.010744096694573258,-0.0027138787657261278,0.013515558053880116,0.018574387501128324,-0.0050849447547260725,0.03105862879581743
125,-0.013815635149188724,-3.2090449040610177e-06,-0.0001090023298754964,-0.0012806627841006973,0.0017680076507486815,-0.0013705653766390128,-0.0020274452898356465,-0.01678931937809586,0.0002866398028819146,0.005597007544986569,-0.006622537340735951,0.0020040217224423095,-0.007692872894720942,0.0327154825736772,0.005806078277666527,0.0018777522487263023,-0.0012439904860440407,0.01315740182416475
126,0.014926314267487315,-1.490630549852319e-06,-8.058754677312646e-05,-0.0006025107512713647,0.001049870660453527,0.0017045026915080785,0.012714657618021659,-0.016568671182331764,-0.008081773799285822,0.006933163637356033,-0.008546192163430888,0.0004949106529787497,-0.02434030828162553,0.012493891333635935,-0.02002613093582203,0.028912667994992345,-0.00622164696886814,0.022470853745499217
127,-0.0009096206652631408,-2.213679212552153e-06,-9.254349376155531e-05,0.008540498008281485,-0.003922148829732053,0.035451163488156474,0.008695465235390656,-0.015531755897132214,-0.0005631142239646415,0.008399512739228097,-0.008500368127952287,0.00023145344978445982,-0.012978945143440952,0.02470268285160824,-0.01175530087731736,0.03071792420286424,-0.007174266207585655,0.02627706485857686
128,-0.015001091340969283,-4.783671171937362e-06,-0.00013503950988357646,-0.0019020705382267558,0.002426054626487035,0.02517800308376767,-7.755203032289798e-05,-0.017232193679781564,-0.0008594529693209285,-0.011364322981656239,-0.011280359613653352,0.0016324614297537684,-0.01562319029942124,0.01613417261906606,-0.00963307373095797,0.05249266948591159,-0.010255319451888144,0.02610103433045909
129,-0.00954818823648973,-4.1774136487482956e-06,-0.0001250147588778565,-0.0016628181304696864,-0.016281070599189994,0.0013808571523771355,0.003684996375946225,-0.01679872424970273,-0.0018649720550984428,0.013095185355154332,-0.01736063632121861,0.0016324614297537684,-0.01562319029942124,0.016604058664076438,-0.016147160100278245,0.05249266948591159,-0.010255319451888144,0.0188963562867807
130,-0.016947626089572728,-3.0969488857366113e-06,-0.00010714876991219289,-0.0012364254076422268,0.0017211619659309302,-0.0013601690937641373,0.01867840762656121,-0.015422994885617053,0.0035046432181588256,0.01088693742851359,-0.016599766398792883,0.0022801732306471038,-0.018962163624899723,0.030515983857302618,-0.0012289734615497487,0.04200302479519879,-0.009553833278981636,0.019665142674886966
131,-0.017978479049212626,-2.750096808094076e-06,-0.00010141340897862024,-0.0010995443108518797,0.0015762101348979944,-0.0013280004907324538,-0.0020054849452120563,-0.014014654702547818,0.01458396794210571,0.006543591255828921,-0.004676288722770326,0.00038569933050738116,-0.016431939450954888,0.00950722316271852,0.01052707453664694,0.023343947438197152,-0.005419077705151781,0.015893059929505616
132,0.04121491812370492,1.37203883136658e-05,0.00017093374709546095,0.005400339107632547,-0.005306917083559392,0.00019954549146915606,0.000658540748799276,-0.01724316683241699,-0.012127813997616031,0.004951075732377023,-0.0010110023294204271,0.0003079215252049002,-0.01667169972149924,0.011427182652612626,-0.016633798294638482,0.025194189508768932,-0.006522356465146683,0.01057083079876039
133,-0.0061901615016623545,1.139865088700951e-05,0.00013254273549949936,0.004484092713550292,-0.004336647297491211,-1.5782754881669498e-05,-0.0013284772876858328,-0.01532551389187314,-0.010657246346472535,0.006605667819638152,-0.0029976652008984156,-0.002006371176353779,-0.025377285402094725,0.00023585817377426291,-0.01155741480658168,0.017744001400233887,-0.004108756393327279,-0.008765583846016056
134,0.043718494289730736,1.2525479971736526e-05,0.0001511753801567911,0.004928782571143297,-0.004807556799324099,8.8724381871006e-05,-0.001274559306001315,-0.012868438921213648,0.031438046866625484,0.0006278624993061581,0.002189997482240162,-0.0008707346201755713,-0.010802130212346609,0.002939851447619201,0.0036979858506453606,0.021057607122158845,-0.0035110962694736947,0.010712732959181872
135,-0.010268532213775345,2.3658715658080992e-07,-5.202719613437142e-05,7.911542107041381e-05,0.00032805468967530194,-0.0010510021475374715,-0.0018625742114659572,-0.010432287794369168,-0.008823155570159127,-0.04083391334136196,0.03382003797133615,-0.01094497537589622,0.01887978207034263,0.005097425086819105,0.06211678087569333,0.0133909576272211,-0.0019443591574441095,0.016713936984095724
136,-0.010643751375136736,1.8850911563243792e-08,-5.562756653429607e-05,-6.8116295374018e-06,0.00041904814028988696,-0.0010711959744829104,-0.0018729927381352057,-0.009720200024854533,-0.008812457420507276,0.002130450892483068,0.002788255723210625,-0.013344904262049609,0.01930610522013911,0.0008269901483424388,-0.012912328617435402,0.01478393163458517,-0.003301920305677238,2.6961410480108988e-05
137,-0.007891198622046193,-1.2752418654279372e-06,-7.702599438290455e-05,-0.0005175101378668685,0.0009598582713010942,-0.0011912158893473115,-0.0019349141702260184,-0.0093505347236018,-0.009049956342778376,0.0027445055507040917,0.0014946813883462984,-0.01160155304060642,0.0193501883730631,-0.0026453585564932707,0.02075455360069139,0.01568259039769472,-0.005127409811970815,0.02445568776152136
138,0.010749616311596273,4.3906425774269405e-07,-4.867914279751433e-05,0.0001590206298566566,0.00024343813856470545,-0.001032223521402225,-0.001852885824132021,-0.012769185914344398,-0.010113352418172409,0.002583106484800097,0.01961395052803639,-0.00750139327066459,0.021593035031111082,0.0007190998527876571,-0.001489456146497749,0.010299105746134093,-0.0021627799064302057,-0.03050535406856397
139,-0.0027284468632012347,3.113522663524469e-06,-4.455725243723445e-06,0.0012144642137375545,-0.0008742361321917903,-0.0007841823640157964,-0.0017249148644776738,-0.010538683587735912,-0.010220547877683958,-3.8873350904321136e-05,0.003906171255407047,-0.009280913186542485,0.022745335167668336,-0.010038921404613797,-0.012680115371163848,0.019001488574054926,-0.003960230284016735,-0.11928401582593262
140,-0.013154940579108891,4.276738937445797e-06,1.4778598563960068e-05,0.0016735138479820016,-0.0013603520866880337,-0.0006763005176388154,-0.0016692557813012601,-0.012488181324715356,-0.010719937503432383,-0.0007619814320334523,0.007214730261454881,-0.008682064385094362,0.023686705787703242,-0.008801609016195474,-0.022952017838842775,0.011069687111909976,-0.0023759179210222255,-0.10701396952417064
141,-0.005475007003497537,3.877066746456683e-06,8.16983241207689e-06,0.0015157879141169824,-0.0011933263727566808,-0.0007133678927057801,-0.0016883798154299873,-0.009557111214392898,-0.008868622706179495,-0.003723201300230469,0.005180970464623905,-0.010793852697199688,0.01983324300658031,-0.011352186702927536,0.006575410858792117,0.007277643509036253,-0.002287127346783221,-0.11385580913234096
142,-0.0073381394090880235,1.4643613468146186e-06,-3.172537705986398e-05,0.000563642078406125,-0.000185040455030115,-0.0009371329131173686,-0.0018038260772555352,-0.00998389980276581,-0.009020322468242747,-0.0029527808110088975,0.00815094076407994,-0.012354546974325004,0.019425334338384982,-0.009884576729918108,-0.0028928318522254584,0.016742139775636523,-0.0025182469765243276,-0.13577699857264297
143,-0.012433436948874903,8.721891871846424e-07,-4.151722000736779e-05,0.0003299482938689684,6.243229879768831e-05,-0.0009920535907129151,-0.001832161099922034,-0.008196594860459181,-0.008398439028980624,-0.003918155265490804,0.006819816177920657,-0.007022938869911371,0.018504982268056445,-0.012881348728298672,0.0014243152828045808,0.005511551463985339,-0.0033849201902919615,-0.12380692266063274
144,-0.00442872718454663,9.666785010601898e-07,-3.995479511683445e-05,0.00036723739130254887,2.2944574946075903e-05,-0.0009832902318498002,-0.0018276398524995306,-0.006560966437018911,-0.007487063660139403,-0.0069558803042202725,0.008687463846141759,-0.004010056398964859,0.017289068467786113,-0.006756338838568736,-0.010975872068093055,0.016773365256804656,-0.004112413670984723,-0.13390891949873984
145,-0.005956741768301262,3.96510026870098e-06,9.625507775927783e-06,0.001550529309241435,-0.0012301161775873746,-0.0007052032726469773,-0.0016841674731108848,-0.010828572569212144,-0.009236425091210147,8.49442277205767e-05,0.00733629124446058,-0.002358688514621624,0.009032126520746097,0.013731087586106415,-0.012857808985702098,-0.002467882088077095,-0.0007847989579430331,-0.008352450973902843
146,0.00946786259046565,3.2796125754920477e-06,-1.7093510572579917e-06,0.0012800096458723581,-0.0009436462306390351,-0.0007687784475048549,-0.0017169675786356327,-0.01043749613953979,-0.008775013896725794,0.003970601573184762,0.004488518372947447,5.202045594544148e-05,-0.023947652012332156,0.02594661498905415,0.029578656959008017,0.001953963592594233,-0.0004167345981399499,-0.0589773938766783
147,-0.005568053385957944,1.147440666735146e-06,-3.696580836972728e-05,0.0004385730559580925,-5.259715763961544e-05,-0.0009665255453290586,-0.0018189905096043057,-0.011870822391851218,-0.008679693383327799,0.004200452633775693,-0.0013791857255921508,0.000723911885430224,-0.018485991171374852,0.02680648554695253,-0.022972210295040315,0.013661402048863616,-0.003207542223906039,-0.06030480775707677
148,0.02076757240235281,6.069101450339707e-06,4.4416148971964785e-05,0.002380848652715876,-0.002109392513040972,-0.0005100688532415904,-0.0015834924916843243,-0.011219027413270818,-0.009694733822295461,0.007695195401738517,0.005276437205204289,0.0031138666747896394,-0.022622739361372154,0.03144646507149519,-0.033997291378886685,0.0075427954762434584,-0.0022448654716305653,-0.0526977742205577
149,-0.004344241125903808,2.3013136494955878e-07,-5.213394566105387e-05,7.656771876128621e-05,0.0003307526086962206,-0.0010516008863417838,-0.0018628831165693586,-0.011388130374957495,-0.010296718703205142,-0.0018337249174749522,0.010995531410907056,-0.004987114890964166,0.02003803436256894,0.003949421242299185,0.045346946003652154,0.023947816489261937,-0.006066009486334793,0.025741788354708518
150,0.0015040753183611086,4.444589519858256e-06,1.7554086257702436e-05,0.0017397541080192915,-0.0014304979812318898,-0.0006607333087266983,-0.0016612242486128376,-0.014199607717286086,-0.01168876193590405,0.008597822194424065,-0.008914375559602594,-0.0007568888688908546,-0.018975927984884428,0.006385605020396737,-0.0008332013200782783,0.0288168745697139,-0.006284328644274847,0.04580567610037992
151,-0.0015684129411613003,1.7625015421486422e-06,-2.6795489827622192e-05,0.000681299603227608,-0.0003096352607234007,-0.0009094820665182232,-0.0017895602779348402,-0.01240278286062142,-0.010635422121182759,0.0021911852603180436,0.002035023140031336,-0.00026553866622219656,0.016464322897891872,0.0024761206078449984,0.012956227017208732,0.030111408924581865,-0.006712839676471764,0.01633852493943641
152,0.005594297400450384,2.6727681621546864e-06,-1.1743806565403658e-05,0.0010405256288144584,-0.0006900418426727817,-0.0008250598951102022,0.00240107443708365,-0.014588660762887824,-0.011918237245936261,-0.0008039250562288776,0.004357092493415106,0.003931037372728015,-0.011134706910355376,0.007326654605843865,-0.01991911091797512,0.041844780407584076,-0.008716519877519585,-0.03910929518779103
153,-0.015571224866927582,4.901237006443892e-07,-4.783485108648077e-05,0.00017917063902884057,0.0002221000517629017,-0.0010274880417681194,-0.001850442665586941,-0.011053335443816396,-0.009227866571488665,-0.0018021833120799935,0.005399271078084394,0.0005923344065117744,0.014958799523348783,-0.0065884062579743274,-0.01817044421126985,0.01443410039641361,-0.004865609686325624,-0.030462244551473856
154,0.014373288518432233,7.77812556217568e-06,7.267566003552392e-05,0.0030552949367319334,-0.002823605257487519,-0.0003515663625000324,-0.001501716886129473,-0.01111254926551172,-0.010052372965156854,-0.005262028984712224,0.009588669877220657,-0.0010689068261729615,-0.018514263910802898,0.0030938477144713404,-0.003908512398960714,0.025621290581695537,-0.0075946499560993605,0.028064313587936172
155,0.0044671160217037605,2.441533443726327e-06,-1.556738052111879e-05,0.0009492715642875592,-0.000593407288650823,-0.0008465056304646578,-0.0017570690775134926,-0.013156445407979724,-0.008983306870447343,-0.048723341278024655,0.03948471613490808,0.0015832961849511701,-0.008362490407490287,0.004826944464271111,-0.009053550238089044,0.03138741968892642,-0.006451242732918648,-0.023897024344631583
156,0.013134130484678359,4.307257225157152e-06,1.5283232690095022e-05,0.0016855575316251446,-0.0013731058856960069,-0.0006734701160184307,-0.001667795502630638,-0.012813230056968048,-0.01035224209989825,0.0028230240151979314,-0.0019946279798670847,0.0012262436694174994,-0.022042032173909404,0.0021472236035273043,-0.002226480797707273,0.011645506154467761,-0.0035404560817792656,0.03260518272142379
157,-0.005045138714291552,4.621830344643445e-06,2.0484845990255655e-05,0.0018097001168698589,-0.0015045681216243555,-0.0006442952070083085,-0.0016527433994103764,-0.010462177624229336,-0.009861517975367825,0.001490558961757664,0.00503331523919289,-0.01033020831895873,0.021989597402562268,-0.007909452664794163,0.12713245134047127,0.025840927440759366,-0.006222154924098344,-0.12750535998098525
158,0.026503645767459165,4.989810467624612e-06,2.6569569011152516e-05,0.0019549191484900755,-0.0016583495058166585,-0.0006101670951625125,-0.0016351358085165265,-0.012120230261814245,-0.01042723612895773,0.0008825441854207782,0.010121692512127864,-0.01130837504393515,0.023384633887498403,-0.011072066796707797,0.0092589882874427,0.010689688883457314,-0.001999218322305732,-0.04500272541997969
159,-0.009430229265273808,1.8118003146054494e-06,0.005570596532759206,0.08262930242278858,-0.07888897939860359,0.005857518330618706,0.007805088398260805,-0.012191717675349812,-0.009815622913361383,0.002314331740955814,0.0048939337979455174,0.0007632037818913224,0.009765729706957847,-0.0023730197587796455,-0.007022189144618533,0.010316041600326986,-0.0013090087555096672,0.022734899537675927
160,-0.005129001829508166,-2.7324901036452175e-06,-0.00010112227390585008,-0.0010925960318269893,0.001568852173931856,-0.0013263675667206935,-0.002004642476748236,0.023345819559038705,0.005491075645514597,0.0012761431548706506,-0.003646202591907883,-0.013195292810140041,0.012588725537874617,-0.013428116770787273,0.0041159696939340705,-0.12134911059497312,0.023631593047321476,0.007468741798153939
161,0.005127783563246501,5.302036026517721e-06,3.173236430161042e-05,0.00207813529653147,-0.0017888306802828543,-0.000581209909353959,-0.0016201960344247746,0.023053274711758578,0.004691816885024777,0.004101801229668052,-0.003959015278542977,0.0034694079635363465,-0.010250439783770526,-0.013076224848794825,0.014416141600289556,-0.10667260520051512,0.020111158528895785,0.01233652476957464
162,-0.017758608335371583,-4.789540073420318e-06,-0.00013513655490783323,-0.0019043866312350537,0.0024285072801424157,-0.001517147522094719,-0.0012447920869463212,0.020700501198918725,0.012007104635464262,0.005997988592294835,-0.005093796601575259,-0.013183807486559103,-0.0023443030114757815,-0.012451413449349484,-0.005364388490802029,-0.16359877435176454,0.03255321711951223,0.036335952179593935
163,-0.010260804626314715,-4.62345016145274e-06,-0.0001323901807213678,-0.0018388411991002505,0.0023590971816951716,-0.0015017436055837774,-0.002095123589762567,0.022593197971199762,0.029308901122914014,0.008223685066600876,-0.012263348819162809,-0.013914536012283065,-0.023770203371448275,-0.017048306537238947,-0.009645189204676495,-0.14517891593523727,0.027803530944001984,0.021962520689812148
164,-0.008733759208675619,-1.1021092716808157e-06,-7.416316616733105e-05,-0.0004491853941221089,0.000887504988467395,-0.0011751588032316658,-0.0019266298969984497,0.02513081807156315,0.011840106519398864,0.004467549632652158,-0.006654359587596079,0.0033845777665613593,-0.013338306541960498,-0.014943690890259697,-0.011585684245258238,-0.08755467204397525,0.014886026257918133,0.029856951006931698
165,-0.009626543965506468,9.338596039675092e-08,-5.4395094726235594e-05,2.2602751667969134e-05,0.0003878994388665652,-0.001064283262833124,-0.0018694262883050315,0.02715405010329972,0.0068873981380742424,0.0002476854895988261,0.002663512515518928,-0.007677501565572284,0.05245440416059765,-0.009189270810126422,0.003782794166675033,-0.01842251522865371,0.008588194131803638,0.02314084749027412
166,-0.013713169965089913,2.113508802041103e-07,-5.244448973867537e-05,6.915622113473686e-05,0.0003386011003934348,-0.0010533426719543282,-0.0018637817495974335,0.02902840718589876,0.008335927600934927,-0.0043976547772929045,0.0025381328628900092,0.013781717312430254,-0.008860797439909474,-0.010444932678305418,-0.028113209642929137,-0.0371779152563773,0.009444403467829139,0.01670854829445951
167,-0.004246384950915015,6.785154382471843e-07,-4.4719705807839844e-05,0.00025351722459516986,0.00014336986942521692,-0.0010100157548422815,-0.0018414282530240605,0.02468336841323637,0.005687493673122587,0.0012989604864329612,-0.00044329344543568463,-0.004629760130073099,0.009517413212639209,-0.009506205811815327,-0.007062574057013503,-0.07034043474780344,0.014042718984739714,-0.034334916170065476
168,-0.00971339051638827,-2.687252611014618e-07,-6.038277272287571e-05,-0.00012030018694394948,0.000539228169403488,-0.0010978670666749995,-0.0018867530563776082,0.02978368768031917,0.008761179049596021,0.0026602827533196774,0.0019675599766878432,-0.011579589877969188,-0.002859164476849544,-0.007777406092086099,-0.00735536467187757,-0.10679539014341348,0.016223472379035327,0.0216463842311516
169,-0.012402348982931457,-2.574029763605481e-06,-9.850205825091843e-05,-0.001030061520602973,0.0015026305252366062,-0.0013116712506148485,-0.001997060260573851,0.026556601675127443,0.007358758611734819,0.004280984392230906,-0.002642210703470757,-0.013146429810694827,-0.027692301947630078,-0.006860512783792247,-0.008443738060923973,-0.11427839146944718,0.021392729574690957,0.03347096552298282
170,-0.0040417621932109064,5.640718593295963e-07,-4.661208378084605e-05,0.0002083534109333802,0.00019119661570512,-0.0010206297609187253,0.0007984466783577486,0.02618882951130633,0.0072652567837776325,0.0012033290232673895,-0.0012229384935089006,0.0056785192807222344,-0.002782716477475045,-0.012396481146015357,-0.014897247061651622,-0.0665790873806543,0.013241673586713954,0.021051832141284296
171,-0.0013871196721833047,1.9649786433105265e-06,-2.3447436490765096e-05,0.0007612048120138506,-0.0003942518118339972,-0.000890703440382977,-0.001779871890600903,0.03502002092783318,0.0093804949329417,-0.003155452403121189,0.007824126288826394,-0.0068570061687025785,-0.003480048715078456,-0.009375669006429362,-0.014828592710580096,-0.095733101882804,0.016429499020404543,0.015594885769632612
172,-0.010334347988656683,-2.768290402691231e-06,-0.00010171424855381611,-0.0011067241991775999,0.0015838133612296708,-0.0013296878455446065,0.00027131416054520705,0.024332554412490753,0.03242527211649834,0.003484391081511396,-0.0024703705704260358,-0.0028780467870753723,-0.010152043210366364,-0.008444723248445377,-0.008025754217635262,-0.09312762656431865,0.019695244786407835,0.022275064688715193
173,-0.010349615250891526,2.1833017784763885e-06,-1.983736158841478e-05,0.0008473634719224965,-0.00048549052781412025,-0.0008704551826371458,-0.0017694252816495282,0.023621839807444332,0.005125947797896909,-0.002123639247913732,0.006111771185282727,0.006892135139107847,0.014342193397007017,-0.008304663295335506,-0.010216635715066293,-0.015485203017076706,0.005415607355019059,0.03816092173640695
174,-0.010290510275647093,-5.459768622773572e-06,-0.00014621909667795154,-0.002168884452782559,0.0027086003275867683,-0.001579307496142404,0.006429533972816678,0.025908345148038848,0.0091210648038843,-0.0010112943342510572,-0.0017241388815559644,0.011234091194964132,-0.0034657263404997796,-0.007348516036667587,0.020007432721383042,-0.00347186069444854,0.0029697013305589213,-0.021285306100924654
175,-0.006279484381370656,2.470877951141094e-06,-1.5082155399835136e-05,0.000960852029329044,-0.0006056705569277216,-0.0008437840904450567,-0.001755664963407125,0.024940440056252833,0.01938123220898893,0.0037102155541795627,0.0005794735686489293,0.008888566473141499,-0.006647711560206779,-0.007744307346948197,-0.005659198351285794,-0.05154639980270234,0.009764618444947361,0.037672347209386135
176,-0.0027288394205255977,-2.696689804599204e-06,-0.00010053029925788405,-0.0010784678644763781,0.0015538909866340404,-0.0013230472878967804,0.002492678841383076,0.024406834780218715,0.005428170525561711,0.0023556042671641114,-0.001143382876358564,0.0076002960114798,-0.0092731702248566,-0.007270704951606543,-0.007755175304588548,-0.007594682699526904,0.00289970509983733,-0.011420411606813001
177,-0.0077265317645966265,1.950893279751441e-06,-2.3680344548981208e-05,0.0007556461887939389,-0.0003883654430610871,-0.000892009779592385,-0.0017805458653719593,-0.014005108434784223,-0.011910855522676485,-9.725887578435084e-05,0.001995563553924769,0.0025230777495386675,-0.01480811698248922,0.001775936978243523,0.007005510175799351,0.023022166208532535,-0.006128284797557338,-0.010281601863683537
178,-0.022191233073578405,7.759392028642071e-07,-4.310875840517817e-05,0.0002919643685328983,0.00010265581874591523,-0.0010009802419772068,-0.00183676659419092,-0.013881377675322212,-0.00878464223141246,-0.0022377259057252906,0.0007303110187659429,0.003011506247085854,0.011082830153602221,-0.0043774100827623725,-0.01889535338876085,0.02702908346147839,-0.005939223860876815,0.020933280969286677
179,-0.02396566168166726,-1.5610573676477591e-06,-8.175208706420722e-05,-0.000630303867370928,0.0010793025043180826,-0.0012177236891382248,-0.0019485902416220397,-0.014339900831944025,0.0312803561407572,0.005585934428198976,-0.00415185809451537,-0.013562823164730004,-0.049621345466502875,-0.022356300033828,-0.0069454578110678756,-0.046929791798812945,0.009547924743743944,-0.04677919677006647
180,0.02244393761666851,3.502630831844269e-06,1.9783598644976527e-06,0.0013680211801876398,-0.0010368470695434606,-0.000748094743355888,-0.0017062963114272385,-0.012130642897785406,-0.010600332190324685,0.002651894028480593,0.00011964210152004224,0.0002970406923387501,-0.017657711509052106,0.004853888004172844,0.012362568805001584,0.02340904462775101,-0.00462768345649983,0.02406590587783191
181,-0.019007122104177297,-3.1814610670911364e-06,-0.00010854621826148975,-0.001232256440227292,0.0017564801785683968,-0.0013680071290205875,0.004225411813205004,-0.01566342257923963,-0.0011815742553381735,0.0037756476079244257,-0.004518450378344077,0.0018189468152652929,-0.007726539775224066,0.0160625167392412,0.06498209041012144,0.028957124612248634,-0.005260798855421395,-0.08363963011195742
182,-0.004855891332970655,-4.187390781269317e-06,-0.00012517973541909292,-0.0016667554885837908,0.0021768650151004648,-0.0014613015208925076,-0.002074258454141944,0.021126087666561395,0.00390304231119377,0.00975613732020493,-0.01154830293221566,0.0001261713169592133,0.05326352532186061,-0.012926757883908922,0.036411784136249105,-0.04314621612303565,0.007560702292154617,0.008397392645469239
183,-0.00018387870299917182,-3.1098604689991095e-06,-0.0001073622689655577,-0.00124152081226048,0.0017265578039727663,-0.0013613665713727613,-0.0020226993841561238,0.020070723730483804,0.0031882989329535764,0.006166434187063658,0.011669844821873247,0.009661508600448026,0.009805906757724008,-0.015583716098873674,0.021550136374873727,-0.025485824917970242,0.008083185041938572,0.022041554804477264
184,0.01932568103434455,1.2354741889794465e-06,-3.5510133005876316e-05,0.0004733144510825472,-8.938696247031088e-05,-0.0009583609252702558,-0.0018147781672852028,0.02565322188324642,0.006057435688083612,0.0063664213872274495,-0.0057127393030048015,-0.008011684182396544,0.03605640129719965,-0.012576956408977812,-0.01658937489100389,-0.015293616166519806,0.004976734036126064,-0.00030534111708918496
185,-0.0011713701667115334,-1.1367357904302416e-06,0.005519191783410417,0.0009448709875717955,-0.00378406442893418,0.02028842985375225,0.004619237737759002,0.024318595469685754,0.005252292945285272,0.00587719095461201,-0.006269310400588496,-0.005409452403694737,0.006954080172785221,-0.01200510300175312,0.010411977536321126,-0.01919203810354254,0.012952850242822106,0.015465557218362362
186,0.02017616226941383,2.214406956336039e-06,-1.9323022959854142e-05,0.0008596387648664693,-0.0004984895921876317,-0.0008675703502163687,-0.0017679369206967783,0.023847356288088158,0.005063791548419649,0.012634141037998219,-0.003496638031665276,0.014593346845483099,0.026334299031247375,-0.01258613114885815,0.024534581400867287,0.022841164266846136,-0.0005606891103786944,0.00020478816847658814
187,0.011750392944823718,-3.3945021909223392e-06,-0.00011206895264200899,-0.0013538513231628796,0.001845511506258678,-0.0013877655095628904,-0.00203631929098789,0.017744596044639745,0.02438218924524339,-0.026376784953682814,0.036713634878327864,0.007078519776166905,-0.007919612824739223,0.008284427767781726,0.09506885014442772,0.07769216203402467,-0.015739102526083754,-0.03177528859284239
188,-0.01058713045115795,-2.176118243061255e-06,-9.19224056063123e-05,-0.0008730304146404433,0.0013363406074018678,-0.00127476716794906,-0.0019780204732915054,0.024352114974364635,0.005313700324286899,0.006983160437396979,-0.005803114484087575,-0.003694612994298961,0.021349740668138224,-0.015095828981946191,0.006613776525567389,-0.07819761260241105,0.012773846819699548,0.017048035741543822
189,0.023702289772974117,3.357668965215322e-06,-4.186522346435666e-07,0.0013108136828827055,-0.0009762665242555829,-0.0007615391510527168,-0.0017132326351126952,0.021394392702093125,0.004918938602133582,0.00633789972277456,-0.004419164968140474,9.634977502975699e-05,0.003517640298225875,-0.011144651764115478,0.003469811095613426,-0.10997033355913427,0.029411209247585703,0.005791063091398523
190,-0.0024231209246017987,1.6627302169384396e-06,-2.8445255239986532e-05,0.0006419260220865614,-0.0002679401485819478,-0.0009187353025848662,-0.0017943342658964898,0.022012134012735923,0.004992327908745285,0.0003433169527643933,0.0018354976522182995,-0.018447208888654365,0.04218265751958054,-0.010519027413035184,-0.02368096550757328,0.06440227970160843,-0.009168092077167577,0.016131958503379756
191,-0.01044340556165846,-1.694868321459091e-06,-8.39647136172606e-05,-0.0006831107879600971,0.001135223007660738,-0.0012301339116276048,-0.0019549930019470757,0.027548409305750386,0.00627717568193264,0.0030267022542909148,-0.005188308674749845,-0.0011734837198309597,0.05359889209283926,-0.01415036623048068,0.11719978213691068,-0.020630527219049975,0.008049558405699314,-0.07146478399376936
192,-0.009137221904220302,-3.916834422905173e-06,-0.00012070595980085776,-0.0015599836009013038,0.002063797681587464,-0.0014362089219117872,-0.0020613125220812338,0.024290468530618226,0.004812171068608105,0.005623515915478077,-0.007630984343733518,-0.004147678785031165,0.05491896861731816,-0.015201744966387485,0.00047123135028153535,-0.06229643325163066,0.010738978167517437,0.023331247857421935
193,0.007007552676950985,-2.554075498563441e-06,-9.817210516844556e-05,-0.0010221868043747632,0.0014942915028083156,-0.00130982060340152,-0.001996105462981521,0.026261007941543284,0.007285155342130078,0.007282805688649098,-0.006453561209908654,-0.003839590017395169,0.04830072952791647,-0.013746213131954696,-0.016914473435784023,-0.08683595673166508,0.014799470686692011,0.008973982436548891
194,-0.001536780543256541,3.1481491822738948e-06,-3.883159600608716e-06,0.001228129162486507,-0.000888706788758531,-0.0007809709467926672,-0.0017232580098321601,0.025436308522525125,0.006200042022942791,-0.0005472300761528749,0.0027424316877320437,8.889438954739287e-05,0.049497112817397694,-0.00923584132521519,-0.016034082345572125,-0.0672051847403472,0.007275840999058327,-0.03998046667898627
195,-0.0048327549052237274,3.013164448165971e-06,-6.115195158513467e-06,0.001174859023295678,-0.0008322957546847993,-0.0007934900308828313,-0.0017297169347214511,0.03248177518748602,0.00893341925899083,-0.0021035063082999266,0.010396318502530798,0.002329842217712027,0.010081751972012049,-0.010843627387282343,-0.013921951427311452,-0.09066981072457747,0.015291171349525833,-0.05484247269578877
196,0.019713835281312122,3.845374678448737e-06,7.645789281090572e-06,0.0015032810118721794,-0.0011800820430176312,-0.0007163071559269491,-0.0016898962586648645,0.02288122067544618,0.004680904772379887,0.0011019932272112434,-0.0034161277471091434,0.012494756580650596,0.05626378378879661,-0.004916164744849154,-0.014085510322511366,0.05170038905695111,-0.012136379260365633,-0.05430899242179913
197,-0.011523615204166546,-1.6385268672227415e-06,-8.303308138439602e-05,-0.000660876295080447,0.0011116775325690938,-0.0012249085547899712,-0.0019522971028628502,0.023710815999740276,0.006824599999617875,0.005713107496759506,-0.0018081496132667063,0.005766774925081019,-0.021653468011638522,-0.00973766475588495,-0.01567263737963642,-0.07561859955610208,0.018123529713122297,0.02214932859720245
198,-0.012571590098514798,-1.243502846208111e-07,-5.799546512616017e-05,-6.332429893984494e-05,0.00047889288948114826,-0.0010844770897785628,-0.0018798448149742796,0.02325737524941831,0.0042112560026636115,0.0015056586664680136,0.0028133952982301457,0.012561049062372147,0.03363033984746338,-0.010524021258792834,0.0005883475962271615,0.029063502946397646,-0.006399329708392181,0.01411299611966132
199,-0.0053293206144493874,-1.3784875803160468e-07,-5.8218668681950655e-05,-6.865131285892838e-05,0.00048453399288852226,-0.0010857289981875792,0.0023357550488554276,0.03304908900320424,0.008951606113398977,-0.0008223802508748644,0.006910827803940634,-0.0051443832252610205,0.0422468291978876,-0.00904224270014542,-0.0014389750060039524,-0.07396523679052251,0.012740321774506333,0.01738033826911312
200,-0.0010331346443871686,1.5329570673472354e-08,-5.56857935488501e-05,-8.201285342379878e-06,0.0004205197324831143,-0.0010715225592852625,0.01177926488264166,0.023335556934760703,0.0125314209499015,0.0026133058942208057,-0.0037773102489716314,0.004542882724544038,0.005197636235818298,-0.010406840087409866,-0.02162941195790512,-0.049303986858476805,0.008809459430078853,0.024355098888311187
201,-0.014999571307526403,-3.7560265222722554e-06,-0.00011804692613622342,-0.0014965226524739686,0.0019965949714300627,0.0028662192642749315,0.006980536430437469,0.025186794985541754,0.031200120018368305,-0.00598681481080917,0.0024060705384204655,-0.012302863018210791,0.010110396721169401,-0.008070533224465283,0.00017036375293845194,-0.12585298931939118,0.020163376326560362,0.029808452800205366
202,-0.0024540055329804558,3.574865271296445e-07,-5.002806863468286e-05,0.00012682693704132953,0.00027753002437448226,-0.0010397894026567159,0.000520853319528865,0.026494336939943044,0.030997390082465725,0.0017079947095867466,0.0033187325783690215,-0.003106645025716994,0.01930926730283829,-0.007701917725982104,-0.01626629559184357,-0.09335255587781781,0.018425559892999353,0.03319793858141239
203,0.015250103271063945,1.1574177992561684e-06,-3.6800831828490806e-05,0.00044251041407219815,-5.676666885376176e-05,-0.0009656002217223942,0.0019289270276764664,0.025061638608198555,0.0064900688600044824,0.0008345606793412152,-0.001542752074453212,0.006385874165474472,-0.0020667837534058204,-0.008625430783303547,-0.013988586532763168,-0.0074401430300168984,0.0014441085921755646,0.00338591128374825
204,-0.012056004021618716,1.632258880438945e-07,-5.324025893758052e-05,5.016425846670243e-05,0.00035871286036754757,-0.001057805997586474,0.0009101299143782305,0.021937441112851792,0.007229524963940455,-0.0007012470641984765,0.0008572817837378784,-0.006591231751101615,0.0427077492525105,-0.006348237117815776,-0.0035793753629411846,-0.130042496250354,0.020389721177137585,0.01885324676969058
205,0.006920232483133542,1.4719909187424612e-06,-3.159921852833018e-05,0.0005666529993169125,-0.0001882289047821101,-0.0009364253127122722,0.0008377618733360422,0.023849960967469733,0.006623260823170032,0.004872892816876747,-0.002570928870504062,-0.002944238520344455,0.005361506521582123,-0.008359479462721793,-0.009968268503836817,-0.05700662504357442,0.014939564739181236,0.026408189639725913
206,0.01605633750384774,9.042873831752094e-06,9.358886276284875e-05,0.003554412980019915,-0.003352152120221828,-0.00023426798765523247,0.0022528842342976092,0.025612115891943846,0.004900109858746325,-0.003294034137462878,0.007008203879332627,0.0031500353692243423,0.04067062397477442,-0.009813153121988945,-0.018826699037689208,-0.03678045192828823,0.007001037219520009,0.01024391696082731
207,0.0026590214400626206,-4.5476943811107674e-07,-6.345909999181396e-05,-0.00019372033530696086,0.0006169772902790218,-0.0011151216303992694,-0.001895655139811979,-0.016553380632351924,-0.012903001921389186,0.008238113673324101,-0.006407100729492869,0.002313722465317737,0.023611931832110668,0.0035717471398835307,0.015888171657088793,0.04144467085227737,-0.00966771684159252,-0.1522592039400808
208,-0.007926759167341002,2.008408514284383e-06,-2.2729303311265266e-05,0.0007783439002752488,-0.0004124014488838075,-0.0008866755611539671,-0.001777793801723479,-0.009030689775353385,-0.008939444456874751,0.0016908817109150148,0.0035962225709893596,-0.009465685848362104,0.016957607798965286,0.007222829068463913,-0.011718954456161897,0.033892867618585086,-0.007252084948852323,0.030061721213109547
209,-0.007401619146121091,-2.7759199746190716e-06,-0.00010184040708534987,-0.0011097351200883864,0.001587001810981665,-0.0013303954459497028,0.00015008294860142457,-0.014237130152229657,-0.011910855522676485,0.003750145884413605,-0.004880905770080971,0.002243903787759934,-0.01421755153719959,0.00829429932334917,-0.009364514063530954,0.028124092284136547,-0.006458354106141453,-0.007089701369139444
210,0.035796237008397756,1.9344603555991718e-06,-2.395207061690005e-05,0.0007491611283707077,-0.0003814980128260242,-0.0008935338420033617,-0.0017813321692715252,-0.01936852464562626,0.11661714232065258,0.004309170507690232,0.001816404304102237,-0.009473947221464184,-0.08428949015608318,-0.01518211799120045,0.018915020841097245,-0.028693052305746227,0.004927767151934758,0.0051390316454111695
211,-0.013709903373321923,-1.7793805028136163e-06,-8.536216196655746e-05,-0.0007164625272795722,0.0011705412202982044,-0.0012379719468840551,-0.0019590368505734146,-0.015177059583631943,-0.01179028737610012,0.007789820217923397,-0.006122928065031905,0.001173652977231104,-0.02389482663076925,0.0018614130358628124,-0.014957824430244246,0.035393807696428733,-0.008001217322351617,0.03548813167682245
212,-0.007677589519297087,-2.1884429361754574e-06,-9.212620015725143e-05,-0.0008778942099578669,0.001341491180078165,-0.0012759102147572926,-0.0019786102012161796,-0.015582650151412835,-0.011780017152434343,0.006441248812792084,-0.003022168330980714,-0.001784422335574811,-0.021177295558113648,0.001838882661979464,-0.013433293987331403,0.012255196905411336,-0.0026682969515254805,0.009776897192351551
213,0.002611188651856844,-5.199142445718576e-07,-6.453629976106365e-05,-0.00021942896769905652,0.0006442017458537356,-0.0011211634492427833,-0.0018987722731281156,-0.013407158024915777,-0.011004508284171632,0.004928929498801835,-0.00036214671594234847,0.0005687592686351197,0.014942245090394206,0.012144205994652685,-0.00579852629904866,0.015591030935964435,-0.0027619638959744002,0.022352302573501497
214,-0.004393242576570297,-4.773694039416343e-06,-0.00013487453334234004,-0.0018981331801126513,0.00242188511527289,-0.0015156778904841343,-8.232601828454767e-05,-0.013506646438648096,-0.01079728512541527,-0.00013718920601839824,0.00206589071948565,0.0009576482951475249,0.0037283838098835604,0.0024468543489862167,0.002631824163416309,0.017939822214339013,-0.0031560355635637328,0.017021092293362548
215,-0.019968671320578394,-7.292626555899858e-06,-0.00017652625775332764,-0.0028922002992736815,0.003474564064161825,-0.001749294885766678,-0.0022228418088777683,-0.012117180868713962,0.02423444779855133,-0.00037039575654496256,-0.0022323401639122637,-0.0032372150201107936,-0.02240976379133857,0.021119656588469298,0.019670218702884497,0.006273135657221234,-0.00250717355250596,0.006597570306958694
216,-0.004674663704725603,-4.1733054177102295e-06,-0.0001249468273608768,-0.0016611968653638784,0.002170978646327554,-0.0014599951816830993,-0.002073584479370887,-0.013933663592134557,-0.011242328150932289,0.013239135873393032,-0.00914094995724674,0.0027538924541344965,0.011488134753692331,-0.011699317051058028,0.08960477149737858,0.025884325567128635,-0.004384068128095801,0.017558165027109697
217,-0.007458040573754699,-4.937436390790737e-06,-0.00013758208951910277,-0.0019627521750441353,0.002490314152257982,-0.0015308640837935076,-0.0021101476107007007,-0.016422498217457854,-0.01272188224778334,0.007438835970656077,-0.007594706982312968,0.001641629538928031,0.015979594220592717,-0.008920648362744067,-0.022897498207109467,0.029126483154177395,-0.005771801817002821,-0.05838643424656851
218,0.002030873089855742,-3.817649987843264e-06,-0.00011906589889091908,-0.0015208416290610866,0.0020223478348115487,-0.0014270101166455357,-0.002056566616401711,-0.013059650869770852,-0.01129827947361147,0.001724772159264915,0.001047260597492866,-0.002791705363313421,-9.922429505189517e-05,-0.013419987254437611,-0.00029810123084405367,0.02404731463264506,-0.0038022562074244673,-0.002992501015703718
219,0.01615137627561344,-3.2583436765178254e-06,-0.0001098175080792529,-0.0013001179653703916,0.0017886099414538704,-0.0013751375638719422,-0.0020298042015343444,-0.012272101643842822,-0.010075267005411817,0.002870336423290367,0.004823924854853229,0.0011020208275289464,0.009188556611923599,0.007080446396397003,0.0023753799697078166,0.018834247013900282,-0.0028366333148138263,-0.03215429309725931
220,0.006272793479885352,-4.774280929564638e-06,-0.0001348842378447657,-0.0018983647894134812,0.002422130380638428,-0.0015157323212845266,-0.0021023407362692967,-0.013580265437255922,-0.0043837444091303435,0.001306678113284918,-0.0022282032718204513,-0.0028416765957357403,-0.013782300153899514,0.0011116393565284068,0.0354243730281903,0.011221051308758813,-0.003146384414189933,0.016715733213974526
221,-0.006018501975546273,-3.685012814328522e-06,-0.000116872681342717,-0.0014684979270735761,0.001966917862199969,-0.0014147087557569399,-0.0020502200206409292,-0.015759453882279978,-0.0019794422563732513,0.01227107702696262,-0.016953311561408932,0.004052640754852487,-0.013967188989369715,0.015375224199851325,0.0038898141845218333,0.03705616763454823,-0.00855752989046691,-0.03224410459119695
222,0.007100654403558768,-2.8017431411440654e-06,-0.00010226740519207946,-0.0011199259293248926,0.0015977934870653357,-0.0013327904011669518,-0.0020079561860392634,-0.018401402807461074,-0.010454409429073431,0.008010275906694553,-0.00849527656845468,-0.0016518373721317115,-0.010387711373888244,0.0027260451676231314,-0.014560033043153078,0.020802510818378653,-0.00440601179404045,-0.14395343698072677
223,-0.01427087293813434,-4.2355157734295345e-06,-0.00012597550461799812,-0.001685747451251826,0.0021969767750745785,-0.0014657648465246534,-0.0020765612012763864,-0.01735950698201006,-0.01103499801067941,0.008922633620193441,-0.012644579336547173,0.0008624410075687128,-0.006338199465415615,0.017429669117358392,-0.004051878837963199,0.02181760357906417,-0.004140148026553652,-0.11412524361415394
224,-0.015559470027440873,-4.324723075970422e-06,-0.00012745058898670038,-0.0017209520649779388,0.0022342571106363485,-0.00147403832818424,-0.002080829708159744,-0.01571037826638067,-0.01216964376275477,0.0049450358504928805,-0.008945879583994128,0.0014244158754148787,-0.0226878410640025,8.0352139600045e-05,-0.0012532044089867977,-0.024308253806121814,0.008006382211132293,0.018950243183143242
225,0.04221123118709334,3.626464653134579e-06,4.026009876314571e-06,0.0014168907426627035,-0.0010885980616719697,-0.0007366098444731722,-0.001700370949898367,-0.013325326646302371,-0.010485006137077726,-0.0016877611052748757,0.0031567573418509595,0.0017305904224540526,-0.009587890455858188,0.00892062049011659,0.0007195985615110113,0.02440931851601781,-0.004644953934326639,0.014057312993419974
226,0.0010591559952169483,-4.483770306158454e-06,-0.0001300805091440577,-0.0017837181855027847,0.0023007240246971363,-0.0014887890750904774,-0.0020884400066162566,-0.014919815883284991,-0.010999266190842225,-0.0004086483418111867,0.0056175716915448995,0.0009170466688043859,-0.02522234334983447,-0.0004204260675390404,-0.006479012072905179,0.01834416573319393,-0.0053255123517489044,-0.14578559145705489
227,-0.00992409083371747,-6.796704380590314e-06,-0.00016832595320363415,-0.0026791197425103663,0.0032673148302822474,0.016527914716268462,0.0031660919667969986,-0.011536468880253134,-0.010042316704484114,0.008025711160398467,0.0028312157564718194,-0.0012215407316564628,0.01215459018376249,-0.005899139407470965,0.020619264144167922,0.027476825106702567,-0.004604317515910625,-0.018183217100318203
228,-0.0025057780522350407,-2.492452032992432e-06,-9.715313241374991e-05,-0.000997867827787646,0.0014685386394268287,-0.0013041053693603581,-0.0019931568233581484,-0.014958903811877687,-0.011557388658179313,0.013354900276172406,-0.01103596475776755,0.0031286766973019006,0.011482182598023275,-0.011875959827741369,-0.018947853774874346,0.026291844558644688,-0.004528835368702866,-0.1318827721955064
229,-0.00606668484766095,-3.970241426400049e-06,-0.000121589069521594,-0.001581060047276806,0.002086116829851419,-0.0014411621247474608,-0.002063868009754823,-0.011693676320110013,-0.010057187132500188,0.0011570232621556404,0.0008426435501822211,0.0002940182387648221,-0.01702269090110918,0.023535516575692698,0.04727936406175488,0.008428752348708282,-0.0034453668626857783,0.026630922144691215
230,-0.0050884963489995095,-3.882794794304045e-06,-0.00012014309866016874,-0.0015465502614531819,0.0020495722903862627,-0.00143305193548905,-0.0020596837497178474,-0.012540177100668487,-0.009729823753153535,0.000879859793472273,0.0010889477408796353,0.002063765554753667,0.010404284407329276,-0.013713811202503916,-0.013259638864032662,0.007133688748396777,-0.004058468825537454,-0.1304655468211703
231,0.020812498979285027,6.805061696302038e-06,5.6585595013758446e-05,0.0026712867159563065,-0.002416955281425577,-0.00044181262954999913,-0.0015482773098966238,-0.013451787517220468,-0.0107662604914249,0.006927123755471891,-0.011148615511652403,0.0014857716829656672,0.02314598964614199,0.006778028388189632,-0.012274247001593661,0.030416783545497195,-0.009184245053487947,-0.08134764078666856
232,-0.006069105832340108,-1.0181839804745864e-06,-7.277542232045986e-05,-0.00041606526410346395,0.0008524320411954666,-0.0011673751987756073,-0.0019226141306542383,-0.015440035656483024,-0.01194797810196841,-0.004474831045812485,0.0066565680515281705,-0.0025056805067671206,-0.013225401589113008,-0.0019876806838057385,-0.01135549024460649,0.01611022071606481,-0.003744247720135592,-0.006554424865271004
233,-0.002776095599940166,1.865207318100324e-06,-2.509720190312944e-05,0.0007218312308728041,-0.00035255669969254426,-0.0008999566764496197,-0.0017846458785625533,-0.013358434885815748,-0.007569225449465621,0.0040615353504404456,-0.0026819885120459167,-0.005232638869619794,-0.024078041422457532,-0.003337528805692939,0.0168210631334143,0.010521388832415582,-0.0022047370084447436,-0.13185403251744635
234,-0.010332427675450258,1.6468841829344663e-06,-2.8707276805479693e-05,0.00063567257096416,-0.00026131798371242283,-0.0009202049341954505,-0.0017950924875139282,-0.017750231441679396,-0.0004857666019817556,0.0017516160787499908,-0.0017760091439379857,-0.003552255430966829,-0.018384804525000818,-0.0026926258872691533,-0.003116968116017885,0.01435788905254565,-0.004078583852653386,-0.021261955112500893
235,-0.005010130323397242,1.9391554767855352e-06,-2.3874434597494655e-05,0.0007510140027773452,-0.00038346013575032793,-0.0008930983956002254,-0.0017811075110145066,-0.016321054583751975,-0.0121472846299824,0.007736803476940378,-0.0028541468675592303,-0.0020535214521070996,-0.022866591738938992,-0.0008138946588626093,-0.015971485731359803,0.009971502816590618,-0.0015082287967941952,-0.13314552180026978
236,-0.0010567601599480335,4.3700544710247524e-06,1.6321614449642037e-05,0.0017103397268139222,-0.0013993492798085696,-0.0006676460203764843,-0.001664790698443011,-0.013951838826429974,-0.01192476311722389,0.00016514043718222598,0.005875650113580565,-0.005641173844362754,0.0078121206134532835,0.013213934210320157,-0.02957312422600985,-0.11473195481455019,0.018450652881371245,0.03253692598603121
237,0.024551059200694524,3.024315360983581e-06,-5.930809612425702e-06,0.0011792596000114418,-0.0008369557966300204,0.00649294349439513,0.00893295709534168,-0.012931612848889634,-0.010850240966191934,0.0012704388219800717,-0.0006498198275579393,-0.00017536880126660154,-0.021578322046316625,0.0034369133044270155,-0.02464414566819504,0.01269711685075672,-0.003023154475343356,-0.0034200037268469685
238,0.002865803906587303,-4.399845014952222e-06,-0.00012869276529718648,-0.0017505980554841387,0.002265651077425208,0.015480012947121318,0.0014330781721537962,-0.01139487988755673,0.016077322652007654,-0.0033158448220444972,0.00869701052019979,-0.0027389131742220968,-0.013833079481951182,0.012908032123677214,-0.01605023631053016,-0.002249832965343798,-0.00015808379492199498,-0.009054776856495233
239,-0.014101241839373018,1.267753147135689e-06,-3.497638537246432e-05,0.00048605296262817997,-0.00010287655757489875,-0.0009553672312486945,-0.0018132336417681983,-0.01278581085887851,-0.007337075602020445,0.000774161860499803,-0.00036405605075395835,-0.0013268228644817094,-0.0197431980515993,-0.00356492299158773,0.002042204442448668,0.01259179700749474,-0.0038946024682748634,0.02923006677924691
