sample_index,face guangpu mean1,face wenli mean30,face wenli mean78,face wenli mean94,face wenli mean102,face wenli mean126,face wenli mean166,left ear wenli mean218,left ear wenli mean1438,right ear wenli mean1574,right ear wenli variance1608,face wenli variance455,face wenli variance1007,left ear wenli variance894,left ear wenli mean217,right ear wenli mean200
0,-0.035821766068936625,0.00020748989317540993,0.002380399431078919,-0.0005484907954653888,-2.7885342480757165e-05,0.0027479188386102366,0.01040124466919522,-0.0018243514542928892,-0.012790280112689043,-0.002175330877532746,0.003168691174374111,-0.0025712601974909946,0.0024963562385596745,0.0884724288816956,-0.013247833495577739,0.020811479782044125
1,-0.01075905742110648,-0.002057962159369933,-0.0005014996385907823,0.004967973952049181,6.110331525397601e-05,0.0016922457344461773,-0.00901942430083048,-0.002025250971850107,-0.004294435312779739,0.0027819992678903135,0.01402524699884959,0.007635251967375426,-0.05182149167976383,0.013053021036384919,-0.011533811902666832,0.01843761289248092
2,0.03933250698435021,-0.0016628285296165165,1.1529064949369525e-06,0.0040058080405512295,4.5582169574418186e-05,-0.016233080884303894,0.05072219641543031,-0.0014764944110304955,-0.0019829993190280597,0.0007177884905346141,0.0010447726758176323,0.00559519815490884,-0.01680163909113113,-0.011768341079487796,-0.01201668269751814,0.02213988610206231
3,0.019462349049681683,0.0026311108493766154,0.005463506385852332,-0.006450103037136925,-0.0001230869935189219,-0.03542752858993027,0.00699935873800945,-0.0017832856624201822,-0.01476220897300763,-0.0031144023603649216,0.025997280779619235,-0.000992715733842765,0.005509955736382002,0.10353411459806408,-0.013122266402258394,-0.03627048462213456
4,-0.025361229160036445,-0.0013736218846107271,0.0003690549153889427,0.0033015784983153247,3.4221915395516044e-05,0.0020111399795695027,-0.009378242377383772,-0.0018102870678823795,-0.005112878343071547,0.00020761338952528737,0.0008387761431525859,-0.0012837403596324892,0.031218699088712897,0.013523433139644313,-0.014409541269795706,-0.015407631574532347
5,0.029593122316900037,-0.0006353079146258901,0.0013082698243219403,0.0015037549763198767,5.2203882601551775e-06,0.0023551853102424126,0.017180651407009584,-0.0016975976071945586,-0.0057149645182858816,0.00499298194724804,-0.008456649095537637,0.0023622315198982054,-0.014525914864290864,0.04126275003418352,-0.01371907341646613,-0.06420766653023591
6,-0.012863434934576177,0.0008006232818848872,0.0031349290002178217,-0.001992793898553994,-5.1184067368625276e-05,0.003024311784088278,0.067151403167308,-0.0019269467944038837,-0.004462664472867657,0.0007752209739267074,-6.330017636110062e-05,0.0008754126396259448,-0.013313169369409671,0.10195940883263672,-0.014664389233316604,-0.04615166273127452
7,0.004172699202437525,-0.0013164732661365302,0.00044175411475123,0.0031624193672148194,3.197707474938572e-05,0.0020377705407396496,0.009264558640940567,-0.0017819033684694375,-0.004994573500071206,-0.0006018151775796961,0.0024719381962422697,0.006425530791856747,-0.025323733186184954,0.009179244853433622,-0.015353518899273748,0.0037796984938755123
8,0.05100641913075385,-0.0038281261851388967,-0.002753338980453987,0.009278392896692687,0.0001306366873889128,0.0008673708270900576,0.020348722944152825,-0.0014771361565509248,-0.002315592179538446,0.00020492648971747197,0.0010117863029399164,0.002403532044350201,-0.0013354811835198535,0.029218000601736915,-0.017025069923913956,-0.008135765931015199
9,-0.004106690196445005,-0.002194195229672061,-0.0006748027805049244,0.0052997068302281704,6.645465255182212e-05,0.0016287627805456246,0.008858977685578771,-0.0015775979026242688,-0.00331576625720031,0.0027645344191395017,0.006873935997212402,0.004478163040078967,-0.014913116739162553,-0.010192635500876077,-0.016027076790840908,-0.045664100844865926
10,-0.011120054237344383,-0.0016991958322819134,-4.511022037197168e-05,0.004094363851251549,4.701070453104653e-05,0.001859426479569878,-0.00920753516930612,-0.0017480891035964198,-0.003574262066940582,0.007588191299123649,-0.005028085890102458,0.001452659504641202,-0.023705521577051213,0.027334352562330487,-0.016439206274560362,0.025743276737023146
11,-0.021068439819159193,0.0009668738083552802,0.0033464175801808426,-0.002397620461755471,-5.771451288464088e-05,0.003101782507492342,-0.010605427439707963,-0.0015459931834167224,-0.0031619100738966015,0.0016857441463008227,0.003513365111382332,0.005561101210303119,0.01283756857593509,0.0005633547368810975,-0.013927611196113323,0.021003535775706718
12,0.00938153838289039,-0.0017638488147981783,-0.00012735577924648044,0.00425179640360768,4.9550322231719286e-05,0.0018292989760238527,-0.009173635865574388,-0.0018199317371192494,-0.0036032802359784013,0.0033056088679387268,0.00040995329574197855,-0.022452660334568386,0.008899798565447464,-0.002064154311717708,-0.013647138172105203,0.022869287818778516
13,0.06699335406888934,-0.0015118753606164885,0.00019318159975997235,0.003638231143755442,3.965261574650816e-05,0.0019467155411831373,0.005915035027126133,-0.00148420272296277,-0.0024865979374142245,0.004650738084227299,-0.004307098025774702,-0.0003376702064876819,-0.008531591499531678,0.026218561048541957,-0.012397751501859127,0.02455029158732828
14,-8.185153604006474e-05,0.0011729551901258721,0.0036085752990933366,-0.0028994367223906348,-6.58095443055352e-05,0.0031978139250452967,0.013378027278137973,-0.001614588222901197,-0.0035192200990283216,0.005158898010380762,-0.008660626054353044,-0.009360394083282032,-0.010803662878495891,0.08318841620215044,-0.015393968374918878,-0.026545052277177565
15,-0.027658232824064138,0.001156791944496806,0.0035880139093747094,-0.0028600785843016017,-6.5174639880367e-05,0.00319028204915879,0.0070393114888361325,-0.0017522331450856446,-0.003015240378984998,0.008822150035863778,0.003168691174374111,-0.015748528690963475,0.012888708446201217,-0.014452339573005122,-0.011128605083210041,-0.015277462827341302
16,-0.026460954968710607,0.001994394423345907,0.004653534498007846,-0.004899673525986825,-9.807629419890389e-05,0.003580594617420238,0.011945176350762783,-0.0016974776861054593,-0.003150585910369649,0.0008675831548204335,-0.010096543061459521,-0.004915305079470637,0.0010973155019948385,-0.02446446880156987,-0.010279446929856346,0.02531646026597037
17,0.0008315939979799198,0.0012866751683018017,0.0037532393624708205,-0.0031763493368027577,-7.02765504397542e-05,0.003250806051818216,0.0060471515099734625,-0.001388763990375749,-0.002015610732261931,0.004518408268692291,-0.01615930375813133,0.0033678512664389367,-0.02084899453790331,0.027296359661323367,-0.01412174504608432,0.027706541157376655
18,-0.03638944612169573,0.0021034963313421025,0.0047923238786085785,0.26601152765145175,0.0037414401915315523,-0.03527178015642001,-0.008290740606775608,-0.0012827646436938895,-0.006317431795157372,0.008948770189307174,-0.031211187659628655,-0.0020953436889800886,0.0016014085089033874,-0.027608881266502593,-0.015022955925912223,-0.012287463867740437
19,-0.025869047169238855,0.0002756064283264738,0.0024670510020359904,-0.0007143572345548833,-3.056101112968021e-05,0.0027796603155605133,-0.010242977294897695,-0.0014715954588234207,-0.010669503833703674,0.006411329183299635,-0.01861981789829739,-0.00015085736914079756,0.01707852496014322,0.09713531021791481,-0.01305109386331501,-0.024711043139122535
20,-0.00726942050346735,0.00039250132975097,0.0026157539098224905,-0.0009990009118059238,-3.515273063312871e-05,0.002834131917953996,0.010423339751091795,-0.0014409537189596126,-0.0022719832613408986,0.009049528932100322,-0.018808984648881963,0.0015415036560786554,-0.010263041392826026,-0.03579735124672484,-0.013632640630697676,-0.04320505335407068
21,-0.020829050203282413,0.0018168873508124137,0.004427726378776495,-0.004467436830901912,-9.110368310107474e-05,-0.025116793994654305,0.009026960842463693,-0.0011937434465474014,-0.002897262194547936,0.009367926559326684,-0.031729544947707404,0.004438303231596216,0.006317235117010646,0.0005248619292817653,-0.011548418401991145,-0.023022046552762812
22,0.05329619546161263,0.0006525564067471929,0.002946571983688257,-0.0016322452407026781,-4.536788933092391e-05,0.0029553144210565335,0.01714115266471502,-0.0013118538764406102,-0.0024907900556429517,0.01295628125266679,-0.04263793650099076,0.00469715186740587,0.005572054150276483,0.0052159853904786575,-0.010658856811548713,-0.049969489249765874
23,0.07543712291961215,-0.004645524606951665,-0.003793157831938839,0.011268790165766618,0.00016274471117598945,-0.010353510270399975,0.05413240583637165,-0.0012787984057196142,-0.014053523219977066,0.0046833167443970855,-0.01245405893529304,0.00482441511135683,-0.016111250842539143,0.07234294268438969,-0.012185285098733232,-0.0324542566672052
24,-0.02273781817237418,0.0007613696853571559,0.003084994196615443,-0.0018972098489092018,-4.964215662178831e-05,0.0030060200855067634,-0.0010210046542701175,-0.001357227263360698,-0.011644742974368688,0.009321577537641835,-0.019031137772344282,0.006943708302132513,-0.016677442263342168,0.10082312114856806,-0.013472480166106141,0.005845499348419878
25,0.0024679146217408024,0.001088098150573277,0.0035006280030705464,-0.002692806497423218,-6.247629607340229e-05,0.003158271576641139,0.009081441866318265,-0.0016422081535150382,-0.013713471655605174,0.011238680550519528,-0.01897862885225321,0.00010462959607393487,-0.0038595990659382397,0.09110143765007099,-0.01417922418373848,-0.04710532007911635
26,-0.019146037000626323,0.0017256804647626848,0.0043117013939356725,-0.004245344480256661,-8.752100813048288e-05,-0.020638286793424228,0.0648809064981688,-0.001378400645108462,-0.0030434963447085045,0.009593962005659316,-0.032711057838640964,0.006211824589750442,-0.005225764171617608,0.060983565189848155,-0.01835108009818011,-0.034624649251948685
27,-0.012790073650388385,0.0013825001245312645,0.003875139030088394,-0.003409686869759164,-7.404062667467984e-05,0.003295459316002503,0.0014441103389718007,-0.0015006746941342382,-0.005131661210460004,0.002008172123238909,0.0011275752036536166,0.000445118803474794,-0.015369722723681027,-0.05283366800228,-0.012763888467743977,0.003147124055771626
28,0.03260999610271988,2.449886230348499e-05,0.0021476151260501797,-0.00010290044638598839,-2.0697317381531706e-05,0.002662647243752292,0.003211414218343099,-0.0015573614234411998,-0.005023863884578425,0.006423756094910795,-0.009527023235856136,0.004017133929917017,-0.0053134325206450495,-0.013322050768042786,-0.012375145036052602,0.0005743501858515718
29,-0.013677735018399369,0.0006736263519422264,0.0029733752238571827,-0.0016835513849973122,-4.619553259944676e-05,0.0029651327592657294,-0.010451669883496174,-0.0013719914702844708,-0.0174056933963309,0.002753786819908231,-0.01415319373413823,-0.018723126928820836,-0.007472265615448658,0.04283795570620308,-0.01471578514305296,-0.017576197229490692
30,-0.02772672760118425,0.0007783988191449209,0.0031066570893547095,-0.0019386764586815733,-5.031107378401902e-05,0.003013955454744332,-0.010506604915882864,-0.001374967560923058,-0.0022706221839939086,0.009560375758061604,-0.025435206449608196,0.007275553213717827,-0.008915140526527317,0.0037842529104202744,-0.016440240607460615,0.0030555492002915813
31,-0.0015072758041146952,-0.0014671378057503229,0.00025009258915974436,0.01923951595269015,0.00020563477261190433,-0.06006308413463895,0.0637278761627578,-0.0015050867567702763,-0.002644537352758902,0.007380292426493776,-0.01915500496845662,0.0031983270207231428,0.020855569664080368,-0.04158426995802231,-0.011011321860803983,0.029307845114049786
32,-0.04000455509078074,-0.18377469429107596,-0.015275959654444931,0.18686231195440736,0.0033020183038410447,-0.034176699201635484,0.037357547255372194,-0.0015573582460859684,-0.015239511577049957,0.0052022242697818185,-0.002836175071940831,0.005024194392427019,0.03784496513604564,0.11546388551430484,-0.011711496176439328,-0.07541862115673292
33,-0.007946626244424587,0.0006756467576458599,0.0029759453975720107,-0.0016884711522584415,-4.627489565259278e-05,0.002966074243751543,0.019808301454750966,-0.0015604277477588987,-0.00707043422660592,0.005835660899474764,-0.01068693181684274,-0.00015037713048439175,0.001915553426252039,-0.02987195840938819,-0.015068736666387427,0.026540503222012554
34,-0.021613639629643557,0.00010733549615244717,0.002252992248358141,-0.0003046109040922769,-2.3951202560518612e-05,0.0027012481076706357,0.01172558755739339,-0.0013595783618064376,-0.001888431664959219,0.0013525685701314704,0.006100439212793573,-0.000592196694389576,-0.011526926757973144,0.011930230830305564,-0.010765816654993368,0.005246038012671599
35,-0.032511197502874775,0.000626579761986194,0.002913526893069035,-0.0015689910902024473,-4.434750721904647e-05,0.002943209620524648,0.012093485804589113,-0.0014849260206007962,-0.0027622433217265657,0.0020142176478064994,-0.0011888760019035495,-0.0003832928788474365,-0.020735756253742705,-0.01990981984004333,-0.012320768897099202,-0.00923968825368461
36,-0.029459201035266794,0.0013975088526153971,0.003894231749112834,-0.003446233712270408,-7.463018078376457e-05,0.003302453200754258,0.031986323648021085,-0.0017463986864245068,-0.0040639776963874545,-0.0030227119044231553,0.0019899332374573512,0.004555961702418793,-0.007483224159077215,-0.04165925594685221,-0.01650119412150374,0.020865145844482545
37,0.0164301607143879,-0.0014798374987445898,0.00023393721152367944,0.003560217691471824,3.8394144475192665e-05,0.0019616447951724624,-0.009322550664110212,-0.00159388873245307,-0.0026985993449813303,-2.5475168802870163e-05,0.013585653090907465,-0.0008952272865897663,-0.013886666485965002,-0.037008624919623416,-0.012716990524967014,0.01830790087773617
38,-0.01837197883116853,-0.0007181445484748522,0.0012028927020139783,0.0017054654340261652,8.474273439142055e-06,0.002316584446324068,-0.009721926836199685,-0.00160976289547089,-0.0029302002663450866,-0.0014928583263471348,0.007831887193233281,0.004564605998234312,-0.014390759492873346,-0.06650411367255825,-0.009874992073487276,0.01974866337954033
39,-0.011717861020050735,-0.0005920135066908906,0.0013633449753539782,0.0013983313921528229,3.5197514070260714e-06,0.0023753599777955547,-0.009788060745712037,-0.0020184563902554895,-0.004479759604345848,-0.09753407678192341,0.08153286888006746,0.004839782748362244,-0.001251465682368462,0.04840041635760313,-0.015944351643480483,-0.05371880590131453
40,-0.02810261364835568,-0.0009328848118324444,0.000929719952895076,0.002228366411494741,1.6909432230662215e-05,0.0022165180952604855,-0.009609332720233574,-0.0017597974169141113,-0.0034610748747649234,0.0016645848103142632,0.0037860075810860865,0.005515958776599743,-0.02254391595243614,-0.011060973251526012,-0.011284843062797067,0.01808455871150309
41,-0.0009665664944521055,-0.0017219975537943468,-7.411646658217863e-05,0.004149886938912864,4.790637327369453e-05,0.001848801154658556,-0.00919557961129359,-0.0018928425878424087,-0.003931463205884543,0.00973871873280548,-0.003981273444696636,0.008651917203013811,-0.026269820786107366,-0.09327711112437646,-0.012601756018320356,0.02571381749423779
42,0.01744808359045224,-0.001814936216161477,-0.000192344457464285,0.004376196232924803,5.155707371841161e-05,0.0018054928683111451,-0.009146849362179224,-0.002261098893578093,-0.005345622569406775,0.0019043906181619615,0.014814227182782457,0.0031992874980359813,-0.042612662183994274,0.06599412896346034,-0.01361097335144153,-0.002528690054204688
43,-0.01888020366680094,0.0010173839509461124,0.0034106719230515524,-0.002520614643283698,-5.9698589213291456e-05,0.003125319619637674,0.008730493270988406,-0.001751410097750062,-0.0033960698206727,-0.0018529029005946644,0.005318864132976145,-0.014490783649802904,-0.031924429298384745,0.004838056006776103,-0.012654054283761982,0.019786572172581934
44,-0.00634922534913177,0.0015588526795198242,0.004099478478625557,-0.003839112269266287,-8.096788745642554e-05,0.0033776374618356333,0.0035307335526018266,-0.0016863339791839762,-0.0038856221208379326,0.0008373555319824856,0.007856122079429156,0.005672036339935827,-0.01835409943849414,0.041456213885364544,-0.01193256104728051,0.016119238995141297
45,-0.006490477334831388,0.0002513615598828747,0.0024362089174580497,-0.0006553200274213336,-2.9608654491927937e-05,0.002768362501730753,0.008192341824247159,-0.0017247824968977244,-0.0045083422286326304,0.003312326117458268,-0.016131702915519335,0.002692155476857843,-0.008703275349710713,-0.005977423115452762,-0.015322499654596042,0.0005971868081657882
46,-0.014511482638382946,-0.00029616838580173607,0.0017396918407395613,0.0006779369003446394,-8.101267089355806e-06,0.002513220206075356,0.010537144556476896,-0.0015743105755982771,-0.0037001889430840636,-0.00942425069654806,0.01461563575423281,0.0018186013608322371,-0.010792704334867334,-0.0401680345823221,-0.014606283971295528,0.006077747797355508
47,0.0011462095191819173,0.0007224047182156566,0.0030354265606866086,-0.0018023286231588535,-4.8111583453972115e-05,0.0029878628847089354,-0.010477245697472347,-0.0014170277526523432,-0.0024258394446446062,0.007091786559629386,-0.011771442974108834,-0.004529673438366429,-0.021656273918532157,0.0007123269013564018,-0.015430547542590068,0.02726579434671221
48,-0.0380850863537732,0.0005463407926133304,0.002811454279822993,-0.0013736060475461789,-4.1195660251247285e-05,0.002905819236659493,-0.010384930629274324,-0.0015823147827482551,-0.0037636151474537815,0.0015859929909356053,-0.008509158015628748,-0.00539026111066873,0.029768518481881934,0.006165807915657068,-0.011476245291755532,0.025357109453689682
49,-0.020684734691284345,-0.0016882279156050484,-3.115784877719042e-05,0.004067656543262565,4.657987652825387e-05,0.001864537395350007,-0.009213285944046325,-0.0019915915308319843,-0.005241255158439609,0.003090321020837359,0.00601157796340863,0.0004950636237423345,-0.014317702535350514,0.011487313589617137,-0.01478435650356026,0.021084834151145346
50,0.06222852895253733,-0.003559989485328141,-0.002412240211728907,0.008625469498751417,0.0001201040764785335,0.0009923192681358481,-0.008231870833777197,-0.0015946854141591345,-0.012103534926491955,0.009007546122603176,0.001565822729029264,-0.0018931632146278177,-0.013481200371712451,0.17532370067741665,-0.01536624242164167,-0.03674388780270834
51,0.07207619725476673,-0.005320628741351405,-0.004651963020365063,0.012912695254878172,0.0001892633085057819,0.00017188278764141966,-0.007308720151796986,-0.001575528545722931,-0.014893362386163553,0.0035853823104277116,-0.004709666413139792,-0.007475457356838665,0.016475805060578875,0.1176789716243393,-0.013609533879245038,-0.061401045647818245
52,-0.018024231612070625,-0.0004814684517635299,0.001503970194322443,0.0011291498405796216,-8.225413579633974e-07,0.002426872628947909,-0.009846022501646205,-0.0016480062009690084,-0.002933249079602344,-0.1168716946987851,0.008381211280340107,-0.011342339018321965,-0.0014414137719281552,-0.0025115707117359456,-0.011387398551013646,-0.0038648608258097274
53,0.033742295763958034,-0.002393926764945521,-0.0009288828105993887,0.005786060965185504,7.430025723425757e-05,0.0015356903142337967,-0.008843268990367371,-0.0016266100352683517,-0.004417095603290445,0.005362094808346949,-0.010842439003266353,0.0046721794572721,-0.028289845661617206,0.0030993808791074337,-0.012451701016856642,-0.010232167859460612
54,0.001092144752252417,-0.0003123316314308023,0.001719130451020934,0.0007172950384336725,-7.466362664187623e-06,0.002505688330188849,0.002539632926980777,-0.0019080650560456423,-0.0038587816755552957,0.0029979588399436366,0.002539257324564179,0.0047917588827203535,0.00010739372755880494,-0.048321011194498206,-0.014026500480622631,0.021836844123952613
55,-0.016851844137387485,0.0004828423276419999,0.0027306773916426735,-0.001218984790767838,-3.870139286665801e-05,0.0028762297242482184,0.0018604361629271377,-0.0018365456782994504,-0.007144150175718877,-0.0007606781287168989,0.00281930489838337,0.008427165511809854,0.010375549107411387,0.04732961643711248,-0.015263378475097275,-0.02423604139498676
56,0.046861575919560416,-0.0010927854918057044,0.0007263090617500875,0.0026177308490183833,2.319045100821886e-05,0.002142006323097549,-0.009525492477968486,-0.0017355498958385603,-0.0051857232026824305,-0.0009779811506741276,0.004863786825519982,0.0004547235766031774,0.010127155451833262,0.06506430270196992,-0.01634051649046208,0.006997606944172281
57,-0.01601928925852822,0.0005050667903819661,0.002758949302505786,-0.0012731022306402585,-3.9574386451264263e-05,0.002886586053592164,-0.010363289555909873,-0.0014449422786567483,-0.002839988059786613,0.005056459955207724,-0.007482541308719523,-0.008033974914253615,0.0006041810387148468,0.007425072621406722,-0.014718593494992813,0.018519139634142704
58,-0.025903608923676574,-0.0012414296257158655,0.0005372177098734279,0.0029796851546585942,2.9029304203961974e-05,0.002072739964498429,-0.009447554346620977,0.0009538581863005845,0.00611976634307064,0.0037798466840184924,-0.0010852045442878064,0.00993175322236961,-0.04857045706999195,-0.018549574002669426,0.011553844291400795,0.023302270177856133
59,0.07407480606047875,-0.002931931940884433,-0.0016132833540908297,0.007096124704434727,9.543350452914132e-05,0.0012849864454400897,-0.008561178355742596,0.000719192866561247,0.004890876828020638,0.0010025998701632566,0.0007196212860228054,8.878172041211557e-05,0.05278876579736791,-0.010988986702249317,0.013912015880674845,0.02178523335752249
60,-0.016611406635251687,0.0010075705518141794,0.0033981882221509577,-0.002496718630872501,-5.9313111526582206e-05,0.0031207466949922952,-0.010626765840717669,0.000931248302996164,0.005687923722417769,0.0031064424196842605,0.004538635435725118,-0.008785548411548856,0.007424048023483539,-0.017185828819150088,0.01182139582724851,0.02164867035608346
61,-0.025789296860889453,0.00028022449850620775,0.002472925684812742,-0.0007256024168660371,-3.074241239401399e-05,0.0027818122800995155,0.009901986620039037,0.0007701826942224268,-0.011143866510676502,-0.00040298459180121177,-0.0007775561278566206,0.004393160797892841,-0.0017738229286574658,0.08908881370987712,0.00705979828238661,-0.013855654722057933
62,-0.010393335870647705,0.0010609669882673434,0.0034661142417571358,-0.0026267410513451956,-6.141056364544137e-05,0.0031456287849745035,0.020914266238998735,0.0009561351785520969,0.006004891414984716,0.007033010626333383,-0.013851604039256043,-0.039152959611528364,0.04022662195129421,-0.029298565548135747,0.004742872635783259,0.027567694493706184
63,-0.027167387490239683,0.0011160952010379089,0.003536243267404597,-0.002760980415184577,-6.357604123842575e-05,0.003171317861658838,0.0019091664120415035,0.0009911206037254807,0.006365522468843089,0.007246955023530841,-0.015509674169824841,0.0064336948490158604,-0.007830244707311336,0.00029790433642331335,0.0010774991571473199,0.020330997248552935
64,-0.013132371860939308,0.000811591198561754,0.0031488813718126055,-0.0020195012065429823,-5.161489537141802e-05,0.0030294226998684075,-0.010524008576280854,0.0007578828472253062,0.004980326831264798,-0.004680529085846475,0.005001791038579881,0.001714869811045803,0.02679144746282133,-0.017750723268335176,0.0127004805768749,0.019518698592836115
65,-0.013842274735196924,8.482240402624954e-05,0.0022243531698214842,-0.0002497906403254137,-2.3066871396891557e-05,0.0026907572805430027,0.010371128769897833,0.0008224593667994308,0.0051482837758833186,0.0035239194773238882,0.0030959865157864437,0.006679577041102236,0.011091507291136334,-0.014391350968756792,0.015481732687815265,0.022240367240244877
66,0.003720841401485965,-0.003544114869085308,-0.002392045989683827,0.008586814184556833,0.00011948050963238618,0.0009997166462386668,-0.008240194323532755,0.0007421795071692766,0.0028820355500516954,0.0029949360776598396,-0.007714792301430122,0.0008533216614306895,-0.013316822217285923,-0.019509394659691776,0.010953793093586036,0.025115269623382088
67,0.010983389712765674,0.00039365584729590246,0.002617222580516677,-0.001001812207383709,-3.519808094921211e-05,0.0028346699090887463,0.0064610559550908235,0.0008308087984094372,0.00562084983075812,0.001342156833376177,0.002273346767692623,-0.002673070792651779,0.002781278372899316,-0.01093999585621378,0.005313864296804016,-0.0026910584388587983
68,0.06866318239679205,0.001426949050011196,0.0039316828518146186,-0.003517921749504005,-7.578661384389235e-05,-0.013800150475178697,0.013172210076909599,0.0007190212412370243,-0.006154483615175775,0.0012007587309897857,0.0046645222056870975,0.006573924536690124,-0.025312774642556397,0.03412808315031707,0.010410814359510651,-0.0034275395084924095
69,0.023201197975866752,2.8539673710751546e-05,0.002152755473479836,-0.00011273998090824668,-2.085604348782375e-05,0.0026645302127239184,0.004322373096444204,0.0008139056055724701,-0.003401514130060658,0.0012293070414478463,-0.0017880162439686078,0.005323863314032261,-0.016947753006177204,0.06535324871226102,0.0021426917017472167,-0.023497276663121736
70,-0.0001279123011615491,-0.0014169162925457245,0.0003139797643569071,0.003407002082482374,3.5922552248645074e-05,0.001990965312016362,-0.009355541950777703,0.0006080350676145277,0.004044232275099206,-0.0005584889181786395,0.0068867266315935614,0.003576755081981076,-0.01862075733345292,0.018506002144093314,0.0007011846010629763,-0.04553827105591455
71,0.013076733600331406,-0.0008073310288209497,0.0010894378908879814,0.0019226380174102936,1.197758535658796e-05,0.002275024631164596,0.01501881411322477,0.0008555622089984172,0.0055457728042981715,0.004517736543740337,0.0041239496052621095,0.005424713431880208,0.011102465834764891,0.007527553472807555,0.009965110491233796,0.02210471770369841
72,0.04295476315412553,0.0006008917466114288,0.0028808489701233598,-0.0015064397635966649,-4.33384626861899e-05,0.002931239317776452,0.0003313354267422071,0.000756080997958825,-0.00881571648710379,0.0016880951836326654,0.009714803212397281,0.008095800838880944,-0.02274482258562439,0.051425351147000205,0.00389603942952731,-0.07986422642264217
73,-0.008162142545705808,-0.0011193393953391705,0.0006925296357837712,0.00268239064730751,2.4233508278138037e-05,0.002129632526998289,-0.009511569549650094,0.0007033692684238966,0.004777308534187823,-0.0044558370894177465,0.007147251658199394,0.004032501566922403,-0.004352733529218231,-0.021830460967272508,0.01674606807732149,0.019564143471241423
74,0.0017335343572795123,-0.001130018682629804,0.0006789444318625347,0.0027083951314020504,2.4652998701909895e-05,0.0021246561090018466,-0.009505970111087263,0.0006996305483408634,0.004987077774905866,-0.004807820964241825,0.015451066136707789,0.007227529348075964,-0.0032970604930112617,-0.011336921690419947,0.00948842727836144,0.016015332363611596
75,-0.02155299783542945,-0.00040498166441169906,0.0016012696278123752,0.0009429015085511632,-3.826999798491418e-06,0.0024625145416251257,-0.009886126588650263,0.0006767202765891195,0.004484622461491171,0.0036975603774040823,0.001035347997852592,0.009251255046224325,-0.046407971127312285,-0.020330741190675027,0.01380197298857054,0.022847593027580014
76,-0.006828519277959552,-0.000373232431926034,0.001641658071902535,0.0008655908801619933,-5.0741334907860555e-06,0.0024773092978307627,-0.009902773568161383,0.0007892870400138259,0.00582174484717379,-0.0001860174323199559,-2.6274655784028287e-05,0.0064735546574986105,-0.020593295186573088,-0.015297181713821687,0.01021350384914867,0.022081424348937926
77,-0.016288811768389058,6.721601146601519e-05,0.0022019559417351207,-0.0002069183827641422,-2.237527907661899e-05,0.002682552915738058,-0.010133712574833809,0.000819048524100644,0.005673768518009077,0.0007329023019535879,0.003454124278459024,0.008730196104010044,-0.006058613487379417,-0.007220690810252025,-0.0022354353607486324,0.02141025601912299
78,-0.02351870301260777,0.0008364133257778185,0.0031804577917376384,-0.002079944061465422,-5.258992716721196e-05,0.003040989509265542,0.003587484619117006,0.000979822297610584,0.004133246733592328,0.006549704523402229,-0.009432776456205433,0.006723758997492746,-0.016933141614672596,-0.011050475213089805,0.01216506444299601,-0.03204913498735095
79,0.004046509040702335,-0.0007579754037750525,0.0011522235630645023,0.0018024551314598568,1.0038859344020862e-05,0.002298023752175177,0.017733179790601343,0.0008939628738167157,-0.00120669524339905,0.002382994646429435,-0.0043145031298901385,-0.003028447398401592,-0.01353964593773088,0.014037337116425061,0.0034892059144113695,0.02399924389088615
80,-0.009856639348953571,-0.0007357509410350864,0.0011804954739276148,0.0017483376915874368,9.16586575941461e-06,0.002308380081519123,-0.00971269532937988,0.001018554289971587,1.5334441822124248e-05,0.007154928705113097,-0.019124711360711748,-0.0072425416084756205,-0.005894235332952685,0.03371466039856836,-0.00025789060567422024,-0.049403597748819465
81,-0.04911848110635956,-0.0009718497789739436,0.0008801523169662417,0.00232324763724509,1.8440005398478393e-05,0.002198360894462658,0.06325555595317413,0.0006694190191658896,-0.007480662938988597,-0.0016839640751781456,0.0063609642393994085,0.006108093039963982,-0.03250888495856843,0.024250428795053878,0.0030012708783570467,-0.043830320073034036
82,-0.016169361980914256,1.699449826141905e-05,0.0021380687665379606,-8.46270251303673e-05,-2.0402540326989374e-05,0.0026591503013764146,0.0128839146590125,0.0008333437341356157,0.0006182372634446534,0.004716902991994803,-0.01315283148727456,0.004950717877994952,-0.019260005711778987,-0.017478274175586624,0.013752813018056231,-0.008438122810455475
83,-0.020922953140165713,0.0014457099601163617,0.003955548750595168,-0.0035636053026430604,-7.652355648024829e-05,0.0033249143306300893,0.01753462672588691,0.0008472664393878686,0.005817117184194025,0.003500409104005486,-0.010614227158255073,-0.0002829229996559497,-0.014398065188625653,-0.018907507122683995,0.005569075964920399,0.02606207598452965
84,-0.016169821201657168,-0.0002964570151879696,0.001739324673066014,0.0006786397242390876,-8.089929510334941e-06,0.0025130857082916675,0.012697014479955847,0.0008636578694184043,0.00525172565425453,0.005798380164641298,-0.010550947177632481,0.0054756187294605855,-0.029513549700126956,0.012005216819135429,-0.00345913098190998,0.026682090280360737
85,0.008722701471650334,-0.0004756958640388616,0.0015113135477933836,0.0011150933626906778,-1.0492929383806783e-06,0.002429562584621662,0.004816485715569678,0.000947490060338619,0.0058446653896970955,0.006570192134436838,-0.003498595294628517,0.0011208145930558882,-0.022207853947830578,-0.01717583068730615,0.016556406105794612,-0.03225991701131117
86,0.020173731292775443,7.55862636667819e-05,0.0022126038042679817,-0.00022730027570310607,-2.100343201509493e-05,0.0026864533514649987,-0.0003704104277401266,0.0008072934491004104,0.003189802359752991,0.004671897420213859,-0.01184549401526294,0.005651386077709816,-0.01951935791098546,0.00127722135054149,0.012402993237043207,-0.04625716792636621
87,-0.00032117026549344436,0.0006069529637223284,0.0028885594912678456,-0.0015211990653800523,0.0016779667969978977,-0.013490402079346127,0.01502713760298033,0.0009446733830680387,0.0037553027758802453,0.0024397554048695737,0.0011908551842762065,0.008412758352117305,-0.01739705329494337,0.010245045708002186,0.007147986671772114,-0.06667813233218825
88,0.027323588682951067,-0.0028058008991004714,-0.0014528310807508295,0.006788990662561384,9.047898249702533e-05,-0.00690834954124181,0.06000046611404095,0.0008254864716414494,0.005258639927177238,0.008296189398483526,0.008891490273020221,0.007624686716934231,-0.02111199958498604,0.03700054642909346,0.008242717554152458,-0.06459908623670163
89,-0.05441708099095407,0.00032467342398613964,0.0025294695065389665,0.10822896899588712,0.0014742078268349945,-0.07069567192627937,-0.0026711743323540914,0.000873287550525043,-0.006837907772646209,0.00475754235158804,-0.005252931778697659,0.006702628496610329,0.009663243771562488,0.034647486099612,0.012542859905977597,-0.06123616523470957
90,-0.027975483471005688,0.00013302351152721443,0.0022856701713038184,-0.00036716223069806496,-2.4960247093375242e-05,0.0027132184104188338,0.000602378520418693,0.0008218552681243152,0.004682904209400622,0.0029868753782363883,-0.004337391633519576,0.0019967699023635765,-0.012253843485326649,0.0035492968120866835,0.0024643216605503343,-0.06354357755333838
91,0.003866981468382155,0.0022746535573784626,0.0050100543090218965,-0.00558211552749487,-0.00010908508342815931,0.003711191965380909,-0.011291131659388673,0.0009591718956960518,0.006233933510936132,0.0049570446623184794,-0.010105294548141396,-0.010540820700759183,0.04051884978138615,-0.01735129790116805,0.004629243340136098,0.014097969554109647
92,-0.02457311082259705,0.000504489531609499,0.0027582149671586914,-0.0012716965828513632,-3.955171129322253e-05,0.002886317058024789,-0.010362986883555126,0.0010505631109944276,0.0067533206265473775,0.004497584795181709,-0.0089117264029938,0.002079370951267594,0.007087986018877975,-0.009690729282308118,0.00029705815306282874,0.025972784791281046
93,-0.017229468442941626,0.00042944589118883636,0.002662751372036496,-0.001088962370295143,-3.660394074779888e-05,0.002851347634266011,-0.010323639477437935,0.0006739496709693894,0.004909931910878493,-0.001086800592890733,0.006352212752717532,-0.013831415974540037,0.04329866701513496,-0.015083721598952615,0.00937037367744511,0.005412973721788557
94,0.017768203596532525,0.00038268793061903733,0.002603270208921896,-0.0009751048993947262,-3.476725294641946e-05,0.002829558993308617,-0.01029912301670338,0.0009611674513008865,0.0059309576934962385,0.0046067400998742875,-0.011468506896660204,-0.009219684156951362,0.073277589534683,-0.019447906148851286,0.01299248932849606,0.026447786535416844
95,-0.029426093993518095,0.0004075100578351039,0.002634846628846931,-0.0010355477543171705,-3.5742284742213495e-05,0.002841125802705752,-0.01031213792795753,0.0006641332480303075,0.004808831085544103,0.005999561787751625,-0.015084217278830313,0.006818366012807229,0.00942580865961272,-0.02663156387875324,0.01068368181400298,0.027979210427808456
96,0.015757590329117728,0.00019825375281594428,0.002368650065525419,-0.0005260004308430867,-2.7522539952089644e-05,0.0027436149095322335,-0.010202419199361518,0.0009833088833229593,0.006411200224608061,0.0045204234435481565,-0.01427638773896733,-0.0011267023189835935,0.022707563537287624,-0.02200792780750321,0.002885800040454251,0.027257116430232806
97,0.017012998133682122,0.0011377424050054076,0.0035637808429206147,-0.002813692207268101,-6.442635966499024e-05,0.0031814051954354083,0.009008649165001461,0.0009258943310538548,0.005219386456490056,0.008320371496753885,-0.018761861259056645,0.003792382238713058,-0.019285575646911947,0.0010167700160057314,0.004902772215221909,0.029618651543746308
98,-0.006526009925067922,0.0009406085342080478,0.0033130053218880734,-0.002333663487360792,-5.668279319374256e-05,0.0030895432091767694,-0.00934721846102214,0.0008897035649404979,0.005901503979707383,0.004133845733698432,-0.016357221995397776,-0.00811177357659344,-0.001879755517065768,-0.02704248709754095,0.009746346013593617,0.027846072919716545
99,-0.02300816049913183,0.0016659341818123865,0.004235697685511462,-0.004099859934106128,-8.517412927316475e-05,-0.019731502735802348,0.06248116873355237,0.0007343299634017066,-0.01858601967164031,0.00455535314104978,-0.006969569550906529,-0.0008270333973783241,-0.008224752277935328,0.01558954708520341,0.008354339568740968,-0.0655289934973367
100,0.03171901231886405,-0.0031348383994064585,-0.0018714022285943087,0.007590209902230976,0.0001034038225808062,-0.011306023574475634,0.06497276755783471,0.0007170156561017883,0.00498914661247329,0.0004551440343204638,0.006644377769634681,0.009082211039164937,-0.029590259505526045,0.000569853522579651,-0.003063537013027634,-0.008906501934120114
101,0.02437783247191736,-0.0008393688906928485,0.0010486822791242743,0.002000651469693912,0.0009327363903777231,-0.007097049931755529,0.0048685453605862685,0.0007365850832533206,0.00549862508499845,0.005665378624154336,0.004660483057987779,0.008243234106401483,-0.03174178690457735,0.03127361650885987,-0.0038782905531903355,-0.060025595885832755
102,-0.02019273051853808,0.001341803381072366,0.0038233683881182807,-0.0033105887006421373,0.001684440554618809,-0.06217308536513021,-0.007641508405841983,0.0009405956327629527,-0.012798392133677103,-0.08785586367416523,0.09566853944510349,0.006325160912665234,-0.00808594405864156,0.03154556569501621,0.00809285744924413,-0.05459892932530459
103,0.0021914082581652675,-0.0016169364572054185,5.953256658889558e-05,0.0038940590413341558,4.377949451010139e-05,0.0018977583479208467,0.005827260044249327,0.0010986329973400179,-0.02369131191401068,0.002687957774616705,0.0023312412180494543,0.00654174854671008,-0.020618865121706048,0.11366522159557226,0.013947760215856812,-0.024971837365950923
104,0.013306778536392344,0.0013016838963859345,0.0037723320814952595,-0.003212896179314002,-7.086610454883893e-05,0.0032577999365699713,0.053776009138656336,0.001007638133035843,0.006436897364919226,0.010295578717975632,-0.022308232939055206,0.0053320273711914,-0.014507650624910207,-0.0051585761174305226,0.0028746065327770517,-0.0481375354077191
105,-0.03240341623709606,0.0011853662537339054,0.003624363509055854,-0.002929658149851857,-6.62970602034322e-05,0.0032035973297438636,0.006498889999434275,0.001038808581600648,-0.0021005964018079642,0.0071126100331399735,-0.017727166256748784,0.0015501479518942006,-0.009777212625298135,0.014154815165591856,-0.00451641563714045,0.011661987051851777
106,-0.019602348318178753,0.0012191358919232038,0.0036673221268608428,-0.003011888545502156,-6.762355694887286e-05,0.0032193335704353144,0.08281242748283626,0.001136869867891431,0.0013770106628444357,0.01531134893421872,-0.032299064773310834,0.00666757107469177,-0.007855814642444297,0.020225180914666265,0.003320712471113054,-0.03547668363049225
107,-0.050919187345997416,0.0008589264179040183,0.003209096870274298,-0.00213476432523229,-5.347425833083908e-05,0.0030514803363931755,0.00793401096947007,0.001105794162282606,0.005112133561547273,0.005764793917043581,-0.015003434324844044,0.004624635830286669,-0.017725809603796633,0.0007873128901863231,0.013146577307499626,-0.020334176106379075
108,-0.02117680358641712,0.0016887359033248186,0.004264703931721667,-0.00415538302176744,-8.60697980158127e-05,0.003438161464495057,0.0006032865374829369,0.0010596301755636897,0.00561431665949257,0.009699422823116153,-0.023310614759768516,0.005423752954567369,-0.010851149900885763,-0.00703322583817739,0.011195303687320465,-0.05244634930596618
109,-0.04118110329031594,0.0013207334358773337,0.003796565147949356,-0.003259282556347504,-7.161438476421572e-05,0.003266676790293353,0.01703703337468184,0.0010313683710514298,0.004647080653627855,0.003639792031536012,-0.013043101308109819,0.0034264403825220225,-0.004973717668163436,-0.01721882265423524,0.016336997088364946,-0.03364244612621407
110,-0.03369282795076626,0.0016405347958238549,0.004203386930239333,-0.0040380114313947925,-8.417642231932905e-05,0.0034157003346192267,0.010508693355130622,0.001078905649214603,0.004435079246060749,0.013051330333368328,-0.02582094505489281,9.982720950974316e-05,-0.004999287603296397,-0.011994798765754034,0.0033554148003020388,-0.015595576976178385
111,0.009014932293148209,-0.0009513570925513773,0.0009062212217880731,0.002273347140739351,1.76350372879973e-05,0.0022079102371044784,0.007637089389462666,0.0010295312659796831,0.0040282804485924865,0.008713666456123152,-0.025836428454406847,0.0007222165082283758,0.009297958983947505,-0.014827769423746664,0.009284310734746322,-0.023550714359337
112,-0.01642537908610719,0.002601382022594584,0.005425688115477,-0.006377712176008884,-0.0001219192228797733,0.0038634434565152846,-0.011462444212175824,0.0008848463034853944,-0.0021449130802259457,-0.13060276030415982,0.1279278657369659,-0.00048654418997746496,0.006846898059052156,-0.0046631686845611175,0.008274577769793573,-0.06707982851869539
113,-0.0065640790164550825,0.0011686257493323722,0.0036030677839901325,-0.002888894363973929,-6.563948062022228e-05,-0.002809664081145546,0.050121391791256305,0.0009698818936284964,-0.001273878021246459,0.00803455252969731,-0.024352714866191782,0.008168316876000174,-0.020056326548779275,0.003949721992438181,0.01319898606547658,-0.036947590473751186
114,0.003024801446031837,0.0001945015707949113,0.00236387688576931,-0.0005168637202152757,0.0012882828684719046,-0.007739276848863873,0.012635874664296833,0.0009869652649732124,7.2608576583448e-05,-0.0032668839244585565,-0.019774340949018237,0.007428749345115396,-0.01075617585610602,0.04410721854379672,-0.00020242949140853087,-0.003616855107477288
115,0.007999441129608506,0.0005434544987509983,0.0028077826030875257,-0.0013665778086017115,-4.1082284461038726e-05,-0.012152552625005461,0.07090681040883899,0.000995443299233833,0.004477327086911308,0.005638509626076163,-0.00873400390422395,0.00462799750088159,-0.024315547172368064,-0.011948807359271722,0.00326746888064687,0.02002293121353409
116,0.002228432545311723,0.0013989519995465643,0.003896067587480569,-0.0034497478317426443,-7.468686867886889e-05,-0.021103649124983366,0.05592695022767024,0.00106299454543041,-0.0046570807611116555,0.004845874182770037,-0.011863670179909858,0.003330872889894701,-0.021353087544811862,-0.01458681444630668,0.01792633706285777,-0.00118110097144254
117,0.02553944521024285,0.0009446493456153145,0.00331814566931773,-0.0023435030218830503,-5.68415193000346e-05,0.0030914261781483958,-0.0038001422155626787,0.0011146672798047846,0.005787119039466374,0.009345759635912191,-0.02205713259041445,0.0059937962397363514,-0.015380681267309583,0.019599797767825118,0.003192817361458872,-0.01460652286374951
118,0.01549373256909239,0.0010205588741946778,0.0034147107674605674,-0.0025283457061226144,-5.9823302582520874e-05,-0.01234838139805462,-0.0029338939362750175,0.0010564185915512862,-0.008321373194677153,0.008141020934582072,-0.023223099892950055,0.002192707274182412,-0.013722288331538272,0.030729718136547193,0.005555476175362499,-0.02027023356389927
119,-0.03428434741591841,0.003023069555881467,0.005925036151500799,-0.0074045378857959645,0.0012390210876262666,-0.00845453606251459,0.013152233701496258,0.0011364245888361218,-0.015306639911803487,0.010502134140701593,-0.032671339552931014,0.0028847311780817305,-0.003114418099203873,0.0014116962238430461,0.01159051093232913,-0.003920125451810132
120,-0.021676904221523696,0.0018922196206193106,0.004523557141572239,-0.004650873867352581,-9.406279122551929e-05,0.0035329824019948238,0.00045452307512448636,0.0011443723738598758,-0.005472093876489052,0.013835569214775025,-0.046300770272986264,0.003709300951152634,-0.007253094742879751,0.035630302459875564,0.005982212158406264,-0.019199195977362343
121,0.04183363272760134,0.00027647231648517476,0.0024681525050566323,-0.0007164657062382261,-3.059502386674284e-05,0.0027800638089115768,0.010965425938444765,0.0010321629024261762,0.0063264323274375475,0.0006519594452430878,0.0002187669713077314,0.0010516602265316073,-0.0018468798861805027,-0.020984619013271515,0.0146268826342731,0.022289009245774174
122,-0.019296519631460764,0.0007841714068695873,0.0031140004428256473,-0.0019527329365705134,-5.053782536443623e-05,0.0030166454104180837,0.003028751452252916,0.0007974622787398272,0.004727275330912484,0.010751679960352633,-0.035354680007842594,-0.001236196732647058,-0.015413556898194848,-0.0130810957906028,0.006792639608886766,0.03379889525836433
123,0.004121500712628363,-0.0004474101841879977,0.0015472959798009788,0.0010462166210348743,-2.1603756824249223e-06,0.0024427433674230467,-0.009863880170576314,0.0008612679045364545,0.005358978549197315,0.0007046898539715052,0.0038479411791422368,-0.004115707716533502,0.015701401310835295,-0.016771906160809216,0.015181906589318915,-0.004548817664120617
124,-0.013270085689505561,-0.00042143353942699887,0.0015803410704202006,0.0009829624705346438,-3.1807577943023553e-06,0.0024548481679549316,-0.009877500426539955,0.0009304043300483527,0.0063486995528342985,0.006032812172873362,-0.0034959025294956374,0.007594911920236269,0.0208153883374428,-0.016188015261120563,-0.0015590414941077857,-0.06548332025270825
125,-0.03308284411332613,0.001578190848397457,0.004124078712753201,-0.0038862014701942366,-8.17275052508232e-05,0.003386648813342703,-0.01092595746338568,0.0010632374526330988,-0.00014587155915532775,0.005602236478670629,-0.014009803990812536,0.0042250772681463175,-0.012538765619666289,-0.01036610308836918,0.01899892493423259,-0.05359868526794176
126,0.03574247023502178,0.00073308400550629,0.0030490117646078457,-0.0018283331072533947,-4.853107387774398e-05,-0.004211803476088893,0.06851963354694458,0.0010492641985476248,0.004112830573387483,0.006939640858011729,-0.018079245297872405,0.006549912603869192,-0.031102538526251285,-0.01784170626811543,0.019535886428987678,-0.009529713357075203
127,-0.002178172653388838,0.001088675409345742,0.0035013623384176386,0.025916342949936735,0.00018130432803313792,-0.08759935338013834,0.046860097168850805,0.0009835982152159686,0.0002865699355302181,0.008407359878031971,-0.01798230575308882,0.0045271473830336695,0.026254478825027516,0.020339159617687622,0.007513520532568234,-0.003411553872872452
128,-0.03592153100483372,0.0023525834916614595,0.0051091895808795616,-0.005771877978995561,-0.00011214622976379162,-0.06221451068250598,-0.0004179299874355022,0.0010912838870213387,0.00043737730557667103,-0.011374939957023468,-0.02386330480329146,0.0056523465550226545,0.001469905985362123,0.009994592505310422,0.002599421804279715,-0.028873245922112337
129,-0.02286403915429347,0.0020544293356824376,0.004729905374105604,-0.005045860896031802,0.0007526049348942931,-0.0034120796542823563,0.01985854506563907,0.0010638330462664344,0.000949087944950894,0.013107419366856516,-0.03672597065176004,0.007426348151833314,-0.023548449118376984,0.009994592505310422,0.0028060274991770252,-0.0456634157461965
130,-0.04058269243200139,0.0015230626356268922,0.004053949687105741,-0.0037519621063548587,-7.956202765783885e-05,0.00336095973665837,0.10065844352728752,0.0009767105756264777,-0.001783519823053259,0.010897108412450748,-0.035116370293583034,0.0053502764401353025,-0.008999156027678708,0.038965179336436145,0.00934037188486364,-0.03329350253725279
131,-0.04305116727222834,0.0013524826683629985,0.0038369535920395152,-0.003336593184736676,-7.286151845651037e-05,0.00328147154649899,-0.010807612572679365,0.0008875229203698303,-0.007421809954504762,0.006549704523402229,-0.009892566102644114,0.00517402885322964,-0.023084537438106005,0.0003238994792176959,0.010410175958195362,-0.009882995904276184
132,0.09869301676731794,-0.00674761242688895,-0.006467239998380993,0.01638745658902419,0.0002453162991849157,-0.0004930742549101307,0.0035488938938866847,0.0010919787970765174,0.006171868383913403,0.0049557012124145745,-0.0021387489025257887,0.0035340138415598105,-0.02083803599427496,0.0008997918734310942,0.00651329913336586,-0.0665025187065919
133,-0.014822926762642106,-0.005605794574949928,-0.005014724681829412,0.013607085262591821,0.000200464836578392,3.899897735805921e-05,-0.007159200008551664,0.0009705372793102709,0.005423493615444622,0.006611839081458007,-0.006341482083663036,-0.00024018175923468346,0.005035085512482668,-0.0045676865254511085,0.011607207582113598,-0.011889878273249865
134,0.10468806651581498,-0.006159962996517905,-0.005719686615039481,0.014956507139930077,0.00022223298829844395,-0.00021923676732215377,-0.006868634547993957,0.000814935132856325,-0.015998883850482416,0.0006284490719246855,0.004632882215375784,-0.00030357326188193407,0.02810281985035852,-0.0024955737007856123,0.012213331265516318,0.00020599546792317866
135,-0.024588970889329393,-0.00011635227817837691,0.001968437301359286,0.00024007761410415362,-1.5164578819351814e-05,0.0025970123253127374,-0.010037462766024068,0.0006606580558644675,0.00449012121397301,-0.040872061909718614,0.07154540300222795,-0.005405148509017711,-0.008093249754393862,-0.016455965194539304,0.012173713553123322,-0.038751683636574594
136,-0.025487468634066143,-9.270775885813366e-06,0.0021046565082451915,-2.0670050735688393e-05,-1.937082063609106e-05,0.002646911003060841,-0.010093608487829753,0.0006155628159050862,0.004484676904585052,0.002132441239350461,0.005898481827827809,-0.004992143264497623,-0.008838430721128228,-0.019493397648741445,0.00988871411075858,0.02119856053027016
137,-0.018896220916472178,0.0006271570207586612,0.0029142612284161293,-0.001570396737991343,-4.43701823770882e-05,0.002943478616092024,-0.010427304758938992,0.0005921525760746626,0.004605540572997731,0.0027470695703886855,0.003161959261541913,0.006016367456588014,0.014704173840646954,-0.013547508641124598,0.003492164658968763,0.02180944017717555
138,0.02574097222996587,-0.0002159294164288723,0.0018417644539856027,0.00048255185768837085,-1.1253114057155009e-05,0.0025506105899405114,-0.009985251784830108,0.0008086496181303668,0.005146704926160811,0.002585519719443667,0.04149279773675797,-0.011035946755526854,-0.016103945146786834,-0.01950089624762442,0.013781105245577045,0.007710794659045403
139,-0.006533523885948929,-0.0015312135294941202,0.00016858136563233016,0.00368532034468339,4.041223354090578e-05,0.0019377041896760673,-0.009295612824537676,0.0006673959104351371,0.005201256906228155,-3.89096678419565e-05,0.008263402805776766,-0.03453306373678056,-0.01423368703419892,-0.018716542804463922,0.007355358141324068,0.019530802002662672
140,-0.03150074852145205,-0.002103276973008566,-0.0005591449633376489,0.005078317303477365,6.288331516025114e-05,0.0016711295824072216,-0.008995664520982794,0.0007908541019854307,0.0054553972684580595,-0.0007626933035727639,0.01526257257740642,-0.030278149240910955,0.039744446031642774,-0.0187465371999959,0.013265639152800915,0.016731260473162403
141,-0.01311042172583097,-0.0019067203609836733,-0.00030910377765220226,0.004599694231358952,5.51624238470452e-05,0.0017627225730984849,-0.009098724457774354,0.0006052346943485672,0.004513259528871834,-0.0037266796540713085,0.01096020708635275,-0.032381594556024816,0.12389510255446845,-0.026739043796076046,0.011068387664298856,0.017673727876070272
142,-0.01757186836009996,-0.0007201649541784855,0.0012003225282991498,0.0017103852012872944,8.553636492288079e-06,0.002315642961838255,-0.009720867482958069,0.0006322624493930339,0.004590459835993085,-0.0029555394092277186,0.017243101332637206,0.0014800331080570813,0.035583852300709984,-0.011896817073683013,0.0072757175772418334,0.01597788030301626
143,-0.02977303988782969,-0.0004289379034690648,0.0015707947109079815,0.0010012358917902647,-2.8859807397600085e-06,0.0024513512255790538,-0.009873565685928237,0.000519075636328062,0.004273982131271056,-0.003921815752614044,0.014427142194931443,-0.034710271800999046,0.08614291975447701,-0.031075733483403783,0.004233454474698355,-0.0843972959520149
144,-0.01060500581295457,-0.00047540723465263,0.0015116807154669282,0.0011143905387962342,-1.0606305174014662e-06,0.0024296970824053484,-0.009849200561371056,0.0004154942248825339,0.0038101814145108676,-0.006962378747635381,0.01837810183614473,0.008795508561282998,-0.026620494182217538,-0.038129915405926126,0.012551001057366071,0.013917788604050465
145,-0.014263981150053846,-0.001950014768918671,-0.0003641789286842379,0.004705117815526,5.686306070017423e-05,0.0017425479055453432,-0.009076024031168283,0.0006857540591646986,0.004700434885629848,8.502358579362279e-05,0.015519731647596137,0.008289817256074104,-0.018609798789824567,-0.0146188084682074,0.012982084614751694,0.016659781845318893
146,0.02267169180312063,-0.001612895645798152,6.467291401855238e-05,0.0038842195068118975,4.3620768403809344e-05,0.0018996413168924729,-0.009252784686340887,0.0006609878910130484,0.004465621821727196,0.003974311057609274,0.009495342854067836,-0.007351555783482652,-0.0329654909430869,-0.022662305536691907,0.017996835904259295,0.0013996657162874922
147,-0.013333230082667706,-0.000564305085612492,0.0013985930720144812,0.0013308602982859102,2.4313438210234805e-06,0.002388271765029565,-0.009802589018739923,0.0007517578691747592,0.004417113025080486,0.004204376853653638,-0.002917631217210376,0.006626270550239774,-0.021385963175697124,-0.020287749223745884,0.015608970980731602,-0.08413695845763278
148,0.04972991491018034,-0.0029847511185651316,-0.0016804750383499155,0.007224741477118532,9.750828148995879e-05,0.0012603733510252566,-0.008533483835283191,0.0007104808634154307,0.004933669099809993,0.007702384540955886,0.011162164471318476,0.011009408767373163,-0.03243217515316934,-0.005837449269636969,0.015109380516817634,0.011874139273150898
149,-0.010402695960555642,-0.00011317735492980909,0.0019724761457683036,0.00023234655126523347,-1.528929218858133e-05,0.0025984918009333015,-0.010039127463975181,0.0007211898503712108,0.005240020389070419,-0.001835438051843848,0.023260758213333302,0.0025696946194710747,-0.020070937940283883,-0.015521639773719127,0.0005506032254378567,0.013832379636595287
150,0.003601650503557476,-0.0021858249774712943,-0.0006641549179720634,0.005279324937289206,6.612586276021716e-05,0.0016326632162725655,-0.008952382374253885,0.0008992356627281468,0.005948433926631586,0.008605854601334478,-0.018858127612556955,0.008014640505946198,0.02545085229227492,-0.0027800205517468997,0.004511381566538059,-0.05535367969278957
151,-0.0037557130220545504,-0.0008667886823850135,0.0010138013501373186,0.002067419739666376,1.4313126634885187e-05,0.0022473180877249483,-0.009643988704852176,0.0007854459705789559,0.005412387224293188,0.0021932323475023292,0.004305038060448077,-0.0036714869593462355,-0.008400088975990413,-0.009299302420616133,0.003983334670918815,0.02165894683612485
152,0.013396073855754188,-0.001314452860432897,0.0004443242884660583,0.0031574995999536903,3.18977116962397e-05,0.002038712025225463,0.012939455036108681,0.0009238736935993932,0.006065214363003296,-0.0008046761130699105,0.009217314854098324,0.001562634156961099,-0.025093603769987493,-0.008234501379231937,0.0018085423248428276,0.01944059734452149
153,-0.03728676961741875,-0.00024104017303117238,0.00180982086638702,0.0005436975365052634,-1.0266744682340108e-05,0.0025389092827596887,-0.009972085537398584,0.0006999878884736161,0.004696079438119481,-0.001803866979101995,0.011422016306641072,0.004779272677653481,-0.030156450926328873,-0.03184209028924507,0.01311802266020738,0.017823764484674702
154,0.03441819781112825,-0.003825239891276565,-0.002749667303718519,0.009271364657748221,0.00013052331159870423,0.0008687158049269332,-0.00809279288677067,0.0007037377934889526,0.005115672362649446,-0.005266944968902617,0.02028457955022137,-0.012638983390652447,-0.017079255529718465,-0.01002766632545033,-0.0010422126600624763,0.006411847581812549
155,0.010696931511747781,-0.0012007328822569666,0.0005889883518435433,0.0028805869855415647,2.7430705562020637e-05,0.0020917041519983824,-0.009468892747630683,0.0008331740665757275,0.0045716225255107495,-0.04876886044489389,0.08352888103481228,0.0027305745693713503,0.005707209521693998,0.0007653170001295375,0.0014431435104787838,-0.0740235318995572
156,0.03145091678352654,-0.0021182857010926975,-0.000578237682362087,0.005114864145988608,6.347286926933584e-05,0.0016641356976554663,-0.008987795039759355,0.0008114388546057699,0.005268276354793925,0.002825661389767348,-0.004219583158956235,-0.010082673022535746,0.00572912660895091,-0.012033291573353368,0.009431354814622067,0.024178283009829635
157,-0.012081061479451064,-0.002272991052113759,-0.000775039555383232,0.005491577753412205,6.954981162451705e-05,0.0015920448855989066,-0.008906678848686993,0.0006625509251252445,0.005018545883168266,0.0014919514976619963,0.010647846330939043,-0.0365846432770012,0.03871434293056897,-0.006770274970680618,0.0035121070269787903,0.019200356077775885
158,0.06346548471288746,-0.0024539616772820527,-0.001005253686697146,0.0059322483352304825,7.665847367059653e-05,0.0015077147752267735,-0.008811791065473619,0.000767552421792068,0.005306440963603514,0.0008833686911913577,0.021412174949613498,0.004906055682948009,-0.023438863682092432,-0.022399854575787356,0.014036088255530018,0.014897479701330518
159,-0.02258157524913354,-0.0008910335508286127,-0.2107622709012706,0.25074057007290707,0.0036467033812332423,-0.014473849873669942,0.04206183232903693,0.0007720795913426126,0.004995189795893924,0.0023164938761859534,0.010352988548889053,0.00423180060933616,-0.0013245226398912967,-0.02269279983881605,0.015347705242449801,0.019362952828653142
160,-0.01228187963494007,0.0013438237867759995,0.0038259385618331088,-0.003315508467903267,-7.252139108588458e-05,0.0032774366129883622,-0.010803072487358152,-0.0014784488375370617,-0.002794419190209401,0.0012773353755125832,-0.007713445918863682,0.0034571756565328227,-0.02027915026922423,0.06749484855324225,-0.018676615661183737,0.02461514759470065
161,0.012278962381235265,-0.002607512510758179,-0.0012005868890241017,0.006306150647076289,8.269006570969423e-05,0.001436161954304965,-0.008731280219110755,-0.0014599224975944869,-0.002387674835835018,0.004105633285716349,-0.008375192950268132,0.004982893867974996,0.015694095615082986,0.03462399048977863,-0.014147020213542978,0.02180373102159701
162,-0.04252466606743096,0.002355469785523794,0.005112861257615032,-0.005778906217940034,-0.00011225960555400026,0.00374885134481344,-0.006708218199977725,-0.0013109255752011871,-0.0061104391522271905,0.006003592137463351,-0.010775793066227684,0.006234395806602104,-0.0050285103863056116,0.14377859489646527,-0.01411141245941164,0.025267361527994775
163,-0.02457046645080221,0.0022737876692197627,0.005008952806001256,-0.005580007055811528,-0.00010905107069109674,0.003710788472029846,-0.011290677650856552,-0.0014307866636377102,-0.014915357396090904,0.008231367940619934,-0.025942792677155473,-0.0007285844728124872,-0.009028378810687923,0.10913856740320885,-0.01219688067646958,-0.06005003107170897
164,-0.020913811873564784,0.0005420113518198303,0.0028059467647197894,-0.0013630636891294723,-4.1025596565934376e-05,0.0029038017699041783,-0.01038266058661372,-0.0015914895885448972,-0.006025453482681159,0.004471723384531465,-0.014077123119134444,0.0023617512812418,0.007471535045873411,0.05561506829622141,-0.010633451201513615,0.021591122067851617
165,-0.02305166935301068,-4.592670793744596e-05,0.002058026213704733,6.858858385908261e-05,-1.7930948100441766e-05,0.0026298297845325147,-0.010074388793303277,-0.001719617240599441,-0.003505010451525749,0.0002479168866425511,0.005634590844805932,0.005859809654595523,-0.026836012206910193,-0.0095847490847619,-0.011426156877020675,0.020221609827667818
166,-0.03283748154577286,-0.00010394121457034366,0.0019842255113218035,0.00020985618664293146,-1.5652094717248834e-05,0.0026027957300113046,-0.010043970221651143,-0.0018383169094155234,-0.004242169942655336,-0.004401763230785423,0.0053693534792175765,0.0014622642777695856,-0.023077231742353703,-0.03303836676437768,-0.014169703410276822,0.0044424172734342
167,-0.010168370100924737,-0.00033369020601206736,0.0016919600431784634,0.0007693040066227494,-6.627381816643981e-06,0.002495735494195966,-0.009923506624461592,-0.0015631534050351832,-0.0028943767105723186,0.0013001740238790303,-0.0009377756532627926,0.0043523405120972514,-0.008794596546614407,0.025498195649183007,-0.013310340043589787,0.022867460888993375
168,-0.023259631627171592,0.0001321576233685137,0.002284568668283177,-0.00036505375901472125,-2.4926234356312617e-05,0.0027128149170677707,-0.010167763214742914,-0.001886147467094872,-0.004458581240826688,0.002662768088918415,0.004162321508405583,0.002453957103274174,-0.001291647009006031,0.08170119409035795,-0.015633744849695905,0.021229618336617507
169,-0.029698596815180375,0.0012658938524930025,0.003726803289975443,-0.0031257460164025737,-6.946024475025228e-05,0.0032411222113927075,-0.010762211719467224,-0.0016817819043035403,-0.0037448867231592037,0.004284983847888156,-0.005589527420307243,0.005536609038825755,-0.03420380637310105,0.10044969092419526,-0.015200698515189483,-0.08301727886556656
170,-0.009678381568217903,-0.0002774074756965694,0.0017635577395201116,0.0006322533472055825,-8.838209725711774e-06,0.002521962562015051,0.004302850729562986,-0.001658491553467718,-0.0036973034591084434,0.0012044532182255336,-0.0025870942971497526,0.0017883463254778696,-0.0008058182414783438,0.0660296223315065,-0.011201215559731368,0.002217445161359707
171,-0.0033215891550279573,-0.0009663658206355089,0.0008871285027636349,0.002309893983250593,1.8224591397081995e-05,0.002200916352352723,-0.00959177772365821,-0.0022177550503354637,-0.004773752311295608,-0.0031584003447179283,0.01655173388477112,0.007404737412294464,-0.025729199300437305,0.056376925942732914,-0.012505334400433605,0.01152976300865244
172,-0.024746572982688446,0.0013614301793362317,0.00384833578991947,-0.0033583807254645324,-7.321298340615702e-05,0.0032856409777933067,0.0014621193440792822,-0.0015409369842202083,-0.016501284720803228,0.0034876463299183544,-0.005226004127368866,0.001858941407971421,-0.01253511277179004,0.13169235321686618,-0.015373596313715862,-0.004814179215411856
173,-0.024783131885055102,-0.0010737359523143061,0.0007505421282041825,0.0025713444719848836,2.2442170792842105e-05,0.002150883176820931,-0.009535480665675158,-0.0014959287043012162,-0.002608604910798376,-0.0021256232310881257,0.012929291589768776,0.0052652741979492025,-0.022785003912261962,-0.011682357145629565,-0.010919029901425502,-0.0065634644846811275
174,-0.02464159943568028,0.002685084544602247,0.005532166740805603,-0.006581531105398515,-0.0001252071207958228,0.0039024478137846914,0.03464893235273582,-0.0016407289823242438,-0.004641727808637613,-0.0010122391232238006,-0.0036473705682199334,-0.012818112409496625,0.05889998029416375,-0.0028725032713037392,-0.01243048338083458,0.02306659623557337
175,-0.015036818840221804,-0.001215164351568633,0.0005706299681661972,0.002915728180263916,2.7997584513063676e-05,0.0020849792628140017,-0.009461325938761993,-0.001579433290640411,-0.009863147170253135,0.0037136817762509888,0.001225861131003601,-0.009600033172834973,-0.02551368127574465,-0.012534197978736897,-0.015800527193315015,-0.035512765493748724
176,-0.006534463901563645,0.0013262173942157674,0.0038035413337467474,-0.003272636210341999,-7.182979876561209e-05,0.003269232248183418,0.013433113646702037,-0.001545641026545281,-0.0027624066510082046,0.002357804960731145,-0.002418796476344942,-0.0029098284502661765,-0.01118721190549153,-0.01745677819212205,-0.014277003939038765,-0.013654007347023375
177,-0.018501910563252174,-0.0009594387153659103,0.0008959405269287594,0.0022930262097838675,1.7952489500581392e-05,0.0022041442991612248,-0.009595409791915182,0.0008869183723717525,0.006061457789525605,-9.734973866198232e-05,0.004221562341328892,0.006559517376997576,-0.020377777161880235,-0.013700979964929767,0.004080947152797544,0.015610667416203613
178,-0.05313900494099194,-0.0003816026841267987,0.0016310102093696766,0.0008859727731009526,-4.74534369918116e-06,0.0024734088621038235,-0.009898384819017543,0.0008790827255215066,0.0044705217001763595,-0.0022398164729203664,0.0015449537992494678,-0.011840346505028153,-0.02658396570345602,-0.017239318824515435,0.0135072740506376,0.021438345064569476
179,-0.05738804194853604,0.0007677195318542895,0.0030930718854334754,-0.0019126719745870375,-4.989158336024724e-05,0.0030089790367478914,-0.010501005477320037,0.000908120173796861,-0.015918634730103905,0.005591153016963381,-0.008783146867898942,-0.0005143980320497502,-0.03203036188679304,0.1193571580543519,0.00013477838025875385,0.01725056526458777
180,0.05374412985312963,-0.001722574812566814,-7.485080192927318e-05,0.00415129258670176,4.792904843173628e-05,0.0018485321590911812,-0.009195276938938842,0.0007682118353332516,0.0053945298895006835,0.002654371527018986,0.00025309972675192455,0.0016946997874762245,0.013915158699398973,-0.010056161001205667,0.0054424024116291264,0.022810826065654103
181,-0.04551435028684712,0.0015646252672444903,0.004106821832096495,-0.0037393112762548115,-8.119463903684274e-05,0.003380327417509384,0.022770858463020578,0.0009919364297991747,0.000601305461248102,0.0037791749590665377,-0.009558663226167413,-0.006191299189575108,0.03635460320257731,0.01153980378179806,0.00480139531404894,-0.05290422358336631
182,-0.011627890738657286,0.0020593360352484046,0.0047361472245559,-0.005057808902237401,-0.00010062724947859746,0.003610856618749951,-0.011178234871067816,-0.0013378772020980977,-0.0019862659046608337,0.00976525186840768,-0.024430131863762007,0.004455111584570848,0.11192472006433095,-0.04151778238125982,-0.01223626052298789,0.03113865712498081
183,-0.0004403149331458288,0.001529412482124026,0.004062027375923773,-0.0037674242320326935,-7.981145439629782e-05,0.003363918687899496,-0.01090038164940951,-0.0012710428988290845,-0.0016225315944513236,0.006172195100403888,0.02468725054247474,-0.006285906204889591,0.03861206319003672,-0.013174078416751852,-0.011111759575426577,0.028960500088650497
184,0.046277169752896065,-0.0006075994935474914,0.0013435179209824429,0.001436283882452965,4.131980674152587e-06,0.002368097097476423,-0.009779888592133851,-0.001624572484013822,-0.003082640929207926,0.006372369136086286,-0.012085150112088942,0.005905912565611736,-0.051996828377818924,-0.04461020456060384,-0.010526202849782248,0.024331516745558047
185,-0.002804956573176015,0.0005590404856075973,-0.20881738373449257,0.0028672333315470726,0.0001749212710443935,-0.050132440276064186,0.02489319701451083,-0.0015400529894342848,-0.002672902204670166,0.005882681646111569,-0.013262561666439264,0.0013859063313990038,0.018210907801749072,-0.054631832014420394,-0.012123889614548753,0.027236335103926854
186,0.04831372745127725,-0.0010890333097846713,0.0007310822415061972,0.002608594138390573,2.3043062480947678e-05,0.0021437547942854875,-0.009527459848274345,-0.0015102102581275938,-0.0025769734732543357,0.012645944324863882,-0.007397046015750696,-0.009845435126264915,0.03847325497074315,-0.06504538623652109,-0.00974986541569074,0.021001937212144724
187,0.028137426464012946,0.0016693977344471866,0.0042401036975940245,-0.004108293820839492,-8.53101802214151e-05,0.003429150112987987,-0.010973779695435804,-0.001123733408819451,-0.012408144036748232,-0.02640142713224215,0.0776667313405398,-0.01532111628675084,0.027032535422646945,0.07922965589852533,-0.011702856274023286,-0.03378745867790938
188,-0.025351884480220514,0.0010702031286268108,0.003477863607310638,-0.002649231415967503,-6.177336617410894e-05,0.0031499327140525075,-0.010659605791207782,-0.0015421757194846045,-0.0027041525405570475,0.006989684366932326,-0.01227633643652319,-0.001494084891143873,-0.0007729426105928758,7.844534244789811e-05,-0.012491894211204528,0.027350518215497964
189,0.056757373021263734,-0.0016512833541671823,1.5839613436815344e-05,0.003977695084773346,4.512866641358371e-05,0.0018817531116620215,-0.009232656974750173,-0.0013548684782828588,-0.0025032575241413775,0.006343820825628226,-0.009348627545803045,0.0005109114994041537,0.02949455489117085,0.037361478988661254,-0.015959685551995777,0.01802152963391583
190,-0.005802392068890683,-0.0008177216867253497,0.0010762198546402921,0.0019479396776103872,1.2385738201338954e-05,0.002270182710951842,-0.009669715855005721,-0.001393988926391731,-0.002540605486542774,0.00034363769229604296,0.0038829471258696314,0.005625933428919641,-0.03484670759930317,-0.12221020496108727,-0.015215797627067184,0.021272322820345087
191,-0.025007721648532256,0.0008335270319154863,0.003176786115002171,-0.002072915822520955,-5.2476551377003405e-05,0.0030396445314286665,-0.010535510125761262,-0.0017445913008572443,-0.0031944670440365946,0.00302952991268549,-0.01097573087734377,-0.040805460828265076,0.13599698756814743,-0.05382448286801876,-0.012505417269835107,0.025794430771007005
192,-0.021879941430267134,0.0019262778881948429,0.004566882927050774,-0.00473380708689733,-9.540062554998081e-05,0.0035488531404699623,-0.011108468893298489,-0.0015382717608823078,-0.002448923316449551,0.005628769614272825,-0.01614314716733409,-0.03143168249362865,0.014937956104720472,-0.022640309646635156,-0.012265557925656572,0.02802693896844515
193,0.016780247185458144,0.00125608045336107,0.003714319589074848,-0.003101850003991375,-6.907476706354302e-05,0.0032365492867473295,-0.010757066289436516,-0.0016630624838653086,-0.0037074298745700474,0.0072896095579799425,-0.013652339419423157,-0.0023196151415276153,-0.018551353223806136,-0.011159954756781406,-0.014714763087101082,0.027580026269755864
194,-0.003679966255618314,-0.0015482426632818873,0.00014691847289306114,0.003726786954455766,4.108115070313659e-05,0.0019297688204384983,-0.009286683990072623,-0.0016108357503260772,-0.0031552135733494135,-0.0005477413189473732,0.005801542283044264,-0.004794765176709544,-0.020743061949495007,0.017433202597233927,-0.01437809233192502,0.019468914756191127
195,-0.011572488375738358,-0.001481857904448223,0.00023136703780885103,0.003565137458732953,3.847350752833869e-05,0.0019607033106866486,-0.009321491310868596,-0.0020570125047713796,-0.004546234621972821,-0.002105471482529494,0.02199313902703164,0.002762750559351394,0.007511716372511184,0.029727405419187856,-0.012050657617516145,0.013568159916419742
196,0.047206641782642576,-0.0018911343741270746,-0.00028927672328066956,0.004561741741058814,5.455019457991876e-05,0.001769985453417616,-0.00910689661135254,-0.0014490266243810258,-0.002382121640259299,0.001103022750480429,-0.007226728621096246,0.007026789589692963,-0.008732498132719927,-0.11047789714876516,-0.011581441858490409,0.02468183053185817
197,-0.02759438573070478,0.000805818610837088,0.0031415380183416677,-0.0020054447286540424,-5.138814379100081e-05,0.003026732744194656,-0.010520981852733379,-0.0015015634068112629,-0.0034730523554184324,0.005718444895358731,-0.0038250930669897834,0.0036252591862793726,-0.014642805996327519,0.029213501442407162,-0.01255403245076545,0.024633645258775174
198,-0.03010386066182574,6.115479435511556e-05,0.0021942454205906357,-0.00019215908098075475,-2.213718991718092e-05,0.0026797284622806176,-0.010130534515108959,-0.001472847818201914,-0.0021431164581279206,0.0015070653090809656,0.005951663939202158,0.006573444298033719,0.0014406832023529088,-0.07451911606528737,-0.011076072021130826,0.02095375193906173
199,-0.01276156189808745,6.779327023848257e-05,0.002202690277082215,-0.0002083240305530377,-2.239795423466075e-05,0.0026828219113054328,0.012587447087537212,-0.002092939470164316,-0.004555489947932351,-0.0008231485492486548,0.014619674901932129,-0.0005023920656392843,-0.03228971408599952,0.04478559178941095,-0.012949259645815222,0.012952027846382082
200,-0.0024739385500017618,-7.538999568413673e-06,0.0021068595142864728,-2.488699410237025e-05,-1.94388461102162e-05,0.002647717989762967,0.0634787768148005,-0.0014777989239670743,-0.006377264755331038,0.0026157473422816152,-0.007990800727549995,0.00741338170811001,-0.023340236789436433,0.016911300114978038,-0.013336588159206846,0.002815993032215418
201,-0.03591789114109276,0.0018471934363669125,0.004466278984498921,-0.00454123333981885,-9.229412889826508e-05,-0.0070823896733335796,0.037618299488987254,-0.001595034506006085,-0.015877802409694212,-0.005992407917013307,0.005089979096681624,0.0043561824213486046,0.01167231010344397,0.07751347656750561,-0.015848147941427315,-0.03839200683512562
202,-0.005876348182631297,-0.00017580993174244052,0.0018928007606086236,0.0003848593363602361,-1.2829037541054602e-05,0.00256930578187309,0.002806892616222918,-0.0016778387904145577,-0.015774632746792402,0.0017095903820952025,0.0070206916969541774,0.005834357005805348,-0.023793189926078852,0.08530752024648273,-0.014555029246465435,-0.058121706683496206
203,0.03651781360615617,-0.0005692117851784594,0.0013923512215641826,0.0013428083044915123,2.6240826643781513e-06,0.002385985302706875,0.010395039885922894,-0.001587108577334981,-0.0033028088008569692,0.0008353403571266254,-0.003263651536784999,-0.0016453600679157653,-0.00851332726015102,-0.024851896410524228,-0.010848343836561313,0.013274480953458866
204,-0.028869241071429557,-8.027360489921149e-05,0.00201433326055265,0.0001522246272982772,-1.6581776196959377e-05,0.002613824548273689,0.004904714706978607,-0.0013892587591458692,-0.0036791194657526654,-0.0007019021954208955,0.0018135571212539404,0.0055687850288057995,-0.016198919191566782,0.06008423323048187,-0.017745660804690165,0.02131114507827926
205,0.016571150728522718,-0.0007239171361995204,0.0011955493485430377,0.00171952191191511,8.701025019559336e-06,0.0023138944906503154,0.004514721377886311,-0.0015103752077963817,-0.003370590452737053,0.00487744525551189,-0.005438732572866148,0.0026287639742105925,-0.005339002455778214,0.06299918856959519,-0.013114769790659392,-0.0401538522466677
206,0.038448417675675174,-0.004447236218609373,-0.003540913640212111,0.010785950150281524,0.00015495579438865834,0.0005788730810801314,0.012140854028107112,-0.001621969315386419,-0.002493675539618571,-0.0032971115472965043,0.014825671434597175,-0.0027374227726118675,-0.015570629356869276,-0.012301241506772106,-0.014915805789767827,-0.010402072329478405
207,0.00636727814868137,0.00022365313880447595,0.0024009608207975464,-0.0005878489335544219,-2.8520246905925347e-05,0.0027554507144967435,-0.010215736782970412,0.0010482958754700893,0.00656636304216488,0.008245810027086952,-0.013554053492073172,0.003734273361286404,0.019284845077336698,-0.013633492574982881,0.008494643603961077,0.027900424080824382
208,-0.01898137400309246,-0.0009877243952167763,0.0008599580949211618,0.002361902951439675,1.9063572244625712e-05,0.0021909635163598383,-0.00958057884653255,0.0005718973697524287,0.004549300857020119,0.0016924613958203682,0.007607714495921278,-0.014198318308043937,-0.02360689468439521,-0.003478390061049117,0.0010686858428355442,0.01994894055723602
209,-0.017723876590046827,0.0013651823613572654,0.0038531089696755803,-0.0033675174360923454,-7.336037193342823e-05,0.0032873894489812453,0.0008088010663565644,0.0009016118911652593,0.006061457789525605,0.0037536494108922703,-0.010325428097754042,-7.017727486245683e-05,0.0018753720996144707,-0.011756343321275004,0.004429788967664846,-0.08594310691646445
210,0.08571747270425271,-0.0009513570925513773,0.0009062212217880731,0.002273347140739351,1.76350372879973e-05,0.0022079102371044784,-0.00959964720488165,0.0012265738915148699,-0.05934669296978384,0.00431319629587024,0.0038425556488765156,-0.01137595572427128,0.0006808908441139346,0.14562874919419433,-0.0007619514134137533,0.021886399594374478
211,-0.03282965938305103,0.0008750896635330842,0.0032296582599929255,-0.0021741224633213233,-5.4109162756007286e-05,0.0030590122122796815,-0.01055730253530309,0.0009611359345045543,0.0060001004227233125,0.00779709775918145,-0.012952893676158473,0.008058822462336709,0.05001990710724765,0.009123755221699474,0.0010595686740515811,0.027791036659939265
212,-0.01838471373123422,0.001076264345737711,0.0034855741284551232,-0.0026639907177508906,-6.201145533354702e-05,0.0031527571675099477,-0.010662783850932632,0.000986821256963902,0.005994873885710872,0.006447266468229191,-0.0063933178124709064,0.001815719928893749,-0.0011163103109509457,-0.016895383089082405,0.014322739653805818,-0.028899964770219954
213,0.006252738016531863,0.0002556910006763748,0.002441716432561254,-0.00066586238583804,-2.977871817724085e-05,0.0027703799684860677,-0.010232535098658905,0.0008490512464762923,0.0056002158981777565,0.004933534289000077,-0.0007661118760419019,0.0045694083847985035,-0.04423087379312802,-0.01307609672468083,0.014870945298650134,0.023104733394838123
214,-0.010520034565420399,0.0023476767920954933,0.005102947730429265,-0.005759929972789963,-0.00011195349092043701,0.0037452199046538745,-0.00044365713758904755,0.0008553516690962387,0.005494759625333,-0.00013731737330326845,0.004370337614920308,0.0008989443337904442,0.015350727914725124,-0.015543635663775856,0.010565276785439524,0.02056164713392655
215,-0.04781687076382688,0.0035864741178089116,0.0066788313852926065,-0.008776450127756526,-0.00016061438007796978,0.004322484392241101,-0.01197895458555262,0.0007673593092019142,-0.012332958124100528,-0.00037074179410740354,-0.00472245704752095,0.001062705715629235,0.02844618755071639,0.07119265761573942,0.012189825513241628,-0.011216654647426636
216,-0.01119392405456959,0.002052408929978805,0.004727335200390775,-0.005040941128770673,-0.00010035514758209682,0.003607628671941448,-0.011174602802810843,0.00088239389875898,0.005721242895872075,0.013251504369050723,-0.019337439806209028,0.004259174212752038,-0.011468481191954916,-0.02570473705681599,0.009268079074381408,0.030230673021767417
217,-0.01785898303103905,0.0024282043908545902,0.005205387511348854,-0.0059560178393406795,-0.00011511667546725705,0.003782744786302718,-0.011371642505751539,0.0010400073271214292,0.006474190884226741,0.007445785609309325,-0.016066403361047105,0.005244143697066759,-0.01423003418632287,-0.02105060668344182,0.007343193220107017,0.0286878308182187
218,0.004863117556313856,0.0018774995219214114,0.004504831590221347,-0.004615029848735786,-9.348457469545542e-05,0.0035261230150267554,-0.011082893079322316,0.0008270442422560908,0.005749716633971098,0.0017263835058940592,0.0022154523173357915,0.0041832965050378895,-0.011749750478418305,-0.02257232235009606,0.002726067734437146,0.02205379203593771
219,0.03867599699700889,0.0016024357168410563,0.0041549207973311415,-0.003945238677327786,-8.267986188857547e-05,0.003397946627172462,-0.010938669702285082,0.0007771701637457174,0.005127323184739678,0.0028730179988801247,0.010204886466580838,0.004073802091374425,0.021012642122754794,-0.008420966538122259,0.008199990704584522,0.010798077629704826
220,0.015020796844242205,0.002347965421481727,0.005103314898102812,-0.00576063279668441,-0.00011196482849945787,0.0037453544024375627,-0.01132957104844162,0.0008600138281023568,0.0022308961472518544,0.0013078988608265039,-0.004713705560839111,0.0016284268528904589,0.010401119042544349,-0.001980170004228276,0.007386865394699515,0.0006236772900502861
221,-0.014411871803406355,0.0018122692806326808,0.004421851695999745,-0.004456191648590761,-9.092228183674096e-05,0.0034957265159133557,-0.011048691103235836,0.0009980179198059026,0.0010073420554020495,0.012282541125856581,-0.03586428580923951,0.0058218708007384485,-0.013298557977905062,0.017941607601500494,0.004111031814780514,-0.03571852346079985
222,0.017003188069086475,0.0013778820543515315,0.003869264347311644,-0.003398441687448013,-7.38592254103461e-05,0.0032933073514635008,-0.01082093015628826,0.0011653278018765889,0.005320269509448928,0.008017759405898453,-0.017971534692557342,0.004286067577511486,0.01649041645208328,0.0013482080866337588,0.014812777117268652,-0.01841178923996803
223,-0.03417295402456445,0.0020830036449195374,0.0047662549737867484,-0.005115440461582058,-0.00010155693095830803,0.003621885437012335,-0.011190644437612465,0.0010993464098728806,0.005615732179933439,0.008930969478080383,-0.026749275834452017,-0.02318502428560689,-0.011727833391161393,-0.012460211803091458,0.01515119119911339,-0.05139540794706576
224,-0.03725862154328994,0.002126875311627002,0.0048220644601658785,-0.005222269693538002,-0.0001032802429694788,0.003642329100132852,-0.011213647536573286,0.0009949100491614706,0.006193155633620322,0.004949655687846984,-0.01892477354959566,0.004964644799031095,-0.01914676742761838,-0.006383847174910654,0.01492428250084764,-0.030215125849295917
225,0.10107878256152286,-0.0017834756130620437,-0.00015232318104766986,0.004299588428430076,5.0321277605137765e-05,0.0018201531267330953,-0.009163345005512968,0.0008438690121889462,0.005335840234298489,-0.001689337874793781,0.006678037333795635,0.0030806685499005656,0.032829605002094135,0.0037842529104202744,0.00990464345126986,0.015997748164429653
226,0.0025362491339035323,0.0022050938752962326,0.004921566899697091,-0.005412734968933141,-0.00010635272688413197,0.003678777999512195,-0.011254659640641585,0.000944845152817499,0.005597548186577658,-0.00040903011636879747,0.011883825526929431,0.006063911083573471,0.009685160858819397,-0.01838060557450608,0.014990538121968466,0.007502067931093411
227,-0.023764173450805347,0.003342582286441755,0.006368574701145467,-0.008129852144865276,-0.00015103412580534276,-0.04084025739665449,0.017062155180125892,0.0007305838615842981,0.005110554711824765,0.008033209079793399,0.005989362651062432,0.0016332292394546238,0.040306984604569544,-0.011097466432756546,0.00787814589918491,0.02214650872253345
228,-0.0060003223731305445,0.001225774367806571,0.003675766983352422,-0.00302805349507444,-6.788432126635265e-05,0.0032224270194601296,-0.010741175990812264,0.0009473205211567198,0.005881577807347454,0.013367376923262847,-0.023346293897779154,0.002274347845773591,-0.03017471516570973,-0.027851335963719193,0.009995472919173656,0.03205623260956619
229,-0.014527250244562988,0.0019525431623420757,0.004600295185343544,-0.004797764061292008,-9.643234524087914e-05,0.0035610924387855345,-0.011122240485439508,0.0007405395264998436,0.005118122301874028,0.0011581041965406844,0.0017825903222258653,0.004489208529176595,0.002503661934311979,-0.017159333769763547,0.01579018641177929,0.022205427208104134
230,-0.012184885433592625,0.0019095373837933103,0.004545587201985054,-0.004693043301019404,-9.474304596677093e-05,0.0035410522690160805,-0.01109969139501081,0.0007941469011232096,0.004951526434602497,0.0008806817913835423,0.002303640375437497,0.006269453228520663,-0.002508045351763276,-0.04529307696554788,0.009275779790247074,0.02147853751984251
231,0.04983749584476236,-0.003346692368901717,-0.002140903300977741,0.00810608264075508,0.00011172560558211771,0.0010917131302809924,-0.008343708268856439,0.0008518775520960577,0.00547897112810792,0.0069335953334441385,-0.023584603612038714,0.00787633177289761,-0.014091225967029301,-0.02140304083094223,0.012989473803052449,0.030270637110817306
232,-0.014533047521190263,0.000500737349588466,0.0027534417874025816,-0.0012625598722235522,-3.9404322765951354e-05,0.0028845685868368505,-0.010361019513249267,0.0009777897370503814,0.006080349543101821,-0.004479011600260171,0.014081795066639983,0.002112027179904071,0.021319481344351344,-0.007695602072841231,0.005250438512282686,-0.004367266516722568
233,-0.006647623289465931,-0.0009172988249758453,0.0009495470072666086,0.0021904139211946037,1.629720296353576e-05,0.0022237809755796156,-0.00961750487381176,0.0008459656975547208,0.003851993710610389,0.00406532978859909,-0.005673676330709629,0.009453915759233001,0.0043081687851291624,-0.005968424796793139,0.009581816490000566,0.02476221544240423
234,-0.024741974611222285,-0.0008099286932970502,0.0010861333818260586,0.0019289634324603183,1.2079623567775727e-05,0.002273814151111407,-0.009673801931794814,0.0011240902883961673,0.00024720757865527777,0.0017532525039722366,-0.003757100747384673,-0.006105336470076142,-0.02102798408383465,-0.013036104197304858,0.015174624824316408,-0.0341733975950197
235,-0.011997230578728207,-0.0009536661276412442,0.0009032838803996973,0.0022789697318949275,1.772573792016419e-05,0.002206834254834977,-0.009598436515462659,0.0010335830839309638,0.006181777026999489,0.007744031487977055,-0.006037872814931206,0.004689468048903189,0.027569504060440758,-0.020438221107997825,0.01483621074247167,-0.011685490503537599
236,-0.0025305120799160165,-0.002149169045419664,-0.0006175246234316076,0.005190066302694439,6.468599022456793e-05,0.0016497444348008911,-0.008971602068780359,0.0008835449037150523,0.0060685353917299505,0.0001652947175521633,0.012429783657620179,0.008011278835351278,-0.05262146536464038,0.034889940796828625,0.010463530041196888,0.017802983158368743
237,0.058789831635161056,-0.0014873418627866556,0.0002243908520114604,0.003578491112727445,3.868892152973503e-05,-0.01604397700043911,0.04813994722090108,0.0008189358242734335,0.0055217089568033945,0.0012716257134209703,-0.001374676796072038,0.0054799408773683455,-0.014383453797121045,-0.018200639201314425,0.007362604610100001,0.022842112238224598
238,0.006862438308278294,0.002163819873064867,0.0048690619223798835,-0.005312231152027218,-0.00010473145308414895,-0.03825090606510059,0.0077228970020336105,0.0007216172848860303,-0.008181781101969899,-0.003318942608235019,0.018398297574641287,-0.00030309302322552826,0.00048728990667819126,0.021197999143085833,0.009731498579157519,-0.03428758070659081
239,-0.03376675632634117,-0.0006234741097903241,0.001323323698937363,0.00147493919664755,4.755547520299906e-06,0.0023606997193736036,-0.009771565102378291,0.0008097024460192493,0.0037338521968916885,0.0007748851114507345,-0.0007701510237412211,-0.00010763589006312552,0.021571527847805517,-0.005253058463356161,0.015561209047713038,-0.015523184883442303
