face wenli variance904,face wenli variance544,face wenli variance686,right ear wenli variance398,left ear wenli mean480,left ear wenli variance358,face wenli variance648,face wenli variance179,face wenli variance896,left ear wenli variance512,face wenli variance1163,face wenli variance479,right ear wenli variance1303,left ear wenli variance1400,face wenli variance895,face wenli mean464,right ear wenli variance1182,left ear wenli mean1280,left ear wenli variance472,left ear wenli mean222,left ear wenli variance214,right ear wenli variance1294,face wenli variance1024,face wenli variance128,right ear wenli variance1464,right ear wenli variance1351,left ear wenli variance496,face wenli variance526,left ear wenli variance1184,left ear wenli variance488
0.3099465506843674,0.09709238937510685,-0.3350515695649867,0.2740058921432622,-0.29905628058644007,-0.18695296792915891,0.6455528227524784,0.15488884618454465,0.4194023817766296,0.047218435731660714,0.7285097964987077,0.06912562297869854,0.27415152516128083,0.15030133147967328,-0.23683787052419578,-0.03338818680746391,0.6190126526788434,-0.5280934500398896,1.1634174303437832,0.1728095508892348,-1.133042155264865,0.03737445745083232,-0.09474950539055413,-0.42225116894738185,0.11629312525711996,0.291851974822574,0.3758330832463437,0.12483975011219911,1.6235876951347579,0.49257357593578405
-1.145283338650536,0.055072599171490315,-0.7819648483167909,0.3323085888596649,-0.22255914456433223,0.30175905928119523,-0.7179184513436464,0.9820383441330323,-0.7021788802179817,0.6468059065761039,1.698750504413893,0.5876120421826723,1.6871337475650592,1.576520682937205,-0.5470272115603805,-0.597607907431375,0.5099255032583123,-0.9497342330733475,1.1284366014378142,-0.012285789501628609,-1.5319932658871125,-0.16653402628652603,0.16499740846635003,-0.2939446226013862,-0.1771275060242994,0.5575945705659148,1.2061617771011144,0.07382326423530938,1.4144680472701379,1.1230257358117837
0.14223215524890243,0.3337204493179799,1.6067169026982604,-1.1835466904750245,-0.4359133927648317,-1.759725046814333,0.043180004174237036,0.26629290732263067,0.3235303710124585,1.2755842039440968,-0.3376683583677104,0.5731858949047386,-1.291159018185858,1.6853333952423992,2.134448859789901,-0.7147411284190477,0.10456151868235182,-0.7054802961589363,1.3422032793382748,0.418283585204391,-0.9429008516727152,0.2896894851906842,0.1825796044432094,2.0172954471479607,-0.5032406314129866,-0.7566479461942854,1.4988090929772024,0.5537688499227301,1.2884120374288324,1.478974589787252
0.3279089772036449,0.3257906958062004,1.5583778237465074,0.7338702669053626,-0.3195879348800096,0.7929613815368592,0.22985274035631195,-2.304894579476436,0.028307782097424215,-1.0366347221604737,-2.915969373079543,0.052882849747245324,1.7559057485144078,0.8993333658876848,0.9407738063381654,-0.0314125573060253,0.6891734047634172,-0.9675047281728185,-0.9062588688973411,1.1000965717511197,0.6314607726291419,0.5756473876421204,0.3438771414483168,3.0000798100263584,0.1236502048932617,1.679122991176362,-0.6498230249173269,0.49474683218547966,0.5738926354918135,-0.7249522975027327
-0.17749903679430293,-0.4953998248439079,-0.6034036068063671,-1.2137068386746286,-0.5527225537833866,-1.1090991726893953,0.3647973052697813,0.4024407568608845,-1.0173549002732805,0.10355793219069863,0.656020548206193,-1.090416037116587,0.7531468506140558,0.06831869521898068,-0.10593058314642334,0.3350512806054661,-0.49633352248621015,-0.7448096262407595,-0.2887039492257572,0.5488414405201958,-0.5590379835551107,1.0061455320097734,-0.5955144721724878,-0.3551669829141314,-0.5084159563984098,0.6575354246393671,-0.20843777186821208,-0.4348821410040812,1.1896277604858858,-0.31199895729061694
-0.592431089389701,-0.5012220026714914,0.23404861587752415,0.9041497460175436,-0.18371881208115742,0.13945435888416324,-0.33589375561227797,0.6279855193287798,-0.43058438747824646,0.7624709099674867,0.5123288430109767,0.040166468072621024,0.4990725137734022,0.45398262090170766,0.5895951595222098,0.2846418591078067,0.1260559493755608,-0.5819182409331203,0.15280960781110126,1.3177646286011415,0.8096988710404335,0.7722132323162132,-0.4343261413535751,-0.398326620077497,-0.06756621433941673,0.6128392781288443,0.2924182076527995,0.48637643694274224,0.1442476950259698,0.16125811660968295
0.012395050517140283,-0.2683085448720116,-0.318003222458873,1.530391918152281,-0.14678241746480594,-0.06741880575427084,-0.3421427964366719,0.05078249222438947,0.14696271607883551,-3.3510159317112342,0.15188427704366164,0.7007771530518008,-0.333998947001924,1.1553526530822151,0.5255262896772288,0.5417360825880619,0.8763797399411438,-0.415144530211154,-1.175400487051207,1.1414864529615172,0.7747952016819788,0.5760262782699402,-0.20401029467532855,-0.4371495436989669,2.3506466671666426,0.05883696593413742,-2.0492492873022257,0.372302973570564,-1.7121815860609781,-1.8414886502946486
0.16706716234947275,0.17694316311000396,0.3366788151647075,0.2546310010716022,-0.161911004839015,-0.8711922415446068,0.366290131688943,0.9411027679318322,0.37016187030710646,-0.25028430889638426,1.0244718161545352,0.4045068321031147,0.3963298022101848,1.4447895248062208,0.4638576944950353,-0.41293285286325,0.697131838436038,-0.5891985047920164,-0.005642781468215885,0.34734903894497376,-0.7408330944520881,0.08562421912457267,0.2903661102143932,-0.316126186124289,-0.4673854387035156,0.4384499258585957,-0.42511169308390284,0.20714863666578326,1.4713871840215587,-0.39366642783987416
-0.4827431413621789,-0.5359970014606936,-0.2930896778100339,0.2820169497073479,-0.005458769966409733,-0.9530927969809506,-0.3690136719815736,2.2608475003905837,-0.366057269462962,-0.06525462542963309,1.9698345572000955,0.290166257381712,0.7746588654037684,1.2906294687383009,1.004288766645576,0.5078031024402958,0.37972686032965547,-0.8701067989701858,-0.8828321759369067,0.903585803140963,-0.0894193416540559,0.46414902151060156,-0.9015648089746637,-0.18968712407863111,-0.5040693599237238,0.5441383933259843,-0.5861502301566928,-0.6778382285625109,1.2210205552444418,-1.08374175914948
-0.39425866637806767,0.03557752409269757,0.6723739492043064,-0.5636985290997708,-0.4994122935123636,-0.9652762583909659,-0.2886787804946234,0.951137115301483,-0.14939901899706098,0.8114655071013728,0.21894040613476762,0.4579904373816796,1.2091351177782177,0.15885653730431518,1.107315940632594,-0.22732400466358588,-0.2553827858540464,-0.824870839719824,0.9390822055220123,0.856315641450234,-0.049091034517866436,0.6144248836203665,0.07613087445287271,-0.37394557504530734,-0.35679246458689756,-0.18743136325091192,0.4753533405719992,0.49294397782550486,-0.5749988072800967,0.8519548308473808
-0.3641130288283132,-0.30545456630592993,-0.4133634283416996,-0.29391874798328577,-0.07165405839560327,-0.695040160626568,0.16774421794051855,1.178620331238518,0.2659116232630462,-0.9209697187690908,1.5702143422541879,0.31704163545875097,0.6077953993322166,1.5685833530887876,0.46958142638320355,0.026266563372711122,-0.11880740632159435,-0.8050326629285512,0.49547616717218335,0.35088502155939266,-0.5860294312406118,0.5774242540346549,-0.22418613757423905,-0.2770335147705483,-0.6558112415224848,-1.1722342040666958,0.5350074300237666,0.3962981065997448,1.4439578811108975,0.6034608389369958
-0.46462451982968567,-0.9976351103873171,-1.010310664543575,0.5275261934630102,0.06159071761384517,-0.31234993234076436,-0.879282572186921,0.1658354069514409,-0.18203004450820745,1.3806952048005106,0.47844333641269887,0.6421108207881995,-1.1319368855531258,1.595080726684553,0.8211293462242129,-0.21619565411251,0.14691770124123954,-0.6994796814589522,0.6075452206806452,-0.3557579865504645,-1.1740446673820015,-1.8655187970126346,-0.6842444984532275,-0.3893730703486545,-0.4412212957216514,-0.6431832958997994,0.569128224528324,-0.9649857104922138,-0.5357881157573444,0.11810159277051986
-0.9493366945771605,-1.7670056139023063,-0.8068358783843145,0.10144177809613755,-0.1819177897747047,0.1544742998525143,-0.7331591675764761,0.7420121939839306,-0.7077643710712425,0.9089227109974655,0.6074084290356739,0.4767978590180955,0.055376826489078684,1.502698762454796,0.4828752552847572,1.8103371761997065,0.27546804932975066,-0.6184786126654326,1.539700156884985,0.6635362136099889,-1.7458479860505036,0.031599641675096296,-0.5596129384619752,-0.34871378716518603,-0.5191894270380008,-1.1511370819618822,1.2751215377813971,-1.5055415427578152,0.02445812336619826,0.915469042997374
-0.36372254129528714,-0.09756856975625311,-0.13782642685858898,0.2863488549086686,-0.13262123635806258,0.5597446921814438,-0.3650212292326552,0.7564935816651369,-0.5159468562422056,1.6760013440229027,0.8114363527307743,0.016122889276066747,-0.4791842823394364,1.692424710292602,0.768877213180622,0.059458682457437635,-0.06529609706677304,-1.058685152987516,0.6937463530302078,-0.1469982615909123,-1.5644558482455864,-0.5028451866558059,-0.42695472378563715,-0.3405798555459363,-0.6376976040735014,-1.63278708437405,0.9079524508355695,0.10238992082013826,-0.5204189791728469,2.0741262814149675
-0.19870250983771814,-0.4151011912761184,-0.5060452156018731,-0.38705470981167694,0.011450256602179996,0.637725545550955,-0.17702925109876025,-0.7300721758141037,-0.15483752324892008,-1.4421658341993133,-0.6879615700376496,-0.15089983809734966,0.519089485064219,1.6294156193941154,-0.4883128005785242,0.999240940923296,-0.3593918552115042,-1.3334048614028102,-0.6305517115513289,0.0116000009766179,-1.319742688609423,0.9952622253555021,0.2100449602704148,-0.5110292976028914,-0.7470728546641371,0.11624548089243103,-0.7625301365454608,-0.37343485490162664,-0.9124774113196624,-0.9569204624921912
0.43185675849566163,0.29222755303541237,-0.3104356269853355,-1.093051410584424,-0.28313524339739093,-0.3949428568031586,0.8111524045989527,-0.7321246559578984,-0.08784837966015806,0.9023157338007772,-0.43003138479170333,-1.1731259481767424,0.7068005021481899,1.5644483369402105,-0.8195507040421647,1.1049525538557738,0.43799991023378587,-0.8410724994097809,0.7555806921193047,-0.06360637694957408,-1.3920066132913922,0.028477060294098893,-0.3900430328528498,-0.5022728712168624,-0.44988066301752383,-0.5488548172580803,1.4323247325251947,0.18283156535803594,0.8137505565254299,1.245364198487836
1.0525757409967382,0.49668873909827504,-0.27221501838584294,-0.06696845425108987,-0.3600028754368262,-0.7568620143074517,1.0515321749773612,-2.0021537582670006,1.1741785799736402,1.7814727254536802,-2.215096996097489,-1.198077839950061,-1.0498756090580097,1.6795776428792648,-0.47280333352672016,0.38973608782108415,-0.2661882742505553,-1.0647942125314755,1.780487136957288,-0.2972417070418696,-1.8183366457261216,0.2788192437304752,0.6091116661613499,-0.6655739983686352,-0.7831479141213545,-0.3964416338470114,1.5654156954157918,0.29057357591840016,2.162561982597581,1.8784202487291737
1.018369033103499,0.7686450364474466,0.2572615772738813,-0.5685793400971495,-0.68361056346039,-0.24172829168362756,0.37729538691857295,0.14428436544161424,1.061219376796544,2.258719571791124,-0.8884150732055061,0.4486935869136772,-0.35169029507222915,1.6859084951894998,0.30747056838929604,-0.3363386231687814,0.007428669213581325,-0.9653502906058361,1.7447178368319378,0.08155775645857152,-1.193666357172323,0.06649677501670459,0.8156205642498113,-0.5451005111712792,-0.9354648318296067,-2.3353482980568288,1.5428009278982158,0.26881054828728257,1.2768003395992196,1.7591887006935827
0.5158506268499534,0.28313863289732505,-0.06219298670453161,-0.8765154916855394,-0.5475870673209853,-1.6069125024196051,0.30171670983685883,-2.276729990836613,0.44920391521079217,1.96463186212968,-1.458463658890424,-0.023201719600080467,-0.64380518316264,0.3011723861972309,-0.7909320446013235,0.4896674410013035,0.0850317222430527,-1.1599003406980901,1.0647675504728509,0.9598229041688094,-0.16461257073600213,0.021212812395209193,0.6297243338050306,3.0805995081092625,-0.4804759666078223,-0.41848542168729835,2.3203669242947518,0.32617994952789015,1.2380138750326641,1.1752810810980112
0.3974548068359069,-0.23764331866699165,-0.09684237047381682,0.18954857600929742,-0.10171569357932082,0.2611773005607593,0.17899249142442986,-0.39779844586898516,0.3573372893348186,-1.368648197028885,0.07467679365518766,0.3331241181648922,-0.22602358319255758,0.37098761861843293,-0.04536980703936017,-0.6049393450343721,0.18389611376611723,-0.7839292962908965,-0.9308834315949118,1.3810215993496937,0.9870225305120496,0.510752568732435,-0.4097001463673501,-0.4280092455400905,-0.8976308383904154,-0.1694447142769359,-0.7274619666448959,-0.08444159350814102,0.6538412355796269,-1.0752495257988874
0.517881162021696,0.7267569697240931,0.19944174668955217,-0.2811010558807487,-0.29881957479759136,-1.4585333532400706,0.5041509156537998,-0.03473751376697603,0.7142207575378061,1.2765280578293385,-1.237564470306726,-0.14780088794134885,0.07938058044362067,1.4123843062993278,-0.5719531407507872,0.14629377288788267,-0.831237065006663,-0.8498203834904805,1.386069572370339,0.8046694570764676,-0.4025371836674573,0.44639342277932265,0.4356376393958719,-0.5383983175156218,-1.002033717916624,0.014884628215774146,1.5380182101732147,0.270055376297741,1.827737827226789,1.733623231652075
0.4239689103284976,0.3633318876809048,0.024451730009335673,-0.5015683271027497,-0.20426075793076412,-1.8754288448612328,0.5753205472649687,-0.26940441020728323,0.42142344754589794,1.3112962027656796,-1.3436532715553384,0.06688155562435097,-0.5021082826558859,0.8952791489052295,-0.428490570521548,1.1598843147590712,-0.21687262458883094,-0.926722237181722,0.7656640259825344,0.14260718005005588,1.1408420094409941,-0.05753111222099259,0.013501126671945508,2.6844749632692473,-1.3266416017245835,-0.07890289857710672,0.8046274116775644,-0.2024641664307393,1.191445876012443,1.1359564186487485
0.4362302188655736,0.2564778004922717,0.6341108260235006,-0.438206795887544,-0.04364044286322374,-0.34093807277123095,0.40538135373488515,0.2775815481134895,0.4382901600567266,0.26820037173623723,-1.0595583280499619,-0.1876063683934262,-1.3945661935263645,1.7601201528261425,0.7982344186715399,-0.3586802146010722,-0.12476790685464582,-0.5080889911545213,0.6504410875965497,1.2678636437497766,0.42573525964981374,0.28127550021427267,-0.033976262774887286,-0.5523318253786986,2.8642723027298125,-1.7221793773950917,0.7184926518825836,-0.16147069229322994,0.41972855960993255,0.6847880283589645
1.0284436114556166,0.9630688933143339,2.3956599881051504,0.14752019438141672,0.016091748374811362,0.5362711487498656,0.987305922059964,-0.13872984105247593,0.8615013321421704,-1.5311626750876977,-1.2794566788860309,0.46344031524223206,-0.10143662495098306,1.1236888857467908,1.6819047675996175,-0.3754499134550852,0.20860388692546916,-0.6258962399933645,-1.0431041141840247,1.1654959702715761,0.41733482057686433,0.555435532427044,0.6528214421845706,1.1987770783098435,-0.0687670250386488,0.4489984869110024,-0.89210664232184,0.7291822866378399,0.8025146025713057,-1.1765053534146694
0.6688436422902655,0.793988634049879,0.30972457061289477,-0.055960667746364136,0.05634202403503774,0.02284601420645618,0.21360523421288324,0.1987891159267785,0.43332936225942403,-0.3594453009694678,-0.25402691803019434,0.601717608409985,-0.10666927719713211,0.009130929588834274,-0.3849163535664627,-0.6617541278062289,0.2897865701633375,-0.4688174983228185,-1.298462648906799,1.3363952846966334,0.10220986258570096,0.6156922074444527,0.7196556281338771,-0.4884949870454803,-0.5573109385319386,0.08006932600116137,-1.0487444678776972,0.550764092656107,0.9851624883692519,0.03261705566298078
0.5871146016275354,0.5407897602900316,0.11326469037011624,0.42899018542475326,-0.30675436450202387,0.4221419318751124,0.9368969927431747,-1.5638352208925903,0.7421849584544534,0.28920541092778823,-1.21039887429967,0.40488084332883784,-0.12145359624179528,0.2186384144500619,-0.0786043792932393,-0.21363350960283103,-0.11146500203367445,-0.8456488718255518,0.31587152114218164,1.2604270099640194,0.2947457562825938,0.5435984666061919,0.34516031413606657,-0.5688486865239097,1.7850140893479904,0.14687687933307822,0.39397073800537136,0.0729862247110354,-0.07733210458065654,0.4716980685182104
0.6705227386822858,0.43122216940799973,0.560135454540612,0.3012138172775836,0.0852715880546994,-0.7417639026426114,0.46228234213034963,-0.05571842190352317,0.7052178282019628,-0.6949081327639429,-0.8252193182838277,0.11844167459919235,-0.8198050261719027,0.8064998769060718,-0.08912866050696205,-0.5645083959795286,-0.08084667666976174,-0.3242822102721181,-0.1748153467494945,1.3023248223786976,0.8671070376939487,0.7243684916584182,0.5792164726913795,2.3510875160078073,-1.0028962720808619,-0.6402080607311724,-1.521102784276897,0.20513115678676486,1.341343440792004,-1.69836344919075
0.2670710195579074,0.4241354461698986,0.7732185360763814,-0.7349423021779998,-0.34222935816113903,-1.4837713209638417,0.08629838586256362,-0.4723718910934576,0.3116979495996353,2.1807572408701965,-1.4398766721487513,0.41727664395284103,-0.24504385881744084,1.574082449277182,0.369508436596533,-0.6575481978129305,0.5384626482685053,-0.5966956583388636,1.2579884879452294,0.8338299177530186,-0.6268459557767975,-0.9252429107045538,0.8115526338141726,-0.5972759475401649,-0.5011603537227666,-0.9885810513850382,1.2896377736879494,0.3109200751238223,2.124005812664389,0.9117555402604421
1.1118907972636667,0.44289286975922276,0.03716358982162752,0.2590815886072058,-0.23782152216702113,-1.5797202672835948,0.8118814593618005,-0.7802439126623709,0.9684340846618088,0.6949767766828696,-0.14779513996049568,0.5442267399986611,0.2149311910104555,1.6803048353743597,0.5498983093300756,-0.45167371261803446,0.21984226083555114,-0.8086691800298671,0.5620564964856256,0.0927257310142405,-1.313070384142809,0.8540666731193493,0.3520130023195943,-0.4836084031262627,0.7406301247241548,0.2641281925694504,1.007167103194771,0.22753806097501555,1.7168812631875021,1.771098540148682
-0.018843952125088888,0.10913191547106565,-0.7518645247478913,-0.4181643166855441,-0.45411915539406755,-2.0602243713625454,-0.02479567323779716,-0.46929317087776856,0.06149000736382609,0.7628656125013148,-0.4078699775227906,-1.4886845623377774,-0.33923159924806845,0.2869042040385786,-0.20951166667101173,1.4388493742044774,0.45949434092699487,-0.9083227619871924,0.815079943366389,0.7079932178616222,-0.669855583871696,-0.23073638991088602,-0.2602514805640408,-0.49304957375574887,-0.18878044365487734,0.8737809262137184,0.49298674713637897,-0.47379374760685816,0.9520000611648473,0.838358380587459
0.2403226235454976,-1.459852802627096,-0.2214100937179935,0.27482183319145576,0.1950310331879942,-0.15522683239675464,0.32254684591817817,-0.5146757873905177,0.3792015462933013,1.399040292133654,0.17962178033507709,-1.1683706625925372,-0.18275037969665126,1.5983317048979169,0.2513410685827542,1.3573469399673712,0.4708326114940554,-0.4559270212022505,1.4855382492767817,0.41769751073791295,-1.0522692987543916,0.4733599833248413,-0.24387055263529106,-0.4484270738904519,-1.168506671614417,-0.5165329442898039,1.2287918248670138,-1.4531729161109452,0.02951248453002756,0.11881174468833856
-1.0427022637241172,-0.2663590373641347,2.7995059959878956,-1.4529555892968753,-0.6628524949340089,-0.3603020710159293,-1.1523309393195285,1.134720061496281,-0.9834744886502175,1.378138218820494,1.2037647498011044,0.44035847959753505,-1.7788754307155403,1.7427530850021193,-2.688256847272638,-2.2104624416688,-0.06441367659679673,-1.6439619759239126,1.8970595741610567,-0.09094349484152603,-1.6397498206005476,-0.7291996737929716,0.002116381761463171,3.3154149090511984,-1.010726910865996,-2.961161968185229,1.3056667541784484,1.1239859289202894,3.0431480567303426,1.6430196828035868
-7.078819500515374,-3.811512095746719,3.723007731247288,0.6047883930810829,-0.1822162448997736,0.982715163644081,-6.710401433004081,0.8438380144509836,-6.594247037350597,-1.2116938764031298,1.9328035605378475,0.49031569331927105,0.717847212445609,0.41545092444594617,-2.477401949973047,-0.44299946433827786,0.6451522779215545,-0.7542154090415778,-0.373692048930119,1.137917910654516,0.6780429121748063,0.4187344069484778,-4.267818196786556,2.4609889670826948,1.1155536681126215,0.9520837063335116,-0.21704055167388414,2.085830192518435,-0.38570873942512796,-0.21692736929251308
-0.24212472351041553,-0.06345218836836289,-0.19492350956061213,0.03388185930567984,-0.8025809512466895,-0.20300029519422963,0.05421997629733686,-0.005774738404566455,0.06806765777654741,2.1233366026880636,-0.29806377892584407,-0.05969452919574296,-0.19961114804534505,1.1813652316812508,0.3137482098150243,0.3723104182341714,0.7894862978126692,-0.644584901438496,3.09596038904499,-0.31057164518499153,-1.8237612835038568,1.2352437099001174,-0.6894590938438786,-0.4526911630428904,-0.7979804631808859,-0.2038627756594692,3.200891233889548,0.11125395475667926,2.6998151206952627,3.1502579490492715
0.5109695326871037,0.6858173120586248,1.0274132177408672,0.08941035645822411,-0.009163730139685772,-1.1790731132899044,0.507553171213746,-0.616615634532226,0.4712151587706765,0.5255121018327351,-0.660367043567324,0.16658226236740886,0.1947481037753164,1.6756517539841793,0.19428838621359862,-0.09450922450823937,0.2658280219313246,-0.9872778380577056,0.4142636315760082,-0.2612176631690065,-1.7018851716032317,0.9870180879019054,0.6716322077560853,-0.48268503588887335,-0.37622530252236097,0.9111066037837753,0.4834213116863771,0.4517788032727609,0.9435761258917984,0.2738171955840955
0.34587140372292685,0.4314592716724725,0.6036278712227938,-0.44544641827879183,-0.8191503564660617,-1.5448114676798295,0.1360824110969147,0.8562669219883952,0.4384004000077809,2.1548956444145855,0.32102585639286274,0.25607780566570315,0.129298421712413,1.592447624447413,-0.11903977553545018,0.38988271657314405,0.5068786552204679,-1.027814520735791,1.7837319992831986,1.386745593305631,1.166461798716982,0.3429954769667089,0.5154946630485344,-0.43085197164171596,-0.5593573905686581,0.16182067415732015,1.972710714456994,0.5092125921690813,1.3380102289933151,1.933575381013166
-0.4968397413044822,-0.4001637486143944,-1.151586618243369,0.8300029576743938,-0.3743595961082695,-2.3905625674850572,-0.10217962877989395,-1.1624613261064491,-0.03166275127441136,0.9344239268787128,-0.7331422455020186,0.40498770367904485,-0.32162330914992676,1.6135504654815294,-0.27265735395336876,-0.37486339844684574,0.9335539266185096,-0.8972252396203544,1.7510710953111748,1.4431975883045194,-0.16599197862805481,-1.540234660432317,-0.09693362911438681,-0.5137578996639406,-0.47949502265633676,-0.07883527959599959,1.6519171811705176,0.14430628468953954,1.3503370522633742,1.8299375855063629
0.14024066883045946,-0.14435674994535802,-0.6706191598606484,-1.5461508922924079,-0.6973806654377316,-2.0092682444937098,0.011865366265320242,1.3064442335269435,0.2240204418636043,2.0734324736284,1.0932436670987122,0.27696900413115755,0.5825457757952599,1.5013489410913528,0.5829482450714278,0.2597612750740568,-0.4746892468075337,-0.8437691611966414,1.6830957784557505,0.9142328226153179,-0.10455408105393629,-1.8369060220152098,0.03490553916551437,-0.31122922729229174,-0.18817158189188665,0.7561238990907109,2.057959219849261,0.044977594475721715,1.5348394158984082,1.9697191546638606
0.579773436006613,0.4923682089456761,0.040479727163960214,-0.027343389892435715,-0.28340282385434945,-1.6958819222670767,0.6365264304505727,0.2510133329188406,0.6750488282642938,0.9291383451213603,1.0490638293819725,0.4435642901037429,-0.451609035581968,1.6151474372354626,0.4010812802377115,-0.21533131620563034,-0.30659647199836243,-1.623596034225292,1.5455833652142068,0.07807386935228447,-1.8427552652084687,-1.7490425919432073,0.3838739071410168,-0.3636536615678895,-0.3327255121220027,-0.00019440457068203265,1.6241529699681974,0.05723271161316522,1.2893574575026423,0.7848602694450475
0.2783951580157156,0.14672579673787348,-0.38742953374137606,2.53536425427507,-0.22621264695742355,-0.04560918143368465,0.14642804535063658,-0.04602615455783489,0.38791050242634123,1.0061396611773157,0.3563411312020357,-0.44391091836472285,-0.8409017511008073,1.4520852142177902,0.0966156710897053,-0.787044537790078,2.443558494619995,-0.5573012613506556,0.08386386483951727,0.29107937822454544,-1.6367120234450159,1.7390114625716795,0.48412518606497645,-0.3799837742830667,1.3306171730624474,0.6219002215969395,0.7919142450730903,-0.5890476513337808,-0.06550223288785598,1.0398787821004007
0.08166753887628357,0.18244920458496097,-0.6144573979474879,-0.17129022608563033,-0.29097740909749115,-1.35294707676739,0.136012977309975,0.6293538394246398,0.16074270996023238,0.26255440940452096,1.2353626272619436,0.43111505930463767,0.7761539089026642,1.557780029289115,0.8443935468019292,-0.3725327730193665,0.16474925451190323,-0.8387011721548475,1.0852374763606107,0.11114800507720696,-1.1909695372485347,0.31423898483459406,0.34469618784475375,-0.33307879360624554,-0.4343716008880027,-0.056182920925767404,1.6083684734508632,0.2719440808653325,1.545311761331378,0.811550145689769
0.09088304465574146,-0.6663769022241391,-1.1443591394203303,-0.7367077019004554,-0.35464097474161327,0.04225468142057717,-0.17067605959396065,0.759572301880826,-0.6892073126442922,0.844208656429379,1.2475156570545742,0.744055594885602,0.4435067303976621,1.5797336380135705,0.028484797969256685,-0.8274523349367017,0.014188343002460734,-1.8490094869130063,1.1999752016885148,-0.20384097290078593,-1.7244826626887675,0.09982608507078333,0.5404755781398806,-0.30912311999802167,-0.6295117959266224,0.28191198460011263,0.48490349577367786,0.04572878379237779,0.7119724493487526,0.9183392403318954
-0.2765657239234698,0.052306406085985226,-0.49528902652993545,0.31652383840005854,-0.7192399304600587,-1.8574719191533462,0.009122731681282144,0.7832898502090965,-0.12433780345809632,1.3845564252401343,1.194042325967002,0.22834754478700794,1.4089725987977046,1.4439815331450048,0.7845713167449427,0.3673636271778334,-0.06151667354441983,-1.3244256283216291,0.9401890978107577,0.27897368452251137,-0.9410409758632062,0.4083737080567162,0.07356452907736725,-0.3066850154948028,0.26592090351216147,1.3477899837610028,1.2493590391093488,-0.045100735867275726,-0.6793343969641316,1.267778368394019
0.6474058767270355,-0.164141616680727,-1.1334328920231445,0.3437762694097364,-0.6059401900500786,0.4654484977303275,0.3459460321161901,-0.563935310841546,0.8526453894077287,2.6982980676175763,-1.2211221358814055,-0.8567124512140541,0.7292261546316726,1.6306893944835616,-0.023767335074344382,-1.243631037099253,0.7221393015663249,-0.4725190823305192,2.9956880780111024,-0.26787937627130926,-1.7820303200279957,0.24520249940701636,-0.30628188804383166,-0.4849571417876178,-0.3958610943788206,0.3732652280732047,2.8683319093946045,-1.2179862723419277,-0.21292716055129918,2.582935335701113
0.9451135719074739,1.2402941298739927,1.0269880719277444,0.4631855329899718,0.07517557158252285,0.41573193476296916,0.7275888420194017,0.19274570217005563,0.8519472030510716,0.4228551210779507,-0.8932762851225591,0.6454234916446143,0.2620250612257693,1.122201230511728,-0.15744417013993753,-1.1423800251504939,0.4181204754950621,-1.3592508825503318,-0.8759178898592636,-0.07786752230054496,-1.615997656616608,0.5828724399588222,1.2517081672597257,-0.5436583982949071,-0.21797198262494658,1.2675262531891593,0.02354695816681119,0.7409008399776733,0.8700394132276437,-0.3025006753897789
0.599258763904704,0.38322213320048354,0.5808400556395548,-0.9661799952361607,-0.5475047348726901,-0.9757622989629224,0.6030940620400599,-0.7074948942323828,0.7238851265799592,0.6829297689112451,-0.32036816301585075,-0.41943989816734045,0.5710837756370328,1.6213974903795763,0.24100142388154805,0.6197502959866905,-0.18507218878400608,-0.5228085713101451,-0.01477085212334966,0.22547159767156372,-1.290798371323937,0.7893155713443539,0.5872431273764682,-0.4813570470530776,-0.9347714059328668,-0.09925621188976438,0.1126766466330398,0.04632973524570313,0.9734901866887534,0.3594496810078447
0.8139878583167175,0.40540436727662477,-0.0826850148969177,0.12931729136079967,-0.2573446039689768,-2.1122078845281007,0.7844898304148662,-0.34523214885296044,0.687395702782025,0.6632461251590318,-0.02869544799271669,0.32457529014833897,1.1398647689959023,1.605299444752875,0.39314191019929284,0.030511079879709788,0.8776950459246932,-1.1226892999019242,1.2889511462139724,0.11382441180745759,-1.1865910796136487,-1.0565089154530152,1.0166964545752382,-0.4558243867023462,-0.16229495696476806,1.332846188936757,0.5868380323343176,0.19843484059257419,1.3544217518130386,0.9858332621880039
0.8503812963949151,0.5920565388080486,0.49717135961752845,-0.3522362799914742,-0.33264791949080685,-2.0711682688710833,0.785947939940558,-1.0267695832668164,0.7829002470426857,1.8093593175176264,-0.574866904555639,-0.10313326155485625,-0.12951021954141823,1.5349946644428187,1.0711271841783778,0.5109131754445149,-0.009903400772190247,-0.47121051454654683,2.1646394127842274,0.17417054603916773,-1.861950733459111,0.2111937992616746,1.0672589187819836,-0.5259795469183746,-0.8252270270747343,-2.1209961279534206,1.6905456489302697,0.531040007455913,-0.660183580084395,1.7627838447775446
0.08713436433867032,0.19327687466250854,-0.269791687251055,-0.11475292909168411,-0.8167524239094694,-2.5891608055379547,0.7514046309390404,0.12068084378799909,0.12649483183366708,0.2512110018018938,0.7082070879039599,-0.8031219855852852,-0.13482592975972613,0.9176224947839193,-0.1162702278476295,1.0182023537554685,0.24410049903849887,-0.9532189273930972,2.3505215027531405,1.6478873516913055,1.8849163249652785,-0.18772577105630872,0.12322604224803274,-0.39557726819088845,-0.7432674686454437,-0.05685911073681984,2.3502856505105716,0.3000385613082641,0.3143869460012027,2.1336902735220886
-0.6230843607323888,-0.5602077771328713,-0.39550730419065816,-0.28934947811340006,-0.4205378080457373,-0.5624291576532122,-0.10089510372154378,0.7135055253201421,-0.32196128904249455,1.1820053814673601,1.1600138425476345,-1.5192466224969574,1.5832282243915858,-0.0025136561169284482,0.5192486482515005,1.6618948579958668,-1.2689675664436595,-0.6039180849476402,1.9907966718189272,0.8299683382127785,-1.654171607606783,0.11277369238696934,-0.1329443690110942,-0.3048279061072444,0.8526437762877523,0.9551265604832456,1.0468346278404652,-1.2601172617303726,1.217323720340442,1.5610415207902844
-0.3609891285640916,-0.06160805964469576,0.1346495247700565,0.6434936693490456,-0.2340033548773396,2.369117134855795,-0.1156845003392807,0.6810079230434255,-0.4864760426611897,-3.003420287246476,1.2020490279480294,-0.2464329911823365,0.6640256464852503,0.6686327350419695,1.0151823208843422,1.1651166460167885,0.4893800908063987,-0.6163386344109807,-3.0821513391338375,1.0199867041220598,0.13035598316960595,0.47234089818794645,-0.5704243508949529,-0.29564610829724963,2.0896310119377444,0.7415858181531004,-2.942563164743109,-0.4197295793595363,-0.4682027012501208,-2.911140181678848
-1.299838304222961,-0.6287039868691718,-0.06567918237211721,0.7875740231683097,-0.03228885655454864,1.2354186909101073,-0.06093595933888206,1.264026310555228,-1.2679303090125877,-2.1973862302301734,1.3227214649477934,-0.8192578984665284,0.38769177310543623,1.1543592986281317,-0.0865437493316682,1.3551783778974322,0.35218868188924574,-0.5194684701156956,-1.1494870771681105,1.281844775744541,0.43950609012272107,0.8675238230039835,-1.0107163920732434,-0.2593754132195751,-0.359972076015851,0.42046327688461965,-1.5565223998888844,0.19158828653505394,0.3032479582084949,-1.4699164541271474
0.09841945404317898,0.465997168197199,-0.39142590438470626,0.6712950061547813,-0.010470757756369044,-1.577017794633527,0.30945857708041435,-0.06290210240679872,0.25268282913690876,2.1329295903580623,0.39551678018063235,0.5369602361845922,-0.7781099241470555,1.7034894431591385,-0.018782149236263024,1.5625731717321076,1.0561604236168003,-0.7060225203788143,2.5604822907292863,-0.3287139058917516,-1.8326111925641044,0.7439662827525451,-0.10739012144224049,-0.39705050580559953,2.2939210462479793,0.007040826407573399,2.2674514243532893,0.46201644053118596,0.4507456104929998,2.355938234136392
0.3448951848903595,0.11621863870916675,-0.3622183870233561,-0.034523671116542094,-0.5840603419156777,-1.8177277036095845,0.09369308417143209,0.2879579755071094,0.27726633822131685,-0.342524574954053,0.5031783264612302,0.4598604935102981,0.013266434603423603,1.6439357048353826,0.9158478771477586,-0.06798485499086997,-0.3008524142220975,-0.5691506679690574,1.738349415444634,0.3124710962510018,-1.1715338350391644,0.08774078056273832,0.15235679241466366,-0.32156264042082827,-0.801887326160078,-2.177593215138451,-0.11513657560988891,0.09758230919354151,1.0006770741958735,-0.1104489661144319
-0.17624947668861687,-0.09214156236945274,0.021560738480121105,-0.38178818122787983,-0.6920599309666662,-0.6822648353717029,-0.09329210405186386,0.07267561375817876,-0.17850236607457057,2.8421242387486116,0.12014342276173257,0.3404440521540661,1.106226290270678,1.355340095017466,0.31337893678998086,-0.17097997735886875,0.3017575195579283,-0.7074756812880876,1.9406074461237552,-0.2125344108202135,-1.7198949690253116,0.6855126045157957,0.4022478479677674,-0.4151028540421995,-0.46569415602854075,-0.2871693603810467,2.661926315051757,0.08015471704712336,0.7797154338682769,2.3318522482570088
0.38773166726351554,0.5400257641045098,-0.4685048403033709,-0.38822669786271913,-0.08839842006760167,0.03643654815328307,0.5096709017153497,-0.8557295712840854,0.3056347522918179,-0.1606868337173908,-0.6097532489015461,-0.5033787032548753,1.1384527834691653,0.36067859559973914,-0.2909363686930038,-0.48606973093020084,-0.5238717009266199,-0.8263673785666876,-1.1148853209637657,1.2647900087700241,-0.9764871089994343,0.023538416938378336,0.1729421585117926,-0.4923959542506308,-0.4586584201006441,0.9049532765032037,-0.6457431986151695,0.35060433359516047,0.30494486603328075,-0.4518988851010839
-0.08909265931679954,-0.19356864217128544,-0.4167220802653479,0.19027550530677959,-0.08886154008926188,-0.11808458432185952,-0.35477974565933906,0.9637940761882052,-0.22348026610344826,-0.20110094098544823,1.122267961779937,0.6866181566493831,0.9260735486533589,0.3681881651569248,0.7507828349535035,0.7224753127587885,0.5719946261276261,-0.48338525569687607,-0.7721884357865544,1.3316936650877744,1.3314637809506005,0.40265115305723126,-0.4075433241900661,-0.31489157150350994,-0.407294165261652,0.6846506360625416,-0.6620013828305078,-0.12223714741188642,1.484756393526843,-0.8135141595874892
0.22107158816722577,0.5462167676768319,-0.15874360086409792,-0.07520204119195634,-0.13412380353944756,-0.11208777517687482,0.8414949694907403,-0.5801270986425782,0.07758504021729881,0.45861860283872813,0.05551789962915908,-0.47249606204507427,-0.25019345309142643,1.621925061405429,-0.4120579209071301,0.8834042267959432,0.3110645580997599,-1.3331229048084734,0.7266801893474012,-0.33439231627807425,-1.8674296176146232,-0.09540710980890896,-0.2390381788963068,-0.4446817303769964,-0.2655985027522434,0.42938898239050055,0.8791491827473056,-0.10253452476359734,0.4721266490853135,0.6767396399570088
0.22786607124191072,0.9122763193252623,-0.6424745070321006,-0.3200436968172771,0.3470578989647419,0.5531895209186767,0.4820362545141341,0.9317525806101097,0.9405433770458602,-0.20401830753983038,1.5281791568537968,1.2069212018068762,0.03967886975064074,-1.0103454196124786,1.2984147310923864,-1.156811381274288,0.2793307200662532,0.9420932997375286,-0.44385082454690383,-0.868709895427777,0.18777964878820003,-0.5149958171341643,0.4715664746529332,-0.30155980858165293,-0.5567528152491967,-1.2886064705487017,-0.12459504932163226,-0.9794943955796244,-0.2565376916483208,-0.2772015133174547
-0.35087550145866986,-0.6721463906596192,0.07610694630342137,0.07407066475217765,-0.2321920410148497,0.7682259397190927,-0.9912098367305353,0.9135083126652827,-1.0864018562816624,-0.0049681036323143656,0.9506957764722113,-0.23847189509192043,1.1178544063732228,-0.8678869839558185,0.2552184353457052,0.5929712554789016,-0.1914156265021408,-0.12746927776890624,-0.24890131555511538,-1.2590810736719054,0.09729669065558126,-0.09713171542519167,-1.6998893315823704,-0.2968288483541303,-0.5114095267331152,-0.4635196631033455,-0.1400281001275447,-0.6520831662771653,-0.5431333024846359,-0.3241159243884138
0.5879736742001953,0.30057882168403105,-0.31885351408510926,0.2002448213865302,0.2687185744120338,0.6243583564512406,0.9076306515489257,-0.5486557364377559,0.599203741941086,-0.20920092341879187,-0.08860273602933096,-0.21010047211198304,0.15745507427500702,-0.9849507169896671,0.5642999573067493,0.7164712512270713,0.39762501137163825,0.8944715539197033,-0.23294993627072774,-0.6509181117459434,0.40597407917377926,-0.9060632058204346,0.22410525674259438,-0.46797340956732225,-0.4154630605817816,-0.6594118513650428,-0.028191962653804498,0.1821018385932849,-0.0869438753310553,-0.14548312739353428
0.29022693026645735,0.19122198837041887,-0.0834077627792237,-0.13222890281481897,-1.6601042749074013,1.4734596289631636,0.46835779848740194,-0.38160665806795296,0.14288383788994324,-0.5724302204190908,0.04122021752017963,0.49597929188023754,0.8894449829303385,-0.13174479299026703,-0.7490195562589388,-0.5993365832451344,0.0882117658235361,-0.7490389751558085,-0.3517361580519895,0.6811835669895007,1.3368341723505581,0.7464748000125929,0.15353075891622156,-0.4610222180049535,0.394441473983515,1.1635282602493962,-0.678702694247204,0.01681872637707729,-0.2914212682178667,-0.42136235263483957
-0.38406694176603806,-2.006742347979364,-1.1371316605972892,0.36255774880998204,2.4478423581043574,0.5432283407374365,-1.0541515645895823,-0.01580908577422054,-0.33169915138534645,-1.2405414833320487,-1.5199436919590235,0.38676801396876614,-0.6465460962439551,-1.0273370089586422,-0.6537471157978227,2.4141235079715817,-0.2555326308395148,1.2914158311517816,-0.4716595979381258,-1.3923283595949936,-0.6506988630337522,-2.492935546294075,-1.1972405580886292,-0.49650441971137405,-0.8774876617314626,-2.018418133616869,-1.2768480148387575,-0.3584754562242215,-0.8794119502766735,-1.3083125083283174
-0.12618897495444586,-0.16659167341360268,-0.10317704308930377,-0.0435583638138163,1.6398625852051714,-0.16113430360289405,1.1812344889770319,-1.1491202051717955,0.19715864045746773,-0.92117565052587,-0.8872712586367907,-0.5439322061584018,-2.802897169489124,-1.1122616854445861,-0.43661457707249346,-1.208555896145967,-0.32081509617496967,0.9800417654727294,-0.7522492116810707,-1.3458461424647519,-0.5736767560724554,0.034199615293583854,0.5388920884401012,-0.5298078897340674,-0.9191439540160977,-1.6772127549601479,-0.9311935175312716,-0.3740143438030469,0.32055641802132023,-0.6943417908783818
0.01477702446860932,0.12844257767749198,-0.619771720611488,0.6471579864200256,-0.5681598878387023,-0.8489694292568608,0.016725731350962062,-0.9178741089711432,-0.04525901190405505,-0.40090622800115705,-0.44432906690067886,0.3348338837682046,0.5972470368677643,-0.9452260446105802,-0.55829003882419,-0.2292996341650245,-0.8902759892809617,-0.6325547534134677,-0.289537909169333,-0.7372924642278043,0.35326209893927496,-0.8970090263349481,-0.2222750293158843,-0.47911606589267214,-0.4038270357779539,-0.009661061925404871,-0.2667471994675818,-0.36079341182990254,-0.13651782535518475,-0.008734498718391413
0.30088723991812083,-0.06988029420515492,-0.0914855332285058,0.034059882807104154,-1.1375402255789289,0.49337777086181034,0.8071252449565643,-0.13952802777506282,0.4712151587706765,0.038363370190125215,0.6520171972156794,0.15049977966126768,-0.7144875174716925,-0.49118701282046673,0.5214642864017611,-0.12380410570926764,0.6073080943695279,-0.6836539638947775,0.20910948545646985,-1.0604929966750092,-0.14857889136152563,-1.6609178579899502,-0.27805208891328376,-0.4224067926390768,-0.45170724830649683,-0.6539347138955237,-0.07452167556818808,0.3578586761388663,0.3020358811907902,0.022142314875142233
0.07143676551095442,-0.41971151308529353,0.22869177863221316,0.20610476164174166,1.4268582499099263,0.7092964018083221,-0.11446940906787025,1.2468082826822986,0.14688922277813263,-0.5698217514998788,1.0254726539021606,-0.32342587350642055,0.6142739211607803,-0.8862093830969263,1.0026270380328857,0.7047100818513163,-0.2514868162318843,-0.40980904388755357,-1.0956587535373377,-1.2804988394524273,-0.45846519915590445,0.20437376796091886,-0.493024466431601,-0.26823558873340053,-0.723310333080738,-0.7981660005928637,-0.7109898589530397,-0.4988405456793565,-0.04746652686440839,-0.7655789051346638
0.5788753146806491,0.7526274612475715,0.45146818470712485,-0.7371082547786597,0.3033393689200887,0.6838797582068604,0.6909972363032202,-0.27339534382021446,0.721533340957536,-0.18733783524065806,0.3333218630065834,0.5761779847105324,0.7715857204338088,-0.9710437546324991,0.6320615574021545,0.49838027579475946,-0.1418169363123118,-0.5362412726505907,0.015463986558272367,0.9917704745303901,1.277108910417696,0.14780147766920598,-0.07643016765690094,-0.4448892286325897,-0.47237472259469176,-0.8907363857258465,-0.7222208414702139,0.2895648359788904,0.10713389674384671,-0.5549300925114159
0.8763487173412684,0.7753629339408149,2.4672120284532557,0.5291284049758274,-1.3943248402550499,0.7832235462027318,0.7921622638714858,-0.7247129221053124,0.5924056116262642,-0.560263085789345,-1.0222413777455341,0.732407816713048,0.7608712420250342,-0.1308607550550542,1.9607059015071404,-0.8454259330181546,-0.14847671344421168,-0.6748843908452825,-0.21094855666840365,1.4554986401620464,1.386461858534293,1.0523309930216,0.8632617629759303,1.8846625621728483,-0.15495479015537655,1.0810331033010816,-0.03329556559358087,0.9191258709922665,-0.25221057669511376,-0.03535040080500629
-0.12072214949205479,0.5570444377543765,0.18345626411623614,1.7687060453920502,-1.4120571913065894,1.2551400409101874,0.44565295015876405,-0.2589139561390081,-0.003992523560567411,-0.22495470281245464,0.10513085654730751,0.48240802740396,0.01766850712796133,-0.20159804854846725,-0.18070837071764367,0.035781997651127564,1.2876875756073247,-0.6361623518897234,-0.1061880248472747,0.2673889459017915,0.8209511196879637,0.6305734634819264,0.46930044628945744,-0.42829974309792085,2.6152816673199872,0.20056635033058529,-0.10899391578416882,0.4341795107111069,0.25164983956479803,-0.09603880011534142
0.14531700675982448,0.24520227058183466,-0.09361126229410587,0.6928655204106713,-0.09328690918511832,0.5296713085176757,0.4705796796694075,0.376556701714164,0.1298755236659023,-0.19523188591722157,0.82201663749142,0.4217113484864282,0.7142757196426825,-0.3371362732714171,0.8779973920808416,0.5463201604156199,0.7174608081311651,0.6333435992826862,-0.30853703297478535,0.4880524944693683,0.17096327167722206,0.3695308861081567,-0.07656667538964144,-0.34769704571277965,-0.0014370617478923387,1.4692336738258964,-0.178198160437615,0.16576883659399447,-0.2585497394977109,-0.13040719397148848
-0.09092795072202686,0.06505723897535946,0.26976086417961176,-1.3974122568525469,-0.6689759707759508,0.05918422083174426,0.29470389735614727,0.7779305965003052,0.21042418123395656,-0.11069689975906839,0.9195268294746418,0.2006172839083127,1.1941846827892277,-0.6567872802327827,0.6874525111586197,-0.07875049231316587,-0.0977125622562998,-1.1645417800202467,-0.359499566981273,2.129191239378793,0.16319829017252144,0.213009861236397,-0.918710180206756,-0.33757113083983614,0.7754198093483918,1.3021471715150066,-0.5400344407188262,-0.014344898988191445,0.40845624334527747,-0.33800827128076066
0.3669577305064303,0.5216635109559716,0.5584773858694432,0.5205536063238972,-1.9213039671233425,1.279875482727954,0.32945550771848015,1.3551336236046954,0.29883662197699606,-0.49237424997090085,0.5171900549280258,0.31875140106206046,1.3278249599963587,-0.03823164043480758,0.6472017514289254,-0.12108761514478861,0.43470332055349453,-0.29956401550194245,-0.36486723643628477,0.344438202428132,1.3121365714967848,0.7435481965425367,0.8643538248378482,-0.3847562341617079,-0.13462557240217693,0.7419915320397319,-0.03401373726474742,0.30986841008050475,-0.35981877432695236,0.08876344166559531
-0.07495701062118794,0.47100266044716016,-0.7723565529402774,0.3481081746110563,-0.3006720548842294,0.7995277200419824,0.35754147453479235,0.48431190926328455,0.048996146244693166,-0.304667453666012,1.0506365744139616,0.3528398527780693,1.2396173935613235,-0.7725677323929347,1.2572407888000783,-0.22375861079770676,0.6892566519775665,-0.5743704797924171,-0.23937900929029188,-0.8145956863562854,0.12797689202994217,-0.004799988983728794,-0.05005687369161036,-0.3400196102558349,-0.34992585692649864,0.12557690028494714,-0.16224558118873153,0.17684351337669238,0.13469652812645533,-0.03841293095060282
0.12715933647402738,-0.16219210917285007,-0.3589872788436452,0.5445571084325844,-0.2246483304398178,0.5616431233819046,0.2506134426506916,0.5242212453925872,0.49120533656128834,-0.24408919521325428,0.9065159387554717,0.0035667981267515077,1.036457593655396,-0.8405531013460881,1.3338649414965158,-0.5564515319189716,-0.26099364808767317,0.7402991340677039,-0.3835327762643083,0.47173357654720727,1.1971032526786451,-0.6929960210450875,-0.0599400335419564,-0.3309830612247551,-0.14130613896832797,0.6047926193773298,0.047414706046848096,-0.11150587145965894,-0.014013201175754289,-0.15711186504783006
-0.49992459281540425,0.5217952344362347,-1.2214380753389948,0.646801939417177,-0.8789545885963547,0.22678219410535452,-0.7117735611996583,-0.03348322034576808,-0.38138062265907474,0.278239544879257,0.2662657339154814,0.9132689594382609,0.19317000230425718,-0.7881239483174085,-0.8845427564497491,-0.41172895363581097,0.5504169482202669,1.155491063712745,-0.05333012733266226,-1.2104889884623422,-0.35574580809322315,-0.6971768831451678,0.39998181960428864,-0.39581589118482047,-0.5034774109874823,0.6197364142015717,0.3221230103921008,0.4199927639022629,-1.2588526606691819,0.3637549770096268
0.537366489919787,-0.3452350573450904,-0.050501476843728924,0.3572170437672577,-0.14805857041337883,0.4572740763259908,0.6665565433011393,-0.33371545471279107,0.495394454701235,-0.014355159545533262,0.3311772106902347,0.6954341355414524,0.38843929485488415,-0.9478876642004689,-0.07897365231828274,0.16628158698447443,0.5916076697810736,1.346867294704646,0.11183943021945401,-0.938550436016435,-0.639996827646535,0.9924270782438848,0.5414038307225122,-0.41646196761633425,-0.5301489387718387,0.57815074082189,-0.15179389133601387,0.04478443150858202,-1.0933314231314055,0.1330739623712173
-0.6789631267086731,-0.4806994844466538,-0.5704548062895615,0.6731494176279483,0.3472225638613321,0.6233198029121649,-0.28961613661828267,0.13367988469868697,-0.6002436721460014,-0.4485107857767798,0.5304868992893759,0.8866073020616331,0.12506246513219754,-1.0683307035350507,-0.40928837321930944,1.7314817768024189,-0.5540238418913,1.8836548130714124,-0.7665478339863714,-1.1646449413067104,-0.6152682288626031,-0.2033778735434851,0.21340305049580843,-0.3746718189398833,-0.44270962447563,-0.2460570198690999,-0.059852637178409863,-1.4097756361601368,-0.9442095876431759,-0.043709480671008764
0.22068110063419968,0.6098918980355407,0.7995775764898277,-0.2212109829433138,2.247846549639724,-0.8017096596077463,0.09775496070729023,0.512362471228452,0.13564474777091626,-0.15617349604796418,-0.4519068384184363,0.6164643367385398,0.407376512507604,-0.9886817373076358,0.0652274639610434,-0.5639913366959485,-0.7433280068655748,-1.466661885680046,-1.3328217985821043,-0.8725584510909842,-0.6304959620529591,0.25615113203160195,0.6668817386567472,-0.4663134235225775,1.202671638700586,1.126743534528181,-0.9773551477141067,0.40629965578722005,-1.362036777186397,-0.8087650186370702
-0.020679243530316218,0.11395299484865748,0.2386827052405339,0.2512633898363294,0.3674660545858699,0.3074096839131541,0.12358432944812311,-0.03336919367111281,0.0854120767419326,-0.15699722307508465,-0.2618906431901316,0.22701179040942157,0.7945927787224172,-0.12367913505447974,-0.12753305511144938,0.6047941632765766,0.2765003147851954,0.07598770884187843,-0.07719654462698192,-1.1957264238456067,-0.2675489473097926,0.8666484550017787,0.3361235022287061,-0.4231537863592119,0.8816323613368243,0.3722509433566279,-0.22769088475479568,0.5941184475031053,-0.12964534866479835,-0.10129096534088401
0.3731274335282701,0.21648655188469165,0.14612846172429778,0.34026030525660916,0.013807022934624071,0.6011304923514869,0.5202595542233529,-0.06153378231093867,0.371852216223224,-0.15236375854753678,0.5091833529469986,-0.29019230459207085,-0.2848286274825842,-0.5146425354563594,0.41455974565179204,1.026868884732485,0.31595949429170717,0.15535487531949915,-0.1592582030747966,0.5557440953476063,1.3139809483412144,0.7136027717507106,-0.05887527322659027,-0.39422852952953336,-0.8826460738901365,0.2059082498378939,-0.20587069014999992,0.47594563671717627,-0.12036083870917855,0.014034747146699899
-0.6479584165862631,-0.031179935704145654,1.0315371321281324,-0.20042673915204673,-0.6564305639669974,0.7782094543850441,-0.8124525522593613,1.6446473505541295,-0.5284039707109871,-0.20065475551242562,1.353604458303187,0.7697020789352617,1.2963459885473194,-0.07381179088106775,-0.3243555774593995,-0.7317732155662204,0.16028720383352998,0.7360987037777147,-0.08335268530137482,1.069588139801669,1.3878335169438063,0.6341010658788699,0.2507515661733629,-0.30799225450503925,-0.3696800385702071,0.9971179477495588,-0.3115947282946663,0.6304330853254436,-0.7090908877487858,-0.07603618776342315
0.07174915553737267,0.2140101504557657,0.6212714224672737,-0.7065327184090656,1.1194597626444431,0.338019095209994,-0.08523778476708731,0.041432304902667,0.11414795731593588,-0.6242220572492387,0.055660876450248996,0.3994843956433904,-0.2444624530123106,-0.6649860191480643,0.0886763010512764,0.587522839744464,-0.4678130269188464,-0.2717298388815351,-0.4552836572279184,-1.3350688842200686,-0.519221142266536,0.6393271435039698,0.07602166826668093,-0.43006347827046226,-0.1771444188510487,-0.24429892636036732,-0.7233362995977707,0.6208607871760554,-1.0204492320568121,-0.7463160343638067
0.6933272106111137,0.47637697844185417,1.206697207133597,-1.258242384614232,1.2071232369665628,0.5804375922664651,0.5041856325472697,-1.3406850185924526,0.744904210580383,-0.4953087775050142,-1.250718337846986,0.30416496325881764,-0.17726855353402113,-1.0687584638262826,1.2753351670271968,-0.27946981927774395,-0.5644630425455541,1.3408305317233367,-0.7526737731068904,-1.3698686836518437,-0.6098048436721702,0.3937406907064347,0.5789707587724473,-0.5989151837593506,-0.7961538778919129,0.20009301746285046,-0.459752016031432,0.34581818452046637,-1.155220075655416,-0.691663926354937
0.4138162344697763,0.47176665663268197,0.49721387419884167,-0.66299113701908,-0.08452879499773656,0.38912039622945255,0.1988505544886162,0.2358477851897026,0.41006873258762727,-0.09288380279760447,0.24238860479348964,0.6618265554013766,-2.6607849791215665,-1.0479122789669055,0.6084280837994048,-0.24362294805045928,-0.5090370473653109,0.01797694697118898,-0.2895985608015931,0.03038694359650415,0.9863715739787212,-1.6124590532112064,0.5341962224338604,-0.4128514979690143,-0.7945640721774367,-2.092190442002613,-0.2560357453933795,0.6025532304015555,0.0023619593334383345,-0.36702093609001674
0.48113628516377616,0.6660851347153594,-0.05386012876737957,-0.2713394338859923,0.232224716705267,0.11346818592256376,0.32469929331324787,0.03345043767680457,0.549375284065956,-0.4725876403402975,0.5475011409990597,0.4196275716573927,0.9487483750533273,-0.8586758790179543,0.6754511378447232,-0.614856079055268,-0.6511899902457292,-0.1491076389701742,-0.62159043288491,-0.417881879997159,0.5922096435659598,0.3941849073045687,0.5751758438022865,-0.3946124013023804,-0.617385299147052,0.8541714216932165,-0.3391908567654373,0.3924992349126554,-0.17471037218306523,-0.4167315703373906
0.7338988652927038,0.7294177840253855,1.2298676539486364,0.07111844168689407,0.28577168276513937,0.6743094315080675,0.46551101322295424,0.9080350322818361,0.611440376507767,-0.3935098457368117,0.211648588259186,0.5655453798649436,-0.27627365634999446,-0.23029601119801554,0.7131169863991134,-0.23711726184064164,-0.29682324905729823,-0.11073262351533576,-0.3068084614553754,0.76679602266494,1.3293326732522044,0.08818499716087157,0.8172313554961395,-0.4429698697683533,1.095156799052423,0.5901193004775049,-0.6853801627642174,0.43868664661104334,-0.30665707633041694,-0.5200290847169052
0.18538102764848113,0.6729611003850438,1.806875551515181,0.5922377362306815,0.015114050551307344,0.6263461255905466,0.16677214492338943,0.7812373700653048,0.14766090243549262,-0.37075438661263255,-0.15122658366664962,0.7583214516382267,0.7138604297818792,-0.2215697012568809,-0.26342552832729293,-1.1485615846452313,0.0549961273781814,0.6080687209801032,-0.13754491872570748,0.301596158928572,1.1557132664345275,0.1821629380542413,0.6723693495128791,1.8249756889514925,2.4725712352055926,0.9441722855442074,-0.37361725623644954,0.9453101843157015,-0.28017319349356506,-0.0004345981788739661
-0.22349846818498456,0.4059049165016206,1.8273675797075672,0.5782183854935316,-1.5579605812413961,1.0677537141823636,-0.07985666627941299,1.9770351071739032,-0.1221330044370707,-0.34863388373852217,0.9532693592518258,0.8695096460285267,1.4490065413793292,-0.6254086864248466,-0.03022961301259951,-1.1077987915725678,0.22578611192577236,-0.8100355850639599,-0.14356459322751478,1.2697651297965729,1.2527987836909038,0.28983320232537424,0.3426485718536585,0.9209161642451185,-0.04488611366800086,1.6408506478708356,-0.24734128409777034,0.8496086653737372,0.08691645208852952,-0.2218540482223872
0.19190216945004737,0.38087745525181765,0.2364719470123074,0.48766376443578957,-1.7129308320446914,0.901205461690185,-0.5225664917943529,-0.7559562309608241,0.21626689863966933,-0.2609755992692067,-0.510956265528515,0.5334872748028683,0.6613677913760941,-0.3646079897527666,-0.5189624616570992,-1.1465087821163924,0.339668300881273,-0.8972180099640895,-0.3369826485047373,0.2612546998193192,1.303999614830182,0.682860370121057,0.7012543857605777,3.4152838194681596,2.604508196680396,0.9508665646736172,-0.5081751229660253,0.8234243520503022,0.03463957031491989,-0.12969704205366814
0.5128438728456393,0.9575628518393768,0.05680532638777264,0.27453996264753433,0.82389656482137,0.14509381627376738,0.12240395507018252,0.18476383494419638,0.35186203843261216,-0.5332688646714452,0.39494487289627267,0.14953803650940445,0.3188367141839287,-0.9525597571591483,-0.9803691064484252,-0.08861320521488188,0.527690458757657,0.8694858618677214,-0.496814862417971,-0.995966197915754,-0.029554589035481013,0.3085686906113594,0.46758044885693756,-0.4620597092829189,-0.038611454943844235,1.0145636448746929,-0.291302558522139,0.6523678133717958,-0.3224989229518196,-0.5795191026659205
0.5793829484735826,0.42903555963565,-0.6730424909954316,0.03308075354927128,1.2734111494000886,0.8535660058009767,0.7866422778099359,-2.615731294586383,0.6075084849202764,0.08196941968827162,-2.5086284097947877,-1.2815892036367675,-2.5327095860492292,-1.1602136140917034,-0.18550892004320843,0.9230634455767871,-0.018161524415746942,2.174330372863652,-0.39020445581291113,-1.2126835117423775,-0.39037049608025165,-2.3594223281668203,-0.28935492918412303,-0.6878593110193346,-0.783367780869102,-1.7521345860246829,-0.10450152277729882,0.1086569859762394,-0.8198383648564794,-0.13906217046991445
0.19732994615913454,-0.4087521195274859,-1.062008395418974,0.40495701273249546,0.5643538131273661,0.39488269328496867,-0.11780223084088057,-1.3102398964595277,0.46658508082652883,0.7264156915512703,-0.8739744142754406,0.5734530457802547,-2.796252531716238,-1.161344802417406,0.45259486723122566,-0.9249913242675222,-0.22346580394941268,1.915458070981328,0.1547656229514878,-1.4818479783802878,-0.8059752446801455,-2.3657850776753797,0.14503997793982004,-0.515853632045431,-0.7533813390417942,-1.990491494420428,-0.13879040001340714,-1.850766690140973,-1.610670135828196,0.1477652301711096
-0.44064858530177536,-0.9557206989679105,-0.832684743822014,-0.4498821705226105,1.404165368848612,0.7850661411914138,-0.011013066530659237,-0.7531055640944456,-0.23516570091487382,-1.101829284161047,-0.3012092689898182,-1.087156796435277,0.6840426177760626,-0.8720029885358963,-0.040569257713805665,1.338045965814639,0.43215595580054234,1.1673693889562076,-1.1814049986449495,-1.0111390146590242,0.12577603898868966,0.6525491198954743,-0.9507894974005621,-0.4704737635472193,-0.3698999053179546,0.9270646833245977,-1.0793813657646827,-0.5878457484271312,-0.9654694185337189,-0.8220951619278093
-1.5702118720914442,-0.6842122614516283,-0.06695461981147631,-0.9421319872521171,1.2046841381858235,0.3305593773164191,-0.16387154847406057,-1.4916563358358785,-1.8649531372553778,-0.34621418559635914,-1.0495499505736798,-0.25898908233164875,-0.9030291142772746,-0.9830210427869978,-3.1068278211589653,1.0807510924631434,1.046803436746479,1.370934820410968,-0.5808476989142377,-0.922524555327513,-0.6302092311989933,-0.7716746196909758,-1.4125405541655187,-0.5343106018804377,-0.8176162550373465,-0.16694281197604374,-0.5326082400340001,-0.23772713920975888,0.21306942809125293,-0.22580426826525915
-1.7124664803734937,0.057549000600419176,-1.7253208930488897,-1.703271467590989,-0.524317859121606,0.8449002257329915,-2.2672292561785925,-0.6898207596608352,-1.7869032519111485,0.01662040887011264,-0.3175086265940525,0.5154813057930006,-1.7946564454261418,-0.9982445562627354,-2.087080362502517,-0.8752147215945423,0.7044908921667891,1.9303294739185173,-0.0656878974056427,-1.249267582327653,-0.3998946101214461,0.7558294789615227,-0.16805415787171857,-0.4696333956120673,-0.9084550475102551,-1.5025529267654785,-0.05930254823879261,-0.46735498203552117,-0.3002694304471123,-0.07680551900772688
-0.3474392111680256,-0.6590794214176184,-0.5611866275635443,0.0929263206113505,0.9961875044347298,0.6457547928046683,0.1613910264357151,-1.3161692835415952,-0.41636343379264856,-0.06642157205138709,-1.3894058543040633,0.47877477549692404,-3.2725069440876977,-1.1652801970967415,-0.28927464008031345,-0.3031233521758351,-0.71813739986416,1.410141246336285,-0.01251157882166438,-1.4409269567430731,0.012928074246723202,-2.1929978861954944,-0.33019804281981163,-0.49979326706252486,-0.888159655410555,-2.411825365686782,-0.1569433350207579,-0.8757444196734891,-0.6397722031062448,0.0450299193932036
1.0214929333677205,0.14338002033921593,0.119429304660355,0.06557004255917555,0.3976203137739197,0.6308465242598739,0.7936550902906474,-0.9056732547830422,0.9568221431510862,-0.10215073185270211,-0.9531835731591733,-0.1498846647703844,-1.1780340601025105,-1.0783545530262562,0.6988999749349561,-0.3078926452691532,0.1286699118998321,1.02955045157573,-0.46632225429924323,-1.2092061365746065,1.335640752039456,-0.3004653306237891,-0.36429767445816125,-0.522566200613868,-1.0008498200441422,-2.965489582975961,-0.1343896884964742,0.20953097992717834,-0.06153874103996148,-0.32737078734508707
0.09595938258510213,-0.18036994944902174,-0.3766308300881276,-0.01218172168781356,2.0436517863120454,0.632443439916732,-0.07437139711133293,-1.3766034211088272,0.015666934376889586,-1.4119625098715936,-0.9390288678712878,-0.9419335805040733,0.5516482101513508,-0.5921859704724877,-0.727970993831483,0.98920073005856,-0.6001760974153713,-0.1875983289252526,-0.9023620015246352,-1.3799621883523026,-0.6569836933733849,0.9964250276270871,-0.2666400424562527,-0.5097739331565531,-0.9404372028940337,-0.021359145656602622,-1.2911044865238241,0.31776662918134374,-1.0500966359098731,-1.2086545225276295
0.933242750903424,1.1028011611763928,0.9368996741276048,0.49355337527457177,-1.1972209590367793,0.9618882566507918,0.8032022359945856,-0.2721410503990065,0.8469496586034176,0.035051301101915004,-0.7191305170352189,0.010779871765718384,0.2175059881474483,0.08478746643141635,0.4573954165567802,0.1554619285429987,0.4478064320605087,0.49630546477883397,0.28086036642008155,1.5479225835256663,1.400713156924657,0.8100500343219402,0.8530509845670089,2.348493787812893,1.7230624049636554,0.2762319901872797,0.24254347712755087,0.37567259421956384,-0.09871314317297021,0.04846232032933197
0.08447904911408259,0.7367942989200658,1.6834982365477418,-0.12555302151141398,0.03931979035004253,0.2970018140376875,0.40638814364548026,1.441109736294682,0.1181165955537779,-0.4063290975963611,0.8729163857993777,0.9945896859457252,1.0411918980685735,-0.9361052446230872,0.7288110899634443,-0.8022321895823921,0.11716514690447384,0.7646486163683616,-0.25449642863110206,-1.0002250057054958,1.462112307086077,-0.101417099077774,0.7527451025499549,1.4994835503153698,-0.3625597385085621,1.103212129103579,-0.35717570904123963,1.0093544391985947,-0.7125695487895992,-0.30128749919683745
0.6605262578367715,1.0032708994903334,2.7853486404109966,0.7656326266177854,-0.2386654297620453,0.6490714637842965,0.9774463243148087,0.19365791556729778,0.7295073640835714,-0.3795579692149726,-0.22085629553737007,0.9730038952039265,0.21401755331668074,-0.7954719195423509,0.33405822619239317,-1.7299986076820755,0.1495150143226806,0.046534089218101114,-0.32251723421072265,0.7541563500045589,0.9187573388205249,0.3649580681861943,1.1109413932586527,1.1396297005530298,-0.12129826492337344,0.8651933156133618,-0.17145957092730998,1.539608246550058,-0.12541519987300784,-0.012951025730445176
0.291203149099029,0.6444297945602672,1.3836003799728522,4.703215772283854,-1.1427683360456626,1.0227832292161572,0.04620037390602632,-1.1831001542190305,0.29023790579500636,-0.1549722274667478,-0.8728305997067213,0.5818950134466009,-0.5747840082968056,-0.3464709534045261,0.08276793265058131,-1.0418467223565546,4.017014089245662,-0.2530628664051986,-0.1976506862953927,0.7201054235021728,0.6797865457462209,2.6992379002135816,0.6413274910878966,3.473736078068736,1.3900488462610705,-0.6439947236730623,-0.1786107271423275,0.8099029443504953,0.015743289608899973,-0.12743343281561867
0.07487305580159863,0.38746362926492295,-0.05845170354907607,0.6008422054661815,-2.0945417298920948,3.111068716965247,0.1786800393832088,1.1358603282428337,0.24893467080116727,-0.5567450849443547,1.6695832329115785,0.7279731121794608,0.4670121365192373,-0.17657407151138993,-0.0712189187923807,-0.7684689900949055,-0.44288881100270794,-2.400834690311058,-0.6044563467714524,4.411755928156078,1.9926728796787139,0.12697555833318,-0.10386822193756069,-0.2873773028118645,-0.4709202194942137,1.3141833501517286,-0.5750414896261002,0.11301388401284394,-0.40742915958239934,-0.47085106440789576
0.24348557256302314,0.5346251014137655,1.307966939818795,0.5123793605501731,0.514892594814135,0.7860935274881341,0.23634479943499098,0.6154425851167098,0.38074490560801716,-0.42951358121383354,-0.3163648120253371,0.19885408812989827,-0.8732113022714579,-1.0722803568907604,0.49653835721135436,-0.7159141584355275,0.48756530153795535,1.100726417505059,-0.5552223842843763,0.20014666878118711,1.1781015214914934,-0.1354257992231158,0.21706145773323177,-0.4856730107694141,0.24645423992319856,-0.016220103092607865,-0.572780012874343,0.33264017765113096,-0.13536635218836565,-0.5729354025944673
0.6571680650527308,0.8145111522747166,0.9848136072662349,0.29300990092028784,1.098043034531702,0.6235989839710562,0.22776972674818194,-0.10132909176558604,0.49510048149843155,-0.4486137516551698,-0.6223352091574427,0.43426743963574344,-0.30260303352504814,-0.6178610937306627,-0.12531741696118873,-0.9440453447325744,-0.07976446288582727,0.5006866364754488,-0.3742075878043289,0.17501058610778647,0.8823890172620819,0.3367111186225262,0.8593849433661265,-0.5456192568102619,1.840809504795417,-0.08897812676177863,-0.3935732605458782,0.5635772361430658,-0.5029044662670111,-0.5434788928365744
0.7492450253407018,0.7378217420661105,0.2884247653755809,-0.03170496567732634,0.3532328325868686,0.8272001465992853,0.386182911646603,-0.6948379333456607,0.8832920957999543,0.08030480465430044,-1.0887255995522767,0.6125105037808828,-0.5354145294924703,-0.3274974080423206,-0.2554861582888743,-0.8281237402750815,0.22640214131047331,-0.13771370069646938,0.009671755677439988,0.9474306851720524,0.8427426645893789,0.5344005699860153,0.6456411354424675,-0.5836536870604778,-0.18862822821412992,0.3539261994771238,-0.23678263250679418,0.30149801483776734,-0.23235675514510842,-0.11537564504430602
0.41303525940371977,0.6372903819300597,0.3368488734899557,-0.4624328273730111,0.8224351638641337,-0.08658179363656787,-0.08273816843733053,0.40449323700467615,0.2881800933753825,-0.3282638007970437,-0.4867931827643435,0.5348764593555566,-0.06929318972465928,-0.055356310760465655,-0.9332867957554324,-1.1956294140564725,0.1219102381109527,0.06672651916636103,-0.6028945672407564,-0.3686190651204039,0.5703638522867676,-0.06209086494889262,0.680559813477254,-0.4929769493662915,-0.23659300487642207,0.40335567466500993,-0.6351998272725156,0.3423412511119448,-0.012607191835216584,-0.512883181043845
0.5802810697995465,0.9479470377802435,0.8249162669517802,0.41052024715199975,-0.28841481164430877,0.5108991741178266,0.33237172676986365,-0.2617646230053866,0.6923565005793275,-0.12181721462518327,-1.2141162716480038,0.6457975028703404,-0.4313428903746747,-0.36567739048084696,-1.006033581688919,-1.0775778340427402,0.4671197857430213,-0.13783660485297458,0.01005082837906595,0.7051279649143952,1.2998846396016435,0.6065465716005272,1.1448772156177192,-0.5899305092921692,-0.5523723931210113,-0.22678561025412614,-0.09779349376364005,0.7708196373324836,-0.2581012710011599,-0.1312209097106572
0.8354256238799475,0.46288849406301424,-0.12366907128169458,-0.9553502322328593,0.8761776694887055,-0.646652499499532,0.6305204078804602,-0.5144477340412071,0.8174788450224059,-0.35017837191437207,-0.3755572159565018,0.22572946620693726,-0.5771926894894761,0.06665993586742545,-0.5680757739878362,-0.39812334890519596,0.39980608838233556,-0.444106533208908,-0.4063984416263374,-0.5240069419993367,0.6257029071022033,1.1148610118059268,0.5806361531118697,-0.5299531385129824,-0.8571753568050123,-0.2572817707325591,-0.4975247898851129,0.05240363743466339,-0.13194829499843788,-0.43256204017212013
0.6734123464266928,0.9114069443555307,0.03155166508844185,-0.49234077561226536,1.3438980166966599,0.04669924387812637,0.6031287789335259,-1.4573343067646778,0.6481870268581572,-0.21615112021011368,-1.1973879835805037,-0.027102122382632488,-0.7671462718217953,-1.0592336680081815,-0.8740184752360162,0.02590385014393198,0.057243802160197796,0.2912434944772098,-0.9104438315232838,0.6804933015067596,0.724570805342693,0.4945778584827488,0.6516747772295584,-0.598064440911419,-1.1781977213420247,-1.1549913638848754,-0.5940195580428761,0.25254193394370494,-0.09197399495453114,-0.6143313414707037
0.14980761338964385,-0.2030000433580524,0.11028866967827522,-0.6708686769570977,1.3720865886816669,-0.14365756931630044,0.3856621582445705,-1.551520340029834,0.17727870261790613,-0.37940352039738795,-1.4057052119082976,0.37116640283855507,-0.3513580631835846,-0.9162761786784174,-0.30016819431907965,-0.1013390374331368,-0.8723944876818083,-0.20725576430989856,-0.6040469482536972,-0.7610610398127556,0.24558303905123616,0.9310990573133308,0.4073532371722266,-0.5705397973069936,1.535955802631167,-0.26032462488229313,-0.30111247794530405,0.10020074052588405,-0.7204601701748573,-0.38885810756297007
0.7544385095299699,0.5929522584738305,-0.15219635534204953,2.3749502442001433,-0.38301479473528355,0.43227062069168837,0.9318283262967214,-1.055276251930605,0.7646371618185429,0.3252777903237349,-0.6058928747321225,-0.43253029106768787,-3.915624822530705,0.01253875324231643,-0.17793882302982297,0.14484291997276352,2.0266231472773573,0.3469263070305565,0.18448492275889994,0.9998452782907572,-0.4417263168703224,1.4808432278917152,0.5297460703465489,-0.5536079396505963,2.5785470076195285,-2.7962392732697072,0.02278294575067696,0.006666939326270087,-0.21039391958429582,0.3518007530596625
1.310766097834753,1.206783676495308,1.3680825577939675,0.3829711103066155,-1.9459934100558105,0.7203296372557051,0.8243101072236523,-0.31296259992555125,1.2644283532341989,0.08205522458692857,-1.2560084802273088,0.8252694610428621,-0.9996255359005728,-0.02943403711180073,0.9719773769543106,-1.304829247827428,0.3318930110797791,-0.3969836336733704,0.2804812937184556,1.2843974556429796,1.3765735188137362,-0.18387153880779722,1.3364794692910154,0.5780045470519547,0.6088792043436,-0.16592852725946697,0.2296163870465581,0.9855095440327458,0.2812730018775049,0.3036287813008986
0.3740255548542383,0.48886436437070246,0.9264410871248526,1.0167051047929505,-0.9438634325209387,1.0529906197881924,-0.15671986841947727,-1.3358958982569376,0.3971339116642892,-0.07352621766029445,-1.0552690234172686,0.6200975886455757,-0.5877410519539285,-0.3797221867096338,-0.46227905231298716,-1.0330875837466582,0.6350460661238949,0.11299631926262335,0.0816045915378303,0.11855859110889841,0.9824038389184354,0.5144761490403189,0.8856217295986766,1.1409058148249271,1.8610034199346193,-0.14009807647729022,-0.040278639077049115,0.6909360191441023,0.1068308774894212,-0.05880020892467461
0.8141831020832327,1.0082237023481884,0.949228902708087,-0.023990613948947855,0.5668649528003643,0.45845780401568975,0.46294196310625774,-0.1780690438085054,0.7277067782163995,-0.425394946078235,-1.1359079505119005,0.5273962348410737,0.04574210171839651,-1.0498229416010756,-0.23702250703671238,-1.0046493231497697,-0.2548333542406645,0.3281508897102444,-0.11275356403942276,0.5548454478323395,1.456168453978187,0.13929603633435478,1.0201091478937263,1.6479070525411175,-0.7489163527798604,-0.9556506075868164,-0.4954008353682595,0.7131282978133083,-0.2855305739118206,-0.21703093311386149
0.7552194845960264,0.8593498249559416,1.5010256535566096,0.34801916286034495,-0.5373263859522185,0.8485519139832903,0.825108595773436,-0.4524172230288047,0.9114767766187021,0.44542180942508186,-1.4994980065431855,0.26425262245653325,0.11052732000401545,-0.00743765235822192,0.7679540306180083,-0.39424154562697733,0.1924039790521209,0.1812008964670208,0.2767208925183336,0.9875312025561974,1.4137710350039185,0.25703956522786847,1.1414099192061307,2.4183065759071933,2.387618106441596,0.5469107715512975,0.38671262005209533,0.6933183624054963,0.2471409130589368,0.42164715314354884
1.0771764555774939,1.1587572955917387,1.1070430285382549,0.5702369985130158,-0.2511799619028878,0.6246822064795545,0.8354542300271579,0.13744276496230765,1.053208607020157,-0.3073102445446873,-1.2338470729583921,0.6368746636280611,-1.7694068218891805,-0.5284734515395304,0.13760497686948647,-0.688571754827718,0.14208936282061138,0.6804664988182239,-0.5296728841948405,0.3090848882224606,1.1127423857523269,-0.686463424013712,1.0565021094421034,-0.5399649293453497,0.4066863605503343,-0.8793763969001768,-0.13842367405366232,0.5822496562999412,-0.27448855228052926,-0.3777471890154171
0.6369798595951912,0.8474420223402458,0.6907827629124056,1.1446298258579746,-0.9835785472672476,1.2889656180054536,0.7996958297542299,-0.36780943043468134,0.54195246069518,0.14325127831002663,-0.5132438946659498,0.1316923580248488,-0.6771114299992196,-0.24784844181490562,-0.21505076204665313,0.3524846674951191,0.36815549756297816,-0.24923114858472742,0.06962589416647583,0.008461246611701173,0.9054282288523762,0.3398337000035236,0.494144853648063,1.731487349894019,2.9761675645061603,-0.9282649202392209,0.121294706687035,0.28922143514841875,0.14767787298607496,0.09962284807558737
0.9986884614388927,0.8950205434109227,0.5616234648865325,0.3362992823499228,-0.119262796622197,0.6503445294128407,0.5384859232945058,-2.942531744148055,1.0442791709850126,0.2256411420017217,-2.0728350591131677,0.4142845541470473,-1.0086788548661294,-0.009101164601902611,0.05359536367218006,-1.3022285168040488,-0.49863114559671634,0.44814872439739545,-0.029236266417366003,0.7741805609425657,1.342220062715595,-0.05149499256400201,0.9885212585377847,1.4139942690110112,3.323354072025036,-0.9512553738149813,0.08081732888023889,0.6010079266644356,0.5654929417591195,0.05233856621409723
0.794033945378997,1.2306783158148562,0.23056242020993856,0.11789411668608471,-0.815620352745413,1.0244471483271484,0.6657233378578857,-0.4899319989903499,0.8379467292675702,0.234770783218964,-1.8732394168718467,0.43426743963574344,-1.347804555199695,-0.09927778688575133,-1.0324366029794994,-0.45907460594569177,0.28892079913619045,-0.021489746579669938,0.013098572900132355,-0.08732285702639374,0.8784910275446525,0.294628128546404,1.303881422712799,-0.6321979039564843,2.464233211617966,-0.84401166978217,0.039728741140536435,0.411171655069532,0.3376224624306043,0.05966200786661253
0.4912499122691979,0.4331453322198264,0.25930227717685495,-0.39755809639570133,-0.08463171055810487,0.052126523662972594,0.9877572416750606,-1.2742074672684978,0.7658865479304554,0.2063693617630686,-1.451886725120292,0.03498374108758766,0.2916767572872637,-0.9362335727104568,0.25374134324553144,0.13984982509998506,0.7161954504761046,-0.06081184700522789,-0.050252056995464964,-0.9864262079891915,0.0424071058274431,-0.3967558108662656,0.4634579153282014,-0.533905980282031,-0.52399266983493,-0.7210803621329611,-0.18611332906876676,0.144714073175724,0.11744867216451567,0.11589716285895378
0.6381903709475777,0.8924651078938373,-0.047100310338769776,-2.768801464781554,0.9512648623337606,0.12060405378782475,0.5765009216429093,0.024100250355082096,0.542907873604289,-0.6404391830956572,-0.6177599508825734,0.0011090100719928627,-0.16564043743147638,-0.044552986960793156,-0.6879048706143054,0.4547620807082972,-2.445650288993519,-0.5143209548549869,-0.7393000881935549,-0.6251959546060648,0.24725692727979434,-1.7076651223464745,0.7862167986177026,-0.503486736012082,-1.4177171737719887,0.03395318088743406,-0.6359638396886507,0.24526612884809518,-0.9041625629782067,-0.5313767205703975
-0.6422963473573567,-0.012290788634555613,-1.0993787123922278,0.7454566297897168,-0.7353770903258822,0.8369491491757688,-0.7486081851701212,0.21418271700522384,-0.9157871587047983,-0.049123304481874415,0.6026901939397108,-0.12974148875637917,-1.097717001022776,-0.8868034946125266,0.30747056838929604,0.8799545924711648,-0.41220388786747614,0.5210959561116597,-0.208734772090913,-1.3150707210361277,0.2663206543272626,-0.05071108092023687,-1.4464490749780365,-0.367430129819684,-0.43281562082702596,-0.6083595206306346,-0.15246622226221104,-0.2882714489447501,-0.35137059751354943,-0.3031812376443559
-0.08702307539174875,-1.24382629499722,-0.6376278447625318,-0.292909948141883,0.5165495353360718,0.34132459894726624,0.19228906162300127,-0.2946043053060721,-0.025121847512041485,-0.2241481367650663,0.17018531014315472,-0.05039767872774351,-0.31589230907081556,-1.0841958574476365,-0.0027187726468886272,-1.2691212880494627,0.22117421626193165,1.17576301987992,-0.20072875663259,-1.2208494826419745,-0.27574789983671205,0.9053344946215857,-0.5463716883862355,-0.4125817502367433,-0.4588444611948911,-1.2269379597807835,-0.10091066442146777,-1.1881962502985444,-0.8733515651881493,-0.27737905129690976
0.7884499736566986,0.2739179892789777,0.013610511774773957,0.579360702961003,-1.996308827520103,0.5832964063095121,0.8052158158157798,-1.4303099848714045,0.8252323882463367,0.10288865398116372,-0.40529639474317214,0.1274179440165737,0.09615829082015102,-0.24708322618281253,-0.6173737228310795,-0.6846976688522396,0.09984972636153158,-0.06149866435040647,0.003758221532087437,-0.946260571219882,-0.02695076290216821,0.8644665675932995,0.4440465157326304,-0.5430151537025685,-0.63987935872422,0.694252531379475,-0.0844232764812902,-0.3194779994138266,0.13532680817566248,-0.05384394033155881
0.917310859555889,1.0263225085362033,1.9137572089335646,0.556128636025153,-1.2710834567134461,0.7208098286769983,0.9357860521521738,-1.188915514626443,0.8957492102687357,0.2653173271413175,-0.5907373316966036,0.7841816563883004,-0.4203792380494144,-0.948267895570453,0.05137972552192965,-1.4618532066781442,0.006912536485858974,0.2559338532787494,0.16440923248083147,0.7976040037861465,1.386461858534293,0.7200177820355217,1.3806260700590003,0.7460158846056913,-0.4554618958449414,-0.07200576250437939,0.09188022866586464,0.9422839644971721,0.2796366979036034,0.23481801943049949
-0.12548609739499286,0.9143048609212988,1.603953454912976,0.8489921311596337,-0.9264295365944686,0.9317925385023124,-0.035731494680487405,-1.5516343667044894,0.0920999671057001,-0.19075287020725737,-0.6246228382948813,0.4486401567385722,-0.6245357336212757,-0.011905370955535096,-2.7033970412994086,-1.9187329634914385,0.338619385982999,-1.2762761175964559,0.04519844927374994,-0.6767835315331834,1.3151898676173952,0.6269021439502936,0.9911968100994789,3.2217190717381325,0.179124276632443,0.0298960420211232,0.10754248319661718,0.7205543407722488,0.2634312281768903,0.15449687855877461
1.2118165569654937,1.4421471910276635,-0.48538312908423875,1.112570760309846,0.39933900363207847,0.8946726249121285,0.5967408705352564,-1.9416055940251165,1.1324343851756,0.6453129013394485,-0.7095510700222026,0.417009493077325,-0.4299309048479377,-0.8649021677014437,-1.6123798888096477,-0.8520396614663319,0.5125061668969231,-0.3595267845641929,0.49879684403841934,-0.5232580690699481,1.4248915424482758,0.5673509894122735,0.827605943184347,3.4770560501582257,1.397575054164709,-0.22908465561170066,0.504126048163617,0.5416854332005224,0.36683351855729185,0.5126057779509456
0.7875909010840342,1.3650626103782715,0.9643215790738489,0.4785697305713739,-0.3252071244761444,0.8946726249121285,0.8110829708120167,-1.4463877459977814,0.7119424652160857,0.6453129013394485,-0.854815520249412,0.7047309860094548,-1.3804463382589858,-0.8649021677014437,-1.4860885142449132,-1.3425359890150528,0.20399199126162754,0.03081681649790185,0.49879684403841934,0.28433300992152927,1.4248915424482758,0.39696779363993495,1.4073815856759606,0.7493047319568416,-1.4521686018612305,-0.8070917060987446,0.504126048163617,0.8497159781332602,0.36683351855729185,0.5126057779509456
0.6541613110484166,1.0660766548793135,-0.7687428135287568,1.0163342224983178,-1.9313794004834453,1.0570666632480057,0.0071438687535578665,0.05397523911473381,0.5594438662619629,0.310485025795046,-0.6038911992368636,0.6281655450861988,-1.1165711607033324,-0.25759662356287255,-2.695273034748453,-1.440321932033553,0.9760433047200354,-1.3242882648525933,0.3509888162207364,1.035237664127527,1.3246442363157334,0.3413100669326141,0.9402794257876125,-0.5362299607446738,1.5275670405632908,-0.4280873170042354,0.37795703776319706,0.8525490349846463,0.49807721803437405,0.29297650253360336
0.5908632819446021,-0.1751273549345878,-0.25520918586103775,0.3728682766007963,0.7631558010917204,0.14867850106993152,0.580736382646109,-0.6393069427886021,0.5121876739113648,-0.3583298372869103,-0.536406139682492,0.5070927683017564,0.825490344366331,0.025347797518655107,-0.8418917220572674,-0.8219498980830838,-0.04433444854411664,0.6478246007815641,-0.24555031287274853,1.522812548606331,1.4788666883367385,1.0720986316385424,0.8919283868512454,-0.5159988808243463,-0.05319031160212862,0.26771199856802647,-0.16300959360486578,0.5094486802400311,-0.12386374129034541,0.041183263171680036
0.13016609047834163,0.43933633579214565,0.40113092043370674,0.7071815769835283,-0.7490442767428549,0.7555622868877842,0.3066812256029064,0.4918376697905259,0.40216820276229465,-0.05032457306309081,1.006742690339402,0.34616108089013753,0.11559385630583763,-1.1294528962599912,0.8268530781123811,-0.09989590182075701,-0.3828842190442835,-0.11666817130893496,0.16501574880343234,0.3878142248860386,1.37239654772488,0.744541151291306,0.09603370188630528,-0.21351829873349903,-0.38439419784249057,0.6515849543021095,0.17538678574934416,0.3974141592987764,0.31862921556316925,0.02066283171301652
-0.343182897058021,-0.3635182764054719,-0.7204462491583195,-0.1691539440685411,0.03197161933971235,0.16723845786502342,-0.41990863780692556,1.176111744396102,-0.1739457814311217,-0.20353780010734343,1.0564986240786403,0.69057198960704,0.010525521522108531,-0.2827251642266953,0.3874181783111246,0.7821609321499244,0.03901266226161967,-0.10427654047065468,-0.4158904220750317,-0.8632659148280456,0.20833127648327623,0.5338387666413167,-0.5085863479639139,-0.2438026691373126,0.02344170640099047,0.6294059284996121,-0.15133548388633197,0.21345862692569334,-0.29400299226557763,-0.12512543908270418
-1.0231388383194226,-1.698957263998895,-0.44746012255392936,0.17561823702285884,0.652645072367735,0.4218515835738658,-0.47163680907553107,0.9936690649478569,-1.2545545282850488,-0.2313900702118271,1.4288102661964062,0.06795015912642124,0.7807220973715242,-0.17561398730218022,0.29934656183835057,0.709340463495314,0.3408337618793558,0.6851802347030305,-0.5834708820094835,1.4727227175379907,1.4203813436102155,0.8254016373456734,-1.6048799495956103,-0.21900662759393666,-0.06442042856396284,1.1276225812825476,-0.5571635990885573,-0.7636669736284267,-0.09128311105443969,-0.23255071148454584
-0.6483489041192891,-6.604576771224705,-3.8624438664408,1.867182712263166,3.111081686900903,-1.6655516920291284,-4.231441654859921,-1.1838983409416175,-2.8349544665546276,-3.0123954796461336,-0.40143602057374844,-0.31444960408904216,-0.804937649155076,-0.9079681232442653,-4.5761651878053495,-1.7307626206533349,1.7204232441953962,1.8044177804065629,-2.6942689879229063,-1.2111466942525013,-0.34193623020761826,1.2857406849526498,0.285260721009934,-0.5058003415619452,1.5840220562539569,-0.6767899295090698,-2.6575254125317205,0.201804461241574,-2.277009476311446,-2.152283678162086
-0.7676428454592995,0.2737335764066113,-1.4215116949932964,0.48162580067915456,-0.7173462841492732,-1.5765822721816571,-0.7815545170720714,-0.9358903235666565,-0.13723587773108292,-0.33837161785899017,-0.38141926562118034,-1.3811830500296154,-0.8487092004839492,-0.9144510681024938,-0.16519890366583956,0.6828392458861652,-1.1371705770033467,1.8168961671200237,-0.31784705852669937,-1.2104955004008586,-0.35969804418843015,-2.3248256942886543,-0.31400822571689374,-0.49317407270910485,-0.38129915054728647,-0.40563781527731707,-0.3574507535110474,0.6710616960805774,-2.29354220683294,0.07828870087775677
-0.892169319741882,-0.4705831211625246,-0.4219938883480372,-2.9856934306832867,3.335159736491829,-1.6937936479465698,-0.9861064533906121,-1.5168562309346674,-0.6895747791477985,-0.22018395044705336,-0.4603424708627333,0.2949749731410223,-1.2426531624438073,-0.9591900416732455,-1.3332094818770814,-0.5262923128110645,-3.563826869439631,1.8705908242004832,-0.2087650979070439,-1.224952003907322,-0.36153467155032076,-2.322029742759226,-0.23920198817559601,-0.5372985767609785,-0.4500497912850215,-0.7263546426591664,-2.6902862649355597,-1.0316913218112598,-2.407635016509499,-2.885693071290311
-2.1962805337950044,-0.8106404578072107,-2.0540011211720066,-3.196384244618746,2.87846164579937,-1.8284482562710092,-1.6672866201431722,-0.3401009484934797,-2.9615466770117234,-1.0148059559418032,-0.17210119954575717,-4.546226332633267,3.352695263310586,-0.8591036393091865,-3.5769123820387967,2.472983375969538,-3.6206680672604032,1.7460961433164766,-2.2749994170174124,-1.2896806727605865,-0.4549779320130748,-2.366634315289459,-0.32473773351022533,-0.4105171425935919,0.5129496510190156,3.014800724946904,-0.5780516985456695,-2.728585063033179,-1.9705236816145932,-2.22032510878818
-0.1706264562130145,-2.650290583147976,-0.81057716153977,-2.573939907181057,0.7295435790752799,-1.260247797973131,-0.5588803623627833,1.4596960842634716,-0.480890551807933,-0.5338523379823212,0.6633123660817747,-3.923978513378374,-0.6524432122673886,-0.906494726685577,1.4808356054636627,2.5872920641543713,-3.2978686696771806,1.8429084703616412,-2.0202625615253025,-1.296205635154044,-0.5029859763460293,-2.2051746470619786,-4.698063268835216,-0.26220776440842086,-0.32188439017541265,-0.24585416292578605,-2.2812798580822164,-6.082022947896641,-2.1152941606092623,-2.1278574111554147
-1.3884399254669797,-0.38501554838425084,-1.4631759846790613,-1.5903600618127343,0.08291482172225417,-1.0186556768509778,-1.0531794915724568,2.172818907556802,-1.6978293714618033,-0.7767488451042263,1.5501975873016198,-3.4368556069601297,0.706052980398742,-0.8678869839558185,0.9514827240644149,2.3946141666448697,-3.2287235336052222,1.7791935096978342,-0.36010608330387306,-1.326603364148716,-0.542206107479053,-2.167899648400949,-2.6871405563016775,-0.18640865164025996,-0.1460417304582581,0.8601218920304742,-0.4161116268218405,0.6678423132949072,-2.174795021408394,-0.2946298249672783
-3.40175459700529,-2.9324159331733832,-1.1097097556510451,-2.3999516051225394,3.014238144593889,-1.4209109137438822,-0.34523259995540084,1.9059964888637442,-0.36102297836496067,-2.86693901544059,1.185892647164885,-3.633852662566586,-0.17494293031351402,-0.8565133131011698,1.3983030843665403,2.5001174124033665,-3.157364021636908,1.7314922376610935,-2.2321338759176386,-1.2139142681219817,-0.38166007770571714,-2.015049943060822,-4.203250039200727,-0.2083100925181121,-0.25413160621591246,0.1428873594478707,-2.1544996377488888,-5.9722634574572595,-2.110882200264817,-2.321506962245856
-0.18901841901862637,-1.2144783035948183,-1.0108208395193197,-2.3531907654151345,0.9496902542601188,-1.1344934818061456,-0.17432133340818817,0.6416687202873961,-0.08321830171601038,-1.605555522224441,-0.41044356030240503,-0.12306271686844743,0.5825457757952599,-0.9018131279426481,1.0360462467992815,0.8680545116460893,-3.240128401943602,1.7773716363190444,-0.6955247726098815,-1.2231481969382725,-0.3646654624963275,-2.068016239791216,-1.899682049220043,-0.32707171910682525,-0.0962841941604925,0.7595724671270765,-0.8526836016493099,0.03763740172439794,-2.2279567194049297,-0.933233937066582
-0.5500631920561788,-0.13956201526381645,-1.2101291967100019,0.6565190555365785,1.6301679394184332,-1.272542931806703,-0.2994063005765022,1.4655114446708841,-0.8218627204092008,-0.28694016160320884,0.6249945780297135,-4.004177206208667,0.6254867474025216,-0.8683765318446731,0.7157018975744175,2.575036987403257,0.7654611518093383,1.5564622594844504,-1.302374679187571,-1.1852942983422938,-0.32632102289028087,0.9302628848933153,-3.5686801927874416,-0.2722091803280084,0.7195229169404668,1.2128901164561752,-1.274342054113837,0.05452843007320477,-0.748883376240037,-1.2966689758424
-1.6084406015748733,0.18258092806522394,-2.808252308228303,-2.136298799513402,2.3733829501775516,-1.5700494354036012,-2.692580634959103,0.8932115645766671,-1.4086699798545823,-0.5812852859606272,-0.09503669297836914,0.8848975364583236,0.8483312867106171,-0.7512605169974519,-1.1535581551936258,-1.4442731910364315,0.022346569989038823,1.5072933672259068,-1.8304836041836818,-1.1298190941208694,-0.27566265552877633,-1.794444141311268,-0.6930082948951101,-0.31105285377503744,-0.067769168260413,0.9806189163598943,-1.7242842462236563,0.3342498690439649,-1.2112059131032036,-1.6002885103735347
-0.31401347834084264,-0.04393076859351697,-1.0452151358007327,0.24890457844245936,0.014393641628726939,0.8265747810273689,-1.2327005476999446,1.4405396029214057,-0.09523445638058674,-0.5001310128096109,1.895200656591236,0.9959254403233114,0.21958243745147432,-0.30387078128993483,1.2227137609585523,-0.24008842339554018,-0.8911084614224491,-0.7517067183176087,-0.22119868252034816,-0.6350485175814157,-0.46356435866697526,-1.2418386932331416,0.19666720246193464,-0.25599319165340756,-0.13958103063985358,0.4640775196974586,0.11380738500891888,0.6660609214868386,0.06605660661382913,-0.5054265859067387
-1.3391994475521691,-0.7694636978772726,-1.0768459842968636,-0.29739020626105644,-0.1496331784870206,-0.4212752142777839,-1.0159976986673032,1.2625439637847096,-0.9135088663830739,-0.3956549682032698,1.0107460413299154,0.9213369158788811,1.1646160446998968,-0.807002435837118,-0.2709956253406784,0.9437766861309389,0.8416323527554513,1.3314319785787834,-0.6098998307667897,-0.9272652465674704,0.1436308467599775,0.3774875892923726,-1.9732051140735896,-0.25561969479333985,-0.2909339172233695,0.41593280515057024,-0.33074087944299224,0.04858330319567017,-0.13272402428976843,-0.3864169603454655
-0.29132615267192224,-0.7508906871603149,-0.929065299656332,0.5757853976407343,-1.2519926202650393,0.15585903790461453,0.03873624181022199,0.8855717773747704,-0.22788986414549542,0.14156950229632329,0.5959702833484928,0.7598174965411221,-0.06663533461550304,-0.8721075521626418,0.966622918091186,-1.590037605189492,0.521580113239138,0.46448051790012324,-0.0280687224963606,-1.1670217988652056,-0.19263469959927304,1.134079912272234,0.6683014190772404,-0.30991161336927536,-0.5389436086817092,0.9897474788090965,-0.09079514003185038,-2.752429958199028,0.07918340071557349,-0.112032013097906
0.4655167838426637,0.6177953068512669,-1.2631448796060731,0.2859334667386786,-2.078322237577977,0.8700823572449846,-1.8839547522823477,2.583086882966048,-3.082663636566608,-0.3835049945532543,2.62295267593817,0.9448461929244032,1.4376275991932654,-0.6326330824545442,-1.1779301748464726,-1.6016984496296274,0.42055129414820547,0.2015379195405809,-0.239060588220926,0.2163679076256015,1.1015986298603515,0.7067696752558917,0.07585785898739174,-0.13922354831838818,-0.24905775819098788,1.0660216894957324,-0.39730164113661315,0.11573962810470946,0.46712077100219246,-0.40572421561118677
0.21388661755951474,-0.993288235538668,-0.6599905145326457,-2.0920451241177203,-0.7700905088382682,-0.32531510071567477,0.33292719706536605,-0.36028366990744,-0.17997223208858765,-0.1492576212161067,0.24839363127925806,-2.612107424063125,1.1318081456962794,-0.9341185357149204,-0.7724683933491718,-1.3918572708263726,-1.616824375485658,1.8578955477990713,-0.7004982064552036,-1.3008421353777389,-0.17280377378038173,-2.1490988341446506,0.3438771414483168,-0.41954331671189204,0.054899564155525715,1.2067367891756036,0.10855097958591463,-0.405735995517832,-2.283227431412272,-0.646480510583663
-0.6843909034177603,-1.4409109661654027,-0.38764210664793747,-0.14525428900235107,0.2859260561056924,0.595904222929042,-0.06166501410172988,1.5180777416869087,-0.763766266205236,0.14189556091122466,2.220758878212644,-1.70229840240141,-0.03781421827561997,-1.0428361901776182,0.35510678861984896,1.6081284098063091,-0.6862370674023566,1.9460684356075115,0.15685810426445826,1.15253721262389,-0.41367319007689296,0.7486436222270096,-1.657490029793451,-0.23991207684494203,0.2742420142730385,-0.42673493738213053,-0.38075313220314394,-1.4155919877262446,-0.17342557054429747,-0.4069225969725074
-1.4078081071051634,-1.212607830175095,-0.9003679572707265,0.5721952570286816,0.699759815904558,0.7839270824711375,-0.6713283803084301,-0.3025861725319314,-0.7472670201979097,-0.17269951952955284,0.21322133329117504,-0.15089983809734966,-0.037731160303461145,-0.9766664260161387,0.28494491386166654,0.8221288430403685,-1.422192388805863,0.7678368947812448,-0.050297545719661295,-1.3214589327207404,-0.5170977840506799,-1.2867568304208803,-0.007411857983761833,-0.41595359689013117,-0.42133181146394477,-0.49361010969515073,0.0074110159380553235,-0.7080360390920787,-0.5558237488600061,-0.07445314077994904
0.21376947129960303,0.3928116025635667,0.19374479279374476,0.0055464519956728315,0.8949597592560058,1.0036425758185714,-0.0011881856789698671,0.635967386554639,-0.4432252351987811,0.38304164810049957,0.31745143586561886,-1.0630063572885127,-0.3781027302194417,-1.0493381466043459,0.31208648120233395,0.2238295135166314,0.22152385456135631,1.9154508413250628,-0.03387611628525842,-1.3119384786097272,-0.5159663595998949,0.014823932498523611,-0.02728738387064569,-0.34281046179356206,-0.29791891467101633,0.007987492143046808,0.20454149954902986,0.3470630125309248,-1.6170577817115008,-0.1908292863126418
-0.15957565902832496,-1.222434401802651,-1.5599391717451867,-0.833478310216256,-1.2904830398429599,0.5562046763547029,-1.0439447979097398,0.7574057950623792,-0.3885829661277503,0.081128531681419,0.7908476904938466,0.54775313155549,0.6528958782156677,-0.8882103506814676,0.6407394734906703,1.2008168884920143,0.20778806422681098,1.5895668555220734,-0.030403810338371407,-1.2357813576601369,-0.37430581877561664,0.4867256768510358,0.3412288914331683,-0.32697834489180827,-0.2425294070655843,1.12072544520982,-0.036091851036633135,0.37859150127856905,-0.9906927412721572,0.1255729827392469
0.6103095610893892,-0.4290375354878507,-0.3256558470950323,-0.540199426911786,1.2058470840179898,0.4539574053463626,-0.014311171410199698,0.9478303417364835,-0.27029549864984526,-0.26742812764831136,1.348457292743954,-1.2724526436940742,0.5585420218407179,-0.9790856481076626,0.697053609809739,1.4921990880460763,0.02024874019248988,0.4060504359660614,-0.39307024543719726,-1.0742722585757645,-0.08028270173984244,-0.8740796107548195,0.3507025280852959,-0.25837942159272803,-0.01987204290512085,0.8438933365652307,-0.4256006610302284,-0.06115472469180738,-0.294015113035755,-0.5236686132957303
0.287688761301777,0.0555204590043827,-0.3342863071013675,3.1529426160071656,0.5496471795506686,0.19370482224791608,0.5791046886530756,0.29605386940762396,0.3933857533285518,0.014749862079361343,0.4115301841426868,0.0697133549048357,-0.24645584434417778,-0.9709486967900034,1.3689458788756121,0.29515282543968224,2.1283179440814797,1.003306799333631,-0.28611109194664064,0.626548402836695,-0.270571245500245,1.3339381858501398,-0.14285483040798894,-0.35796820936463847,1.6575928526153714,0.5914040611185027,0.09331657200819773,0.08841779953033903,0.1874946030176796,-0.015480941937678091
-0.8656942650025908,-0.5276193881160217,-0.8918650410083263,-0.777682777811576,0.5767551381518031,-0.22895296642876245,-0.49954919142449783,0.5940055702815416,-0.4048249855826247,-0.3810338134718958,1.128987872371155,-1.267964508985385,0.2507291770118645,-1.0003595932582718,0.6697274059565549,1.3810622112873814,0.4455920561641518,0.592712931073156,-0.8940375649969463,-0.8861749145288287,0.11890224797604572,-0.2705329710260262,-0.80491733419503,-0.31734005091950873,-0.6354989365960344,-0.9140649342071349,-0.4201303321307072,0.009757546800511111,0.005743654212835263,-0.8078181494133105
0.8946625826402725,0.29488836733670765,0.20101478619809443,-1.498841146788945,2.350957649573196,-1.8492304942948756,0.8288233033746071,1.1878564918855852,0.8252323882463367,-2.6160454917637326,0.2614045219984283,-4.147209784960628,-0.4420573687834493,-0.9134196905114121,1.5395500164455087,2.642517082561789,-3.2092436854944126,1.8348184850010605,-1.7106663046540005,-1.2743515694929222,-0.47149982878754776,-2.294618965615574,-1.3454060512041857,-0.27204318172353403,-0.26197915782779696,-0.07457528378637489,-1.438895048300845,-3.82452735093036,-2.254489085322489,-1.3519276719477398
-1.3946096284888194,-2.783831847437713,-1.2166764422320502,0.20873060828774734,0.5141310196674058,1.0924891560001302,-1.5553940724930277,0.980670024037169,-2.2773975407881575,-0.2188625550077157,0.8946488626050207,0.6507130789798578,1.5459351948912718,-0.9513525225594487,-1.7827993898670276,-0.45280815612081404,-1.7897121898297979,1.8588643217385865,-0.034876868217549005,-1.3087867003677773,-0.529620947834708,-2.2041033011488333,0.05527249289026278,-0.28320658787444297,0.00845694190071167,1.560789774242306,0.001772604306983119,-1.0255101068627765,0.25836474624288364,-0.25826412884226363
-5.387774189984953,-2.8029054073796678,0.5177909315538543,0.5458922846932659,0.7618796481431487,0.9905992367471703,-5.2633318794349355,1.186032065091101,-4.827615075105237,0.06317814688210358,0.5357770416696986,0.5219997871556232,1.1515759430706105,-0.8802777737251748,-1.2796648932458334,-0.1808195383523641,0.7846413099492127,0.7302571415155613,-0.15631659891018662,-0.7554086771804986,-0.4410598613719151,-1.171639405533979,-2.8072400595659737,1.5162597842800727,-0.26938697594418753,1.4379260855742004,-0.01344652302241235,0.5441536266695343,0.04736637900082092,0.0668818856977778
