sample_index,face guangpu mean1,face wenli mean30,face wenli mean78,face wenli mean94,face wenli mean102,face wenli mean126,face wenli mean166,left ear wenli mean218,left ear wenli mean1438,right ear wenli mean1574,right ear wenli variance1608,right ear wenli variance998,face wenli variance559,right ear wenli mean928,face wenli variance1454,face wenli variance935,face wenli variance863
0,-0.008296652696286823,6.13282147599951e-05,0.0006422977919940836,-0.0002948451702400996,0.000677303598837896,0.0013346748430582242,-0.006810852331838596,0.0018292590152580769,-0.026722918353887095,-0.00011271985498487359,-0.0011855571779060654,-0.0009642160303509569,0.0049318943836700385,0.024754254530136934,0.001057419307193419,-0.0015113575935636252,0.01208007278062897
1,-0.0024918973171379885,-0.0006082761109288578,-0.0001353185126610002,0.002670570113027089,-0.001484130788460043,0.0008219303198853535,0.005906020768176585,0.002030698958635094,-0.008972426188353066,0.00014415579592208503,-0.005247507988744277,-0.00995981366385467,0.009749926021550816,0.009331596252198347,-0.002782070008547016,0.0006784359768929084,-0.015743603797735463
2,0.009109772798343678,-0.0004914856507596595,3.110861506709426e-07,0.002153350910225106,-0.0011071396206411017,-0.00788447037706809,-0.03321346634169104,0.001480466225956748,-0.004143109332345932,3.719388870838803e-05,-0.00039089885284904105,-0.013660534209283407,0.018196333050336314,-0.04007460808749221,0.020898260848875947,-0.01244550952182441,-0.04923271507199353
3,0.0045076602423335,0.0007776828488292145,0.0014742055649828397,-0.003467299257842929,0.002989644604079431,-0.01720728811067069,-0.0045832590519991135,0.001788082755154742,-0.030842898015762416,-0.00016138003926237078,-0.009726811840666321,0.01924970201871635,0.01372712507514123,0.03613312453931146,0.031973710798127206,-0.0025158772422575206,-0.028007037015044475
4,-0.005873895493785477,-0.00040600424748023125,9.958125270238412e-05,0.001774787257042059,-0.0008312118265179598,0.00097681849219302,0.006140978892047727,0.0018151567952198497,-0.01068241112090336,1.075797314418261e-05,-0.000313825810862535,0.0008877802815081649,0.006610513057379977,-0.032931065408074625,-0.003249364688404692,0.00879015437895631,0.0022815852617650684
5,0.00685404113213067,-0.0001877792678507134,0.00035300748627452126,0.0008083542981176776,-0.00012679735808782502,0.0011439226443494992,-0.011250084333127325,0.0017021641964512831,-0.011940358527879589,0.0002587230323665641,0.0031640322406072956,0.007885774119269813,0.011175685620999545,0.016860168688866563,0.010474633519011631,-0.005864276071237087,-0.010835603570458348
6,-0.002979290633747071,0.0002366418711863672,0.0008458907982453513,-0.001071240686498742,0.0012432034161263745,0.001468919969204262,-0.04397149623860168,0.0019321303399580901,-0.009323909820467772,4.016988710304165e-05,2.3683588686248657e-05,0.037577594141713695,0.0037178661777291892,0.03885258887835757,0.0028750258008524857,-0.0019410193902026178,0.005731633592803853
7,0.0009664357704216576,-0.00038911271270046423,0.00011919751315871033,0.0016999812656945123,-0.0007766871725894356,0.0009897530590917624,-0.0060665374991114105,0.0017866967427911777,-0.010435235090940489,-3.1184460371113415e-05,-0.0009248689476575641,0.0047792629912149515,0.004104771026297508,0.019826933096472626,0.005041813998760516,-0.004459726473948296,-0.013431896286582723
8,0.01181355894052565,-0.0011314871351930619,-0.0007429272266945882,0.004987666804615531,-0.0031730181750441004,0.00042128537650158244,-0.013324573310402103,0.0014811096977921689,-0.004838000435449085,1.0618745149111189e-05,-0.00037855709122375843,-0.0014900390114742175,0.00902333699490866,-0.012027378891330707,0.014713367333774482,-0.005868720848443743,-0.02955693182365841
9,-0.000951147473454581,-0.0006485427998988079,-0.0001820805072841624,0.0028488955065424566,-0.0016141087513603652,0.0007910964028338061,-0.005800958514727329,0.0015818416890216005,-0.0069276786896818685,0.00014325081395412018,-0.002571864442918377,-0.015047568196204043,0.009126917820509573,-0.005947198626217189,0.006249987726898597,-0.0008001932405060421,-0.01637406948259548
10,-0.002575507522258176,-0.0005022348092558746,-1.2171988685172617e-05,0.002200954722900816,-0.0011418371276865251,0.000903130656527458,0.006029197886680099,0.001752791516515977,-0.007467757746406993,0.00039319987210627066,0.0018812446496357055,-0.00368527633590229,0.006484083520249373,0.015380271548036478,-0.0030561575206358104,-0.0035766974022351174,-0.008672756012675207
11,-0.004879645735383271,0.0002857808814547809,0.0009029562832092102,-0.0012888581158734269,0.0014018205911911748,0.0015065478001824214,0.0069445535130815104,0.001550151952156994,-0.006606224727107058,8.735077393290387e-05,-0.0013145159932560508,-0.0030661991235281607,0.009428520812700701,-0.05447962797733174,-0.005855145734954253,-0.00931934955317532,-0.015130651048566259
12,0.0021728511534003328,-0.0005213444243602578,-3.4364121726673505e-05,0.0022855837232131936,-0.00120352158465617,0.0008884976111470625,0.006007000240224116,0.0018248274089106556,-0.007528385829228074,0.00017128785146164804,-0.00015338290973374879,-0.010159410439514398,-0.0011443396357755358,-0.02660386387943898,-0.0030009375032851995,0.001468124727267307,0.002215911752925554
13,0.015516281095669835,-0.00044686811192219336,5.212575392167505e-05,0.001955757306817188,-0.000963117428698583,0.0009455272924733354,-0.003873231655315545,0.0014881952734828454,-0.005195285253724911,0.00024098886649432882,0.0016114890026828993,-0.004564810980120888,0.004135235975003709,-0.020365322352834964,-0.0033928864191496736,-0.005052363434829658,-0.014614019445694947
14,-1.8957573612511173e-05,0.0003466927796000021,0.0009736937072789936,-0.0015586130543691296,0.001598439797781916,0.0015531906323324317,-0.008760083161254612,0.0016189315143864623,-0.007352757761918978,0.0002673203610622305,0.0032403496645351166,-0.002631012711024181,-0.004024800535943843,-0.03477536073335554,-0.006068352863449209,-0.0020106542331061223,0.009615127082183868
15,-0.006405902810394638,0.0003419153758239062,0.0009681456740186184,-0.0015374558042910349,0.0015830186835395048,0.0015495323709873326,-0.004609420563893663,0.0017569467056029976,-0.006299785599302196,0.0004571403288428673,-0.0011855571779060654,-0.00448595389334385,-0.004376670693500073,0.0033002068687060103,-0.005964705268239863,0.008594584181865518,0.018270895547238965
16,-0.00612860217346604,0.000589487264363727,0.0012556526833330606,-0.002633854727980855,0.0023821628537444516,0.0017391086999779906,-0.007821836211945469,0.0017020439527708027,-0.006582564987469565,4.495584943362543e-05,0.003777594104264632,-0.0034850251445846595,-0.0011504326255166915,-0.009020187753238516,-0.006790741382001734,0.0026563618338344376,0.018323434354310674
17,0.0001926048696839377,0.0003803052275961047,0.0010127280841466333,-0.0017074694209900088,0.0017069383515588802,0.0015789291139390203,-0.003959743018512299,0.0013924998077989702,-0.004211244832551986,0.00023413188773705623,0.006045959516455924,-0.007431478769555128,0.006971522699548067,-0.019338204593449513,0.0010165388843256557,-0.0056450003957110185,-0.004754236651914052
18,-0.008428132652671113,0.0006217347398523736,0.0012931019078405931,0.14299640906402508,-0.09087537326499638,-0.017131640492141675,0.0054288704660089135,0.0012862153196467612,-0.013199102176093618,0.0004637014481106128,0.011677580907882205,-0.004642686443411082,0.0001382347047542225,-0.015569039286953284,0.004556028789174958,-0.0012431893687648368,0.017539730482158542
19,-0.005991510846617724,8.146155924497014e-05,0.0006656787893056647,-0.0003840078669977832,0.000742292580288057,0.001350091801583998,0.006707217069947225,0.0014755540954190587,-0.022291949614276635,0.0003322180102649438,0.006966554184628166,0.007710717930781377,0.000249431767531726,0.012082286755482001,0.0005833321878438684,0.002143730862672056,0.01510105418724905
20,-0.0016836650963681942,0.00011601242583994877,0.0007058029584208783,-0.0005370201220268596,0.0008538202815054952,0.0013765488702405166,-0.006825320440689369,0.0014448299283419484,-0.004746887688095079,0.00046892249792579476,0.007037330409458913,-0.0023234373518108116,0.0031207531830882576,-0.0061345556116425524,0.0033179180129060196,0.002038537802115636,-0.0019127628361221907
21,-0.004824200883831145,0.0005370211336083894,0.0011947233894914402,-0.002401502785158925,0.0022128059741179725,-0.012199324307516723,-0.005910955780647602,0.0011969546527691736,-0.006053292061828871,0.00048542101534177027,0.011871522876279636,-0.01802843151794196,0.0025662911166360073,-0.027250412762179165,0.00013364753629846067,0.0021037278678125667,0.011051187808809107
22,0.012343892339854813,0.00019287744016606117,0.0007950668506994145,-0.0008774251634619131,0.0011019349945842875,0.0014354076822393387,-0.011224220111140664,0.0013153828033153638,-0.005204043907340713,0.0006713600027597882,0.01595286788395759,0.006279183679123481,0.007375183269904839,0.020926818970733112,0.010133124755670157,-0.0026462573736513815,-0.02432056405218324
23,0.017471936142586162,-0.0013730872690127629,-0.0010234991944335612,0.0060576191657077325,-0.003952885952446033,-0.0050287401145503105,-0.03544650993650855,0.0012822384123715596,-0.029362230559698613,0.000242677005934571,0.004659652251443613,0.0008553867064420545,0.019408838008841894,0.030394480445546265,0.03836237749798492,-0.01219215722104767,-0.0566932256761686
24,-0.005266289218808127,0.0002250396048729919,0.0008324170031844405,-0.001019858793451942,0.0012057521386805202,0.001460035620223308,0.0006685653641961426,0.0013608782460279268,-0.024329530941807627,0.0004830193324267865,0.007120448395914954,0.0028349940715918227,0.012145994237291048,0.033611054167052797,-0.001982197365420511,-0.001114290829773139,0.01029813157411535
25,0.0005715918768847936,0.00032161140977549963,0.0009445665326620244,-0.0014475374914591362,0.001517478948009259,0.0015339847602706628,-0.005946630569594718,0.0016466257434547063,-0.02865175587808422,0.0005823585069103175,0.0071008023263889886,0.002420748960140652,-0.0015007795356376545,0.04914634968027687,-0.005798290500688934,0.006552949851629221,-0.0021185398304860176
26,-0.004434399443030282,0.0005100629265861349,0.0011634166303793234,-0.002282115445432537,0.0021257868294643676,-0.010024095981282774,-0.042484749409230624,0.0013821085848173408,-0.006358821199647678,0.0004971335704271619,0.012238753252803615,0.00016694143433046725,0.0073508113109398785,0.03556854433769485,0.0021332662511564632,7.394627679399141e-05,-0.011251535793109009
27,-0.002962299481075023,0.00040862840712581534,0.0010456199956188576,-0.0018329016893101392,0.0017983635288531742,0.0016006173776278204,-0.0009456197390248804,0.0015047115547583512,-0.010721654439052089,0.00010405813334148659,-0.0004218791932553945,-0.009700010647668067,0.00286789410882705,0.00364397348035702,0.03943294143345428,0.002306706026914424,0.0016773889804411503
28,0.007552777034244228,7.241179152053931e-06,0.0005794861297248367,-5.531487471310447e-05,0.0005027145554505997,0.0012932580985440699,-0.0021028702538149276,0.0015615507730933102,-0.010496431917502859,0.00033286193974214976,0.0035645098117136954,0.0029871457120537633,0.006066713722974853,0.019472850698421723,-0.00010723249383005911,-0.003006284327386788,-0.0113872610447108
29,-0.0031678900727874822,0.0001991051272313292,0.0008022991083424039,-0.0009050051501708589,0.0011220375185074316,0.001440176487207057,0.006843871330941872,0.001375682169117908,-0.036365968487390134,0.00014269390197383403,0.0052953789114892355,0.005483414239116173,-0.0017703943316873148,0.008247881070132312,-0.005467347754334816,0.0009495673864961886,0.002303476431378402
30,-0.006421766834970689,0.00023007294099423536,0.0008382622525123354,-0.0010421494676413616,0.0012219993840430592,0.001463889859854751,0.006879843409796879,0.0013786662655309377,-0.004744043969388649,0.0004953932204887681,0.009516513260025072,-0.0029143746908952164,0.002878556840874178,0.04370881502737386,-0.005620303428818513,0.0033334495616413507,-0.010432806049575494
31,-0.0003490990321412507,-0.0004336449407562138,6.74819174102137e-05,0.010342340114558953,-0.004994637294928912,-0.029172873035629952,-0.041729732139819314,0.0015091354859772313,-0.005525270372419012,0.0003824271059876115,0.007166792970181359,-0.007104598148433695,-0.010367602856568372,-0.01601038766184666,0.03177974891485923,0.014329828370794658,0.0715321112161303
32,-0.009265425362304961,-0.054318664617594256,-0.004121877626308081,0.10044917915697732,-0.08020230994700764,-0.016599755423002488,-0.024462143323055668,0.0015615475871908965,-0.03184013329173318,0.00026956541248275887,0.0010611471832694026,0.007743438713676411,-0.008393474180408547,0.07077046841478735,0.03213710670368174,0.019699119236379653,0.053559460963701226
33,-0.0018405122162405438,0.00019970230270334124,0.0008029926124999508,-0.0009076498064306208,0.001123965157787733,0.0014406337698751944,-0.01297069922337391,0.001564625345916796,-0.014772361113238774,0.0003023884123208702,0.003998486450088727,-0.00934171807496742,0.009894634527905056,-0.003978556254061719,-0.005483951495314954,0.001642952630727314,-0.002153565701867156
34,-0.005005919059511548,3.1725373504544444e-05,0.0006079198001842589,-0.00016374578136333647,0.0005817477659429561,0.001312006687937701,-0.007678046993161399,0.0013632356690000786,-0.003945527756623196,7.008650254403523e-05,-0.002282462726439605,-0.0045517226669628775,0.0032776476689250623,0.0030386877432164445,0.007549482030427445,-0.005110145538515605,-0.027148903166207536
35,-0.007529894363741137,0.00018519946981162159,0.0007861503686738115,-0.0008434224401221186,0.0010771510609804125,0.0014295283336490012,-0.007918950915190395,0.0014889205168135428,-0.005771195166151049,0.0001043713963303976,0.0004448147200635362,-0.004613237738805555,0.008276945751607518,-0.0035519845461736105,0.003176031499075749,-0.006234674171787968,0.0003639188036496545
36,-0.006823023723323567,0.0004130645677750471,0.0010507717407892058,-0.001852547707239798,0.0018126831349354127,0.0016040143345911263,-0.02094500551941391,0.0017510965520703965,-0.008490927736980394,-0.00015662888393055515,-0.0007445281043165746,-0.019339553288546127,-0.0019303353123946545,-0.040469396021067076,-0.006247094650818728,0.012762303609263498,0.019251619945909883
37,0.0038053773487639417,-0.00043739861515171784,6.312274841991869e-05,0.0019138206146981076,-0.0009325505772538039,0.0009527784890680851,0.006104511330012898,0.0015981763416787118,-0.005638222879438397,-1.3200554282719568e-06,-0.0050830351246358,-0.016502988619375315,0.009088836634626866,-0.049926741709480305,-0.003290119325355938,-0.007304383886178794,-0.019206786830542055
38,-0.0042551204039578934,-0.00021226346220320393,0.00032457381581509894,0.0009167852047679096,-0.00020583056858018052,0.0011251740549558676,0.006366027352322449,0.001614093206678432,-0.006122110054524472,-7.735594423670706e-05,-0.002930279275424287,-0.003056055680830698,0.005792529184619305,-0.025416433223298177,-0.003953640034978885,-0.007701450649969281,0.009247355432682153
39,-0.002713965108242474,-0.00017498265059331364,0.0003678682896505266,0.0007516830925513521,-8.549080208136558e-05,0.0011537215586667285,0.0064093325822388095,0.002023886099409086,-0.009359626927420532,-0.005053956207071968,-0.030505300963932204,0.05914157169303027,0.005040044951576923,-0.03271694313901707,-0.004134142825179629,-0.0005364697929138272,-0.006286618524837423
40,-0.006508825523834881,-0.0002757346837999052,0.0002508642310701143,0.0011978743843768782,-0.0004107110863722142,0.0010765714399424118,0.006292299455165078,0.0017645313255530218,-0.007231274098780301,8.625435347171574e-05,-0.0014165244311793738,-0.003132295104976148,0.010837524690361063,0.017743144243691153,-0.003870747115994711,-0.011638041662623553,-0.031478976515696346
41,-0.00022386574958096743,-0.0005089743610114384,-1.9998678463202144e-05,0.002230801557832414,-0.0011635919138499272,0.0008979698949870505,0.006021369252438926,0.001897934392042461,-0.0082140632837224,0.0005046344786616403,0.001489582622547373,-0.015893073226211824,0.006092608929375081,-0.023763119348934495,-0.0030798052729408545,-0.01111503954464578,-0.022249659406775462
42,0.004041137711836457,-0.0005364444327239894,-5.189986971035968e-05,0.0023524557457814577,-0.0012522633207437918,0.0008769348922527321,0.00598946013565845,0.0022671813184543094,-0.011168687019702831,9.868045203184897e-05,-0.005542702777006347,-0.0016336832483834214,0.008252573792642558,0.028155118381652643,-0.0029478558465153627,-0.00469826285070307,-0.011689359185372759
43,-0.004372829981558146,0.0003007102682550804,0.0009202938871478828,-0.0013549745223674719,0.0014500115731987096,0.0015179798668858554,-0.005716825470793712,0.0017561214442450195,-0.007095458093361223,-9.60124955762911e-05,-0.0019900385377260798,-0.0026202148526687985,0.002752127303743574,0.005001196404539545,0.003026975188004052,0.012674889657533536,0.02410270313219277
44,-0.0014705393785117327,0.00046075329475428895,0.001106153001370451,-0.0020637423999836334,0.0019666189003194807,0.0016405316219466667,-0.00231196415569941,0.001690870268938365,-0.008118286837689849,4.338953448907068e-05,-0.002939346692128577,0.005137228356086675,0.004605919432514036,0.022264525542267176,0.0003523892451201279,0.0009584569409093355,0.008279765735779283
45,-0.0015032546462557998,7.429545358082644e-05,0.000657356739415102,-0.00035227199188064113,0.0007191609089244403,0.0013446044095663495,-0.005364437833304983,0.001729422214335555,-0.009419345020255555,0.0001716359214493267,0.006035632736320473,-0.005469213419339721,0.007300544145574776,-0.023690908844135133,0.0040789228078290185,-0.003096661463921242,-0.007407446409032654
46,-0.0033609937412679126,-8.753909933441781e-05,0.00046941711271989345,0.0003644298545148038,0.0001967706639627654,0.0012206808065011268,-0.0068998411109344555,0.0015785455189858068,-0.007730858601125868,-0.0004883395821884572,-0.005468400334568372,-0.005728362019868423,0.007641751571083879,0.004192661794816999,0.0014045884367781278,-0.006645075267198258,-0.0015274782509299052
47,0.0002654727374281179,0.0002135226493413322,0.0008190422801460357,-0.0009688547084422491,0.0011685762382747068,0.0014512165973378016,0.006860618662419823,0.0014208396004567454,-0.005068341650669889,0.00036747750001680683,0.0044042533476059634,-0.019246299057295257,0.0074985663121648225,-0.026221622172566697,0.0011156581865404212,-0.0075947759970106145,0.0032885790639718415
48,-0.008820858630399983,0.00016148307249457466,0.000758608346416949,-0.0007383918058058644,0.0010005962438484433,0.0014113676791144036,0.006800169714481654,0.0015865712576967536,-0.007863375892845493,8.218193461587374e-05,0.003183678310133275,-0.0013823876357495362,0.0013019957453299688,0.0009183754304785427,-0.005331750536330353,4.135124394548491e-05,0.0016160937055241572
49,-0.004790776075031083,-0.000498992999550667,-8.4072518299184e-06,0.0021865980174906817,-0.00113137280016489,0.0009056130481544893,0.0060329635588467385,0.0019969489726956724,-0.010950630669293804,0.00016013220835654226,-0.002249215531857183,-0.008650655140224228,0.005483309955251755,-0.02293897165709318,-0.003022950038675535,-0.002103994554444986,-0.006781358958095646
50,0.014412703481075395,-0.0010522334189789016,-0.0006508893177858646,0.00463668313814143,-0.0029171929048441023,0.0004819733191729541,0.005390321874618835,0.001598975166482825,-0.025288091643370945,0.00046674706050280225,-0.0005858483119913962,0.00425442163357857,0.00656481563432076,0.02474923603945589,-0.0014228273946729764,0.002592653360539671,-0.0295788229932715
51,0.01669351463970444,-0.0015726291874464777,-0.0012552286550767313,0.006941312164505282,-0.004596992849106739,8.348413693897343e-05,0.004785832395237153,0.0015797667654871843,-0.031116918750313985,0.0001857849664484703,0.0017621088690487096,0.011318511452788206,0.0013827278594012726,0.016288060751228402,-9.377340076282653e-05,0.0023333746901541114,-0.005997655085943269
52,-0.004174578928213716,-0.00014230862119608763,0.0004058128742705919,0.0006069826143386728,1.997860425512307e-05,0.0011787414532233862,0.006447286593813102,0.0016524393878328836,-0.006128479984426875,-0.006055980087601716,-0.0031358073873883163,0.03019382227361954,0.002147398071926135,0.010364011307302686,-0.00422118667940884,0.004272779144638315,-0.009999360891234507
53,0.00781502811978081,-0.0007075778608462776,-0.000250638346858799,0.0031103386682217672,-0.0018046696630701607,0.0007458907447836557,0.005790672283914245,0.0016309856657949597,-0.009228702118176507,0.0002778494781895143,0.0040566690406079525,-0.012864764769276098,0.00721828878406812,-0.01802196600982877,-0.0024949007611405347,-0.0043441622665764835,-0.009185009381623756
54,0.0002529508368200759,-9.231650311051365e-05,0.0004638690794595182,0.00038558710459289853,0.00018134954972035428,0.0012170225451560276,-0.0016629802867697981,0.0019131978091486992,-0.008062208704799054,0.00015534624602595872,-0.0009500562162806048,-0.013921973264614754,0.006368316715165981,-0.0241983340129955,0.002452510907274576,-0.004030064677309305,-0.018094715414192105
55,-0.003903043133909102,0.0001427147005170556,0.0007368125014654754,-0.000655274037641923,0.0009400132950389714,0.001396995938115801,-0.001218234584562422,0.0018414860420985408,-0.014926376918379003,-3.9416315579717194e-05,-0.0010548352537524722,0.0009175561939426335,0.008289131731089914,-0.004936251559026169,-0.005238417386275334,-0.004702707627909644,-0.004452138511252092
56,0.010853574875595516,-0.0003229968568705669,0.0001959783306014029,0.0014071800369351687,-0.0005632699665560664,0.0010403807830641125,0.0062373999188409055,0.0017402185779074187,-0.010834606946071471,-5.067637968112648e-05,-0.0018197726018343034,-0.0022017160394412955,0.008028656419652199,0.006825696572134137,-0.003802948506992479,-0.0062005975465372985,-0.007578197532015585
57,-0.003710215715316685,0.00014928363070918743,0.0007444410471984913,-0.0006843652564993032,0.0009612173271222867,0.0014020260474653119,0.006785998895538774,0.0014488292173861247,-0.005933628378662311,0.0002620122937501287,0.002799572463631864,0.0015932403607251521,0.008278468999042787,0.03318866453473223,-0.0051750212843511695,0.00036730157243022084,-0.007324259964502571
58,-0.005999515668953738,-0.00036693190945430497,0.0001449562390104525,0.0016017511760462158,-0.0007050891421782402,0.0010067378439082928,0.0061863651513193365,-0.0009564240938675711,0.012786116870771216,0.00019586159259177166,0.0004060263263840525,-0.0027916717550388213,0.00965243818569106,-0.0018169807957241738,-0.003474773050801718,-0.008768197179555697,-0.014180574287353715
59,0.017156410944281456,-0.0008665971579648942,-0.00043530859681128656,0.0038145728493926214,-0.002317972465710415,0.0006241229028682231,0.005605956154476956,-0.0007211275172723653,0.01021858012510999,5.195205618596942e-05,-0.0002692443453997525,0.0028274682915259658,0.010709571905795105,0.003827427195252684,-0.002309366534279141,-0.005939837283749493,-0.028392321600236758
60,-0.00384735558219698,0.0002978097016767365,0.000916925438382655,-0.0013421290491057727,0.0014406487538372458,0.0015157587796406167,0.006958526138752464,-0.0009337533892885707,0.011883861799595209,0.00016096757632697126,-0.001698118094385001,-0.007159896271526319,0.008671466837352345,0.023220548017004624,-0.005794139565443898,-0.007150298276349573,0.008594998578209048
61,-0.005973039936793695,8.282653175242631e-05,0.0006672639416657722,-0.0003900527955915254,0.0007466986129287461,0.0013511370191111693,-0.006483932529792667,-0.0007722545091226397,-0.023283042457841508,-2.088158873582085e-05,0.0002909205087767339,-0.0032203140109637873,0.0069654297098069124,-0.027080062884061784,0.0018284869754377174,0.0010236470066063484,0.03285479274354624
62,-0.002407192819825803,0.0003135921962941956,0.0009352537625463942,-0.0014120235359709045,0.0014915935062452107,0.0015278441072985327,-0.013694897439000358,-0.0009587072112975767,0.012546107011948552,0.0003644318876246174,0.005182539948058,-0.0029006319620792686,-0.03688886395272441,-0.00030502107554301574,-0.005951497747005663,0.0065336891504006,0.01160722351698408
63,-0.006292218486330396,0.00032988655560195116,0.0009541765188451741,-0.0014841848710586921,0.0015441905208934353,0.001540321391529138,-0.0012501437013428978,-0.0009937867483300145,0.013299578720404158,0.00037551791673218725,0.0058029023742435576,-0.0026447554398400922,-0.0019029168585591586,0.006684900028027286,-0.005816152100834234,0.010113216394123957,0.0123996838569815
64,-0.0030415789159871994,0.00023988368089157525,0.0008496555351006061,-0.0010855973919088786,0.0012536677436480119,0.0014714023608312936,0.006891239522932764,-0.0007599215751625554,0.010405469318496549,-0.00024253255688968432,-0.001871406502511531,-0.007879426287388197,-0.00675445994001667,-0.005053349674917029,-0.005662064353101891,0.0032267749086826846,0.0016773889804411503
65,-0.003205998994675577,2.5071132530697192e-05,0.0006001921824287369,-0.00013427675446884974,0.0005602683568195991,0.0013069112524927422,-0.006791132101281718,-0.0008246718075407474,0.010756384206869972,0.00018260012606120918,-0.0011583549277931794,0.004780571822530754,0.009734693547197717,0.013615435658538651,-0.004804581760210966,0.0020607616881486673,0.0009330892135926765
66,0.0008617813199574213,-0.0010475413259845216,-0.000645440356547996,0.004615903696100446,-0.0029020471676417343,0.00048556625442260483,0.005395772189596867,-0.0007441759926435942,0.0060214788119163035,0.0001551896145315031,0.002886468540381359,-0.009768724291747658,0.008039319151699326,-0.058018221517538104,0.009655641416574667,-0.004498247876405623,-0.016181427189999216
67,0.0025438547529851407,0.00011635366896681253,0.0007061992465109048,-0.0005385313541752934,0.0008549217896656663,0.001376810174622309,-0.004230772317874417,-0.0008330436993760325,0.011743723341742354,6.954699406313303e-05,-0.0008505665052195886,-0.006930196375603144,0.013044710224123022,-0.006485571154277272,0.004892506115855789,-0.004102662705017301,-0.010113194973222966
68,0.015903028797398692,0.00042176626751007877,0.0010608770870848892,-0.0018910841270248996,0.0018407715930198049,-0.006702786636505717,-0.008625311736343287,-0.0007209554302707943,-0.01285865217255986,6.222012082249407e-05,-0.0017452182867100906,0.0024524881195488427,0.020625912709653364,0.02962748778646119,0.031556478913042973,-0.015780574019184177,-0.0558920088683259
69,0.005373612271743402,8.435530096077891e-06,0.0005808731380399304,-6.0604187232628156e-05,0.0005065698340112026,0.0012941726638803445,-0.0028303386584281956,-0.0008160950364356164,-0.00710683296818694,6.369941827012904e-05,0.000668981410808623,0.04429778853269651,0.012831455583179874,0.04192892366583292,-0.0004413198880970805,0.0026282115781925868,0.0046283186442991914
70,-2.9625673292542987e-05,-0.0004188008647376304,8.472044932637948e-05,0.0018314584626083822,-0.0008725183825244173,0.0009670195778757914,0.006126114396653097,-0.0006096707004616246,0.008449673340962475,-2.8939408950585047e-05,-0.0025766500239567535,0.010282571466331318,0.012269377279551031,0.0537181946907011,-0.003312886576245372,-0.0123003134664085,-0.0005817797236401254
71,0.0030286925796742183,-0.00023862449375344703,0.00029396056086052844,0.0010335278882345389,-0.0002909220739534856,0.0011049882914623758,-0.00983448888837858,-0.0008578636973932605,0.011586863817895693,0.00023409708073828832,-0.0015429645196670526,-0.0035877684028750535,0.011518416293943916,-0.011688909575398584,-0.003976155714035285,-1.6149357184143426e-06,-0.0076701404443909535
72,0.009948720865833531,0.00017760681023889805,0.0007773329586707153,-0.0008097975248194336,0.0010526425044165809,0.0014237143111541124,-0.00021696217478004044,-0.0007581148788666795,-0.01841880473611942,8.747259842859157e-05,-0.0036347671788108096,0.007486907775779314,0.014347086781311769,0.029319129414615286,-0.0023174168329361793,-0.004849385275727799,-0.03127319952133252
73,-0.001890427787088659,-0.0003308454487884387,0.00018686370453078636,0.0014419383763491815,-0.0005886046542400281,0.0010343707822828788,0.006228283028332196,-0.0007052613531741826,0.009981300236245499,-0.00023088961580182825,-0.002674124753527937,-0.00674663278356199,0.015114803488707253,-0.03694725197809298,-0.003481817062126624,-0.017607377451100893,-0.042091815544171005
74,0.00040150260798841334,-0.00033400194771193074,0.00018319803969803826,0.001455917273722209,-0.0005987936047216218,0.0010319537167512954,0.006224616452801521,-0.0007015125758202787,0.01041957416328044,-0.0002491284831561978,-0.005780974338180339,0.0005844586240711636,0.01312087259588844,0.024371734018226822,-0.0036731374411477654,-0.005470172492251011,-0.018659507590212364
75,-0.004991873858487514,-0.00011970126404134853,0.0004320669602348675,0.0005068634845048327,9.295351986653311e-05,0.0011960528685171575,0.006473547202343617,-0.0006785406747398842,0.00936978696561486,0.00019159773524270613,-0.00038737263524182543,-0.006469487752441027,-0.004193881001263043,-0.0025895495555659617,-0.00415766479156816,0.003358636632478792,0.006983808494678356
76,-0.0015815482902239676,-0.00011031707805258906,0.00044296488271060433,0.00046530460042286224,0.00012324499427126902,0.0012032387390164586,0.006484447832299681,-0.0007914102461859621,0.012163456222811373,-9.638928133795285e-06,9.830590943567957e-06,-0.017041899913656584,0.0025662911166360073,0.0010892829186716112,-0.004370997705979633,0.0037068108469966417,-0.005305894126166504
77,-0.003772639624116816,1.9867174846020923e-05,0.0005941487890558277,-0.00011123046420520912,0.0005434703573769706,0.0013029263606704022,0.006635669298781065,-0.0008212517895712377,0.01185428712504834,3.79770461806654e-05,-0.0012923511968677645,-0.004649885015647979,-0.005752163127583701,-0.0033356318368133716,-0.005009361232299339,0.0005124976278461308,-0.0072542082217405355
78,-0.0054471493780405235,0.00024722040811915054,0.0008581757290361819,-0.001118088883100236,0.0012773501690917133,0.0014770204050398382,-0.002349125394185991,-0.000982458049427625,0.008635652544362975,0.0003393882520111271,0.003529247635641427,-0.007506409362384758,0.0061291668678225214,-0.003227176677095424,-5.9936989219970223e-05,-0.00010977118107924434,0.01411595155465561
79,0.000937208960565596,-0.0002240363500800119,0.00031090187670917383,0.0009689227138889303,-0.00024383260010612387,0.0011161590537840166,-0.011611886151032657,-0.0008963676611692548,-0.0025211659309467,0.00012348043865396407,0.0016142596022314438,-0.005511750437103275,0.003812307518718325,0.012674189850806481,0.0018772919110460022,-0.005089403244884738,0.008827044976108972
80,-0.0022828889361135286,-0.00021746741988788013,0.0003185304224421897,0.0009398314950315502,-0.00022262856802280858,0.0011211891631335276,0.0063599824575286314,-0.0010212942320275032,3.203847243411975e-05,0.00037074935790098773,0.007155458699300985,0.010536484741596809,0.00839575905156153,0.03575534371304454,0.00011993687139819519,0.00022506870181872066,0.0003288929322685155
81,-0.011376295013605637,-0.0002872516393315649,0.00023748950803170957,0.0012488784693865714,-0.00044788698677802733,0.0010677524170569054,-0.041420451538975014,-0.0006712197767118559,-0.01562945793135668,-8.725853538616908e-05,-0.00237993745601079,-0.0006340633309400525,-0.0009554569537972638,-0.014878718013272929,0.003125213988803203,0.0041423990132443715,-0.004793640757217954
82,-0.003744973947348772,5.0230988274381595e-06,0.0005769102571396627,-4.549186574827556e-05,0.0004955547524094812,0.001291559620062417,-0.008436532644831468,-0.0008355854541565055,0.001291692110634209,0.0002444173558729651,0.004921096099750813,-0.004203573536959675,0.01679189891498192,-0.02099737337360773,0.001637166596416577,-0.0020595467823788407,-0.012030861431338379
83,-0.004845949673463203,0.00042731146832161845,0.0010673167685478248,-0.0019156416494369732,0.0018586711006226037,0.0016149237925309745,-0.011481871364647612,-0.0008495456119098458,0.012153787579209513,0.00018138188110433336,0.003971284199975841,-0.009055738432464778,0.003690447723893609,-0.03314909094766189,0.03425848618572743,-0.0032492654813481353,-0.022420410529758395
84,-0.0037450803071247675,-8.762441011613388e-05,0.00046931804069738663,0.00036480766255191327,0.00019649528692272224,0.0012206154804056783,-0.008314148299415665,-0.0008659811353862974,0.010972506828558626,0.00030045662388925287,0.003947608167470184,-0.013885653195601273,0.012781188417814688,-0.07277146889963401,0.011548216316477386,-0.009526772489483835,-0.008147367941958607
85,0.002020258424567984,-0.00014060240556176717,0.00040779431472072654,0.0005994264535964941,2.5486145055985947e-05,0.0011800479751323503,-0.003153889174851341,-0.000950038837452853,0.01221134444582765,0.00034044986547354753,0.0013089899065201601,-0.002886562025434434,0.0048176508260219155,-0.009152898951248154,0.003519804408914517,-0.0027588583962188675,-0.008887289474884317
86,0.004672422956541845,2.2341187515784918e-05,0.0005970218777085221,-0.00012218689728136546,0.0005101497355317621,0.0013048208174384,0.00024254892618600146,-0.000809465093061301,0.006664500485814181,0.00024208528695551692,0.004431959343091311,-0.0007377882127172888,0.011303638405565418,-0.02688043847697165,0.00046848964606457965,-0.0030018395501802144,-0.010616691874326473
87,-7.438600721263769e-05,0.00017939833665493393,0.0007794134711433562,-0.0008177314935987191,-0.040755925846040195,-0.006552340638688527,-0.009839939203356612,-0.0009472145832346443,0.007846008733961582,0.0001264216300498498,-0.000445555225761051,0.008202184089864843,0.009102545861544697,0.015343190478004375,0.03528288668983535,-0.0008979783390514793,-0.003607139364182965
88,0.006328396128833508,-0.0008293163463550039,-0.0003920141229758589,0.003649470737176064,-0.0021976326992116002,-0.0033554121796448315,-0.039288981996020815,-0.0008277070553869691,0.010986952919587288,0.00042988644880761676,-0.003326726883550981,0.0013020253929593361,0.007027882854654495,0.03863790899922433,4.723261165183341e-05,-0.0015306182947922471,0.016217503837521758
89,-0.012603499806760355,9.59643921366898e-05,0.000682521033131804,0.058179260349167435,-0.0358068496823864,-0.03433716218519145,0.0017491150827498917,-0.0008756367206283454,-0.014286540209432326,0.0002465231792984218,0.0019653701268366706,0.007652147729399247,0.005088788869506843,0.04388585622639931,0.03648741262639447,0.025709939612118645,0.06345864786278578
90,-0.0064793809976588,3.931803307726857e-05,0.0006167372101873558,-0.00019737069666602445,0.0006062563225067893,0.0013178207104325907,-0.0003944442497919414,-0.0008240660838218004,0.009784059906767536,0.0001547719305462886,0.0016228232735632732,0.005584194250432879,0.0035670646816336254,0.02926197438185903,-0.002008486621972395,0.0018266700886005497,0.04588879513123957
91,0.0008956287125654931,0.0006723240334099592,0.0013518516171870656,-0.003000706332013527,0.0026495539596262576,0.0018025403386581866,0.007393560370635347,-0.0009617520973031196,0.013024647995866537,0.0002568608579324823,0.0037808684491856376,-0.008910130948581872,-0.0011961300485759916,-0.036236856741688486,-0.007111872826867589,0.015806975995791443,-0.018909066923802856
92,-0.005691359989625067,0.0001491130091457553,0.0007442429031534776,-0.0006836096404250848,0.0009606665730422004,0.0014018953952744156,0.006785800702266845,-0.0010533891577535926,0.014109811054240104,0.00023305287077525207,0.0033342981764990717,-0.0022678120208892466,-0.014037105928226502,-0.008599192146107134,-0.005192882884496469,-0.00947343516300446,0.01307831011499046
93,-0.0039905044195093125,0.00012693220589959662,0.0007184841773017361,-0.0005853795507767906,0.0008890685426310073,0.0013849106104578855,0.00676003557691615,-0.0006757626161066696,0.010258392187000006,-5.6315113481523215e-05,-0.0023766631110897843,-0.01073496901063811,0.0005967321827820695,0.015311685508728972,-0.005106467959849843,0.005449163511987725,-0.004548459657550225
94,0.004115280469244627,0.000113111859261605,0.0007024345096556506,-0.0005241746487651598,0.0008444574621440314,0.0013743277829952778,0.0067439819218899485,-0.0009637530210132978,0.01239163621181529,0.0002387090080750325,0.004290910638802266,-0.00804237578620548,-0.01693736904505388,0.022209322144775778,-0.005039801424096257,0.007736742180989695,0.09044170352800361
95,-0.006815355825915554,0.0001204485864891809,0.000710954703591227,-0.0005566661399565198,0.0008681398875877352,0.0013799458272038226,0.006752504232582872,-0.0006659197866909626,0.01004716076148641,0.0003108813200202331,0.005643718836545917,-0.018280054338404805,-0.008556461655986591,-0.04296721035503408,-0.005013134809794824,0.010834751893996934,0.04467164610074621
96,0.0036496038201876027,5.859826974508342e-05,0.0006391274872738696,-0.0002827553130526183,0.0006684915335565185,0.0013325844080038821,0.006680659171508818,-0.0009859540141617365,0.013395013920191937,0.00023423630873335997,0.005341471613069402,-0.021922531890280372,-0.010126929761789647,-0.030887145675703612,-0.004876405518541717,0.002976385792710354,0.001217674418564066
97,0.003940367891580241,0.00033628486423065076,0.0009616069205331765,-0.0015125204738418534,0.0015648437988966637,0.0015452208486877522,-0.005898965087695931,-0.0009283850149987033,0.010904940072093855,0.0004311395007632606,0.007019699321422792,0.0009139569078241847,0.0030415443164522223,-0.019139137796435068,0.0040840800304061805,-0.0039870984976454055,-0.009093066469248387
98,-0.001511484323151815,0.0002780176003186252,0.0008939407291611005,-0.001254477584496523,0.001376761280547256,0.0015006031254966357,0.006120664081675063,-0.0008920968946224602,0.012330098139008155,0.0002142048809424447,0.006120010086207676,-0.008058408969824038,0.0012730540440590364,-0.034406501668299366,0.003247477899656948,-0.0028062693530893404,-0.0036552999373319103
99,-0.005328903004792266,0.0004924035947709235,0.0011429087217204367,-0.0022039091817510088,0.0020687837821754544,-0.00958366744577105,-0.04091337405274614,-0.0007363053333642639,-0.038832041349605946,0.00023604627266928966,0.002607645476724277,-0.002591747771550133,0.008077400337582034,0.06576424515541564,0.03736175053209855,-0.0023410493387975135,-0.008164880877649177
100,0.007346416940259762,-0.0009265706375112396,-0.0005049562286334966,0.004080171899480129,-0.0025115625248606833,-0.005491379522514415,-0.04254490106726091,-0.0007189444500504727,0.010423896615714212,2.358435219014663e-05,-0.0024859758569138043,-0.011123037495773263,0.014764456578586289,-0.008370572015082128,0.038178352702121714,-0.004278972200879471,-0.018072824244579018
101,0.00564613171552001,-0.0002480939905239226,0.00028296356636228477,0.0010754645803536188,-0.022655117626970128,-0.003447064691558647,-0.003187978417623031,-0.0007385665195569491,0.011488357401904969,0.0002935648381332124,-0.0017437070505927064,0.006574325140836742,0.012863443779321342,0.02316339298424838,0.027783404561223093,-0.014919768833504026,-0.04099287882958886
102,-0.004676823353142828,0.0003965995869038599,0.001031650840445413,-0.0017796307560777954,-0.040913166135904774,-0.03019770882102122,0.0050037458977224515,-0.0009431258636570666,-0.02673986691737742,-0.004552456968824346,-0.035794123629398863,0.10073361324657033,0.017574848096730503,-0.040146539787253736,0.03313735631181856,-0.0021084393316515592,0.007408497185174301
103,0.0005075504429006448,-0.0004779212364668162,1.6063537729236107e-05,0.0020932794323248022,-0.001063354671274256,0.000921748593730193,-0.003815755606456304,-0.0011015883535572238,-0.04949860271992715,0.0001392828160945817,-0.0008722275562353996,-0.008107162936337647,0.011123895208199007,0.00295811308728203,0.004208356515924187,-0.001684703904621386,0.004825339170817733
104,0.0030819731168583455,0.0003847413882453365,0.0010178798293169818,-0.0017271154389196675,0.0017212579576411187,0.0015823260709023261,-0.03521313735881284,-0.001010348710297195,0.013448703329369333,0.0005334894806402133,0.008346564632484718,0.0026177280731687746,0.010056098756047748,0.023114323297589348,-0.0007956588149232132,-0.002266969718687354,-0.01129093989841267
105,-0.007504931224637071,0.00035036114321379005,0.0009779538042467817,-0.0015748587999648096,0.0016102810105037674,0.001555999654436704,-0.004255546476865469,-0.001041603008317808,-0.004388806628581456,0.00036855651697861126,0.006632571002686612,0.009102005619478383,0.0012197403838232284,0.022404764476298356,-0.00046081670515709386,0.0020726144273663064,0.013791962244380316
106,-0.004540085369174513,0.00036034250467456146,0.0009895452308800656,-0.001619062340306542,0.0016425001241888047,0.0015636428076041427,-0.05422651161135799,-0.001139928082454767,0.0028770084150946252,0.0007933933404399776,0.012084607168830589,0.002801618873038906,0.0017802954400168041,0.02848884801194157,-0.00317993086248775,0.0008547454727551609,0.015823462784484432
107,-0.011793355251494556,0.0002538746490929985,0.0008659033467917046,-0.0011475579099947254,0.0012988295782150718,0.0014821158404847972,-0.005195279875714074,-0.0011087687822515712,0.010680855038027197,0.00029871627395085883,0.005613494114198277,0.006745454835377768,-0.0007818067461720921,0.011831641026468017,0.00032232641107275776,0.009486502807991928,0.010376939784722669
108,-0.00490474378722332,0.0004991431465264871,0.0011507354114984657,-0.002233756016682605,0.0020905385683388554,0.0016699283648983533,-0.0003950388296077274,-0.001062480613002646,0.011730073491951492,0.0005025982692337193,0.008721603062281823,0.003476321416334582,0.001903678482276788,0.02463659880417042,0.03724363755648984,0.004312782139497805,0.03619100699259632
109,-0.00953792481900958,0.00039037189983859224,0.001024418582802424,-0.00175205076936885,0.0017394328422839606,0.0015866375932019065,-0.01115604162559729,-0.001034142783375651,0.009709213230414307,0.00018860433334866856,0.004880040851895247,-0.0003912751218588676,0.002121502865525908,-0.03816172672290381,0.0004615714206561889,0.002293371695294622,0.027184979813730078
110,-0.007803570916221747,0.00048489624597991603,0.001134190383739847,-0.002170662074485433,0.002044550602651666,0.0016590189069585052,-0.006881210943373185,-0.001081807938264636,0.00926627560470082,0.0006762851930854432,0.009660836309235123,-0.01045291586208288,0.0020224917822308838,-0.018841095210989055,0.0015989276777956527,0.0035438356827541912,0.018336569056078722
111,0.0020879417886001364,-0.00028119457382972903,0.0002445236216296854,0.001222054098751844,-0.00042833521693497027,0.0010723905698337274,-0.005000852275952295,-0.00103230073643532,0.008416344957723119,0.0004515189985418545,0.009666629381018421,-0.008219395221667621,0.00045507017129845,-0.0065764615966115965,0.003380182041581537,0.002857858400534049,0.003516247227949002
112,-0.0038042698793809013,0.000768895838312467,0.0014640011466646498,-0.0034283850300207202,0.0029612807689549966,0.0018764894787055416,0.007505737762546835,-0.0008872265669861344,-0.004481398109662804,-0.006767487352915347,-0.047863862753561276,0.057172434978406926,0.0038488654571656807,0.04682362491007048,0.0010794318425837546,0.002960088276286142,0.0057009859553454785
113,-0.0015203014771998497,0.00034541311787426204,0.0009722076269413929,-0.001552945933812497,0.00159430914218127,-0.001364664746956581,-0.03282005269691313,-0.0009724909054561316,-0.00266153188629607,0.00041632912278752733,0.009111501980566535,0.0036458150717308823,0.004840499537551523,0.005465964402611082,0.036647412312203066,0.006545541889618238,0.008809532040418401
114,0.0007005720216210794,5.748922958277553e-05,0.0006378395509812826,-0.0002778438085702036,-0.031290941602720335,-0.0037589967973237714,-0.008274113258486126,-0.0009896202315899689,0.00015170215560068027,-0.00016928122798267958,0.0073985158415133525,0.02393629975277256,0.003774226332835617,0.01839471161711238,0.03625420553717343,-0.00048461405883669893,0.0412522454071658
115,0.0018527446326636198,0.00016062996467741499,0.0007576176261918825,-0.0007346137254347776,0.000997842473448014,-0.005902541967265347,-0.046430579260053555,-0.0009981210720209142,0.009354544633348397,0.0002921725581824972,0.0032678037873342405,-0.0011127683846944487,0.005104021343859943,0.021857191381989716,0.03760741042705469,-0.0017335964538941046,-0.006229701483843194
116,0.0005161256106126609,0.00041349112168362725,0.0010512671009017395,-0.0018544367474253429,0.0018140600201356286,-0.010250124271533524,-0.036621597845772166,-0.001065854033126756,-0.009730106600494184,0.00025110029963639814,0.004438759905619532,0.005235717912600736,0.010231272211108271,0.02144651156125823,0.03830539647780307,-0.0033870535747530617,-0.027612995962007142
117,0.005915171981120609,0.00027921195126264913,0.0008953277374761942,-0.0012597668970160466,0.0013806165591078588,0.0015015176908329104,0.0024883759870429,-0.001117665768730079,0.012091112018919804,0.00048427238438243024,0.008252616120520763,0.009564350281785263,0.011143697424858079,0.01095535679255148,-0.0025832024745349067,0.0005406478834880639,0.0007273122192286067
118,0.003588491919899449,0.00030164868685395604,0.0009213836793954561,-0.0013591304107756685,0.0014530407206391823,-0.005997656762237916,0.0019211468427837608,-0.0010592603897314537,-0.017385966101944157,0.00042184603209223634,0.008688859613071878,0.0180354337654815,0.012829932335744523,0.025565019580162163,-0.002606976012756467,-0.0016550720565773715,-0.004176309774125988
119,-0.007940572301246045,0.0008935348903995373,0.001598739097273761,-0.003980362572236718,-0.03009442836373326,-0.004106400972917265,-0.008612230980396013,-0.00113948160558524,-0.03198038549833429,0.0005441926327613365,0.012223892764316012,-0.00311037218043646,0.009090359882062218,-0.03812882772843926,0.031463648906654026,-0.0037989362625655966,0.023642988570315927
120,-0.0050205717247595915,0.0005592872476362644,0.001220581187365689,-0.002500110682844329,0.0022846793815692094,0.00171598326218933,-0.00029762683645490875,-0.001147450770392725,-0.01143292536190428,0.0007169223641469439,0.01732330716973739,0.006740546717943517,0.004286037471099273,-0.0224518992559948,-9.805012192437774e-05,8.728060841379385e-05,0.033450232557024874
121,0.009689056678472956,8.171749159011842e-05,0.0006659760053731852,-0.00038514129110911064,0.0007431187114081872,0.0013502877798703427,-0.007180284590713171,-0.0010349394520639897,0.013217907119155499,3.37828028291357e-05,-8.18510668443039e-05,-0.00574112312519749,-0.0006949816423594639,-0.022231085666029188,0.005252505408925149,0.0027748892260106603,-0.025664681866433114
122,-0.004469252613654373,0.00023177915662855528,0.0008402436929624693,-0.0010497056283835383,0.0012275069248439204,0.0014651963817637148,-0.0019832606142061258,-0.0007996074765530797,0.009876765136597142,0.0005571234328036042,0.01322785729163052,-0.014934354287387229,0.004976068559293987,-0.08146433117430267,-0.0003457225915447726,0.0007065862325347592,0.016497710808570626
123,0.0009545777261336249,-0.00013224194895360004,0.00041750337292638254,0.0005624012659598309,5.247309498020354e-05,0.0011864499324862729,0.006458979996856878,-0.0008635847414260385,0.011196591862625286,3.65151522324144e-05,-0.0014396967183125688,-0.00433020296676348,0.002421582610281683,0.012460625191824582,-0.004333765074690836,0.0011688430620222583,-0.004706076078765106
124,-0.0030734747137792845,-0.00012456397859916043,0.00042641985495198544,0.0005283985426200365,7.725702858407846e-05,0.0011923292810766103,0.006467898694093657,-0.00093290714602783,0.01326443035719269,0.00031260426645924303,0.0013079824157752372,-0.0030583461356333804,-0.0032601303234189804,-0.0012889240540640006,-0.004241186640134916,-0.0060450303443059135,0.0036563507134735576
125,-0.007662293011613421,0.0004664691171292608,0.0011127908268784,-0.0020890555384699247,0.001985069162002366,0.0016449084703416955,0.007154440188053707,-0.001066097593757217,-0.0003047715711554101,0.00029029298024903173,0.005241730029322148,0.0011996093424978664,0.00045507017129845,0.05741264024705744,-0.0064191697846128866,0.0037468138418561307,0.0060424882013110975
126,0.008278287046949828,0.00021667914826482417,0.0008227079449787838,-0.0009828336058152766,0.0011787651887563008,-0.002045689292003999,-0.04486742892435411,-0.0010520867511927547,0.00859299676376653,0.00035959371479588195,0.006764300417585128,0.003585936039032949,0.008703455033493814,0.04982189428695194,0.03305710489708122,-0.0031574067524115994,0.002303476431378402
127,-0.0005044849542855937,0.0003217820313389312,0.0009447646767070373,0.013931516467092817,-0.004403678166996515,-0.04254734586112041,-0.030684520191884394,-0.0009862441243663482,0.000598734736251424,0.00043564700710370103,0.006728030750767937,0.008491435810656972,-0.023945830494908164,0.06888518874894466,0.036087036054123396,0.0066759220210121,0.05270132711486429
128,-0.008319759179166886,0.0006953579444732782,0.0013786010632638745,-0.00310271450203291,0.0027239057604378824,-0.03021782925841926,0.00027366526987876395,-0.001094219473908,0.0009138187689238347,-0.0005894191066103821,0.008928390537677014,0.028914112454594625,0.003835156230247933,0.044788069328834515,-0.005245461397600241,0.006262557740797401,0.03956224711302755
129,-0.005295523166904192,0.0006072319069606541,0.0012762596640144542,-0.0027124387996994913,-0.018279927214766064,-0.0016572603284690398,-0.013003599306514025,-0.0010666947895555626,0.001982943253793135,0.0006791915774825613,0.013740921953481915,0.00816193752690395,-9.329890541264492e-05,0.0375330046342828,-0.005617284566822124,0.002736367823553417,0.048091046794326374
130,-0.00939932732352127,0.0004501747578215055,0.0010938680705796203,-0.0020168942033821392,0.001932472147354142,0.0016324311861110909,-0.06591228421416556,-0.0009793379568166268,-0.003726333918731599,0.0005646591480368504,0.013138694360704955,0.02186736465031935,-0.00845440407782095,0.05472440207224891,-0.004486972321007564,0.012411166209941323,0.048340606127916866
131,-0.009971048952194533,0.00039975608582735165,0.0010353165052781608,-0.0017936096534508215,0.0017697243166886966,0.0015938234637012077,0.007076946618729694,-0.0008899103840514949,-0.015506495534490653,0.0003393882520111271,0.0037012766803368106,-0.0024409049624039957,0.005791005937184037,0.0349908602993,-0.005994013386788139,0.003357155040076628,0.01497408540349254
132,0.022858216484678076,-0.0019944056922503624,-0.0017450407343498541,0.008809195099971329,-0.005958456935079605,-0.0002394880789568957,-0.0023238557520151165,-0.001094916253292388,0.012894974422853344,0.0002567912439349467,0.0008002070803346776,-0.0020210973178606895,0.011005081908244995,0.010800341191515019,0.004548230062350953,-0.0030936982791168327,-0.027223333142892336
133,-0.0034331270841160793,-0.0016569162397818819,-0.0013531118133133509,0.007314586505168805,-0.004869065364669279,1.8941954636157942e-05,0.004687924918904512,-0.000973148054145347,0.01133138412931005,0.0003426078993971561,0.0023726482604712776,0.0015863689963172148,0.009145196789733292,0.019703143659673728,0.0003233326984048886,-0.0061605945516778095,-0.005809391027270012
134,0.02424672551476114,-0.0018207129406765943,-0.0015433300965262138,0.008039977936417754,-0.005397789281551944,-0.00010648414862437341,0.004497659377853228,-0.000817127333179215,-0.033426700832424425,3.2564557872259864e-05,-0.0017333802704572552,0.006099219373200794,-0.0021938571187030743,0.027796296297958545,0.0007888663754313359,0.002626729985790341,-0.022779425711414825
135,-0.005695033327929072,-3.439048232535239e-05,0.000531138982741567,0.00012905544739600446,0.0003683305599095884,0.0012613789639653512,0.006572643838307827,-0.0006624352461523739,0.009381275589188836,-0.002117881440004938,-0.026768517791017493,0.04151946685707887,-0.08302193577847714,-0.013515918988333687,-0.004355022894582073,0.01757747891642446,0.08002588502604797
136,-0.005903133724825531,-2.7401823087175176e-06,0.0005678947030915529,-1.1111334371371629e-05,0.0004704954417655628,0.001285614945376631,0.006609408690250551,-0.0006172186986243113,0.009369900714363118,0.00011049742811354442,-0.002206900920570469,0.006062899304187276,0.0023484667333868873,0.01989719196600713,-0.004546594845436243,0.00948798440039409,0.019177189969225086
137,-0.004376539724886161,0.00018537009137505373,0.000786348512718825,-0.0008441780561963371,0.0010777018150604988,0.0014296589858398979,0.006827916772551634,-0.0005937454845358809,0.009622422935494073,0.00014234583198615512,-0.0011830384510437585,-0.022613922032852524,-0.03980283629646954,-0.02078436632470152,-0.005208102980394931,0.0205169582423959,0.06105937567318019
138,0.005961847504832701,-6.382270201737083e-05,0.000496959134976756,0.0002593992201985496,0.00027332548109473506,0.0012388414610357244,0.006538455498900176,-0.0008108249102272444,0.010753085493170512,0.00013397474878247992,-0.015524417332318451,-0.00893663478272685,-0.004752912810021265,-0.04815800254945277,-0.00466181474496508,0.016581848822143794,0.03196601125725069
139,-0.0015132246260638276,-0.00045258393429716486,4.548792841372641e-05,0.0019810704453034783,-0.000981567690381467,0.0009411504440783065,0.00608687212881127,-0.0006691912257570123,0.010867061738924214,-2.0161954036295397e-06,-0.0030917296672979956,-0.008923546469568841,0.013247302133019041,-0.017424486813747593,-0.003396282638895612,-0.0124855125166839,-0.003979289247607202
140,-0.007295865023868616,-0.0006216699036582695,-0.00015087282019455244,0.002729885974853177,-0.0015273649837468039,0.0008116741228999868,0.005890462596330205,-0.000792981523601989,0.011398040895788763,-3.952073657602094e-05,-0.005710449986035817,-0.010531772948859933,0.006278445116482733,-0.011280181389931938,-0.0028132649158430323,0.03147777883389637,-0.012595653607358879
141,-0.0030364950614592016,-0.0005635732613096761,-8.340477286749001e-05,0.002472598701582065,-0.001339833219477483,0.0008561611939002066,0.005957947405421831,-0.0006068627941063047,0.00942961880719814,-0.00019310661863929403,-0.004100731648337117,-0.017030120431814375,0.007873285181250746,-0.009899538842571252,-0.003129239138131721,0.009968020338707965,-0.02071289929992957
142,-0.00406980741061347,-0.0002128606376752159,0.000323880311657552,0.0009194298610276715,-0.00020775820786048192,0.0011247167722877303,0.0063653336758707005,-0.0006339632546348605,0.009590914532226831,-0.000153148184053767,-0.006451459428925754,-0.022894666350091936,0.020440076522545713,-0.01506719021884963,-0.004027099010224345,0.003438642622197771,-0.021212017967110315
143,-0.0068957117074197345,-0.0001267820589237762,0.0004238439823668114,0.0005382215515848653,7.00972255429596e-05,0.0011906308025949573,0.0064653221815585875,-0.0005204719655961036,0.008929693058607803,-0.0002032180517813633,-0.0053978759824238505,0.023752081745073508,0.0007170687301714335,0.03550748603440892,-0.0044450856108076715,0.00842568264801433,-0.004417112639870953
144,-0.002456217538321913,-0.0001405170947800517,0.0004078933867432326,0.0005990486455593872,2.5761522096027242e-05,0.0011801133012277981,0.006449367623168351,-0.0004166119169996401,0.007960667472204828,-0.00036077193170417455,-0.006876116777910272,-0.009544914136745597,0.002977567924169286,-0.018295752556983107,-0.004512381076143838,-7.541305327233701e-06,-0.004382086768489815
145,-0.0033036701049477786,-0.0005763698785670754,-9.826557624349465e-05,0.002529269907148388,-0.0013811397754839405,0.0008463622795829776,0.005943082910027201,-0.0006875987584656785,0.00982068700370635,4.40569586904457e-06,-0.0058066653521758405,0.006260532832873318,0.014816246991386828,-0.017651434114545585,-0.0027906234508701154,-0.011070591772579717,-0.039416714617439064
146,0.005250973739423127,-0.00047672688552279226,1.7450546044329914e-05,0.0020879901198052786,-0.0010594993927136533,0.0009226631590664675,0.006058827780833397,-0.0006627659685675483,0.009330088652473102,0.00020593821873507302,-0.003552656683099689,-0.003218023556161141,-0.024000667402579327,0.015490120732943612,-0.003604709902562951,0.00616921741945862,-0.024495693409088935
147,-0.003088099539891317,-0.0001667928155485781,0.0003773792038111696,0.0007154135209889047,-5.905460623723244e-05,0.0011599928638297548,0.006418845859291374,-0.0007537801207345414,0.009228738517775947,0.0002178596158130722,0.0010916237783032948,0.001487225024145234,-0.007945639434427911,0.03318197321382417,-0.004285463282748616,0.014597996595593528,0.004934795018883671
148,0.011517908743853002,-0.0008822090310189217,-0.0004534387769300129,0.0038837117201835384,-0.0023683664640382946,0.0006121682274012035,0.005587821470095506,-0.0007123920785727984,0.010307986641240139,0.0003991170618968103,-0.00417629345420624,-0.00265784375299812,0.007302067393010044,0.05537150856506478,-0.0021672284486158387,-0.016342097539619276,0.023113222265676567
149,-0.002409360703313812,-3.345206372647605e-05,0.0005322287749891412,0.0001248995589878057,0.00037135970735006316,0.0012620975510152814,0.006573733901303435,-0.0007231298730295878,0.01094805084768333,-9.510751360832603e-05,-0.008702949371139598,0.0043601097623295285,0.002094084411690327,0.05653858645344359,-0.004688481359266516,-0.0048093822808683104,0.023450346277719906
150,0.0008341756044053684,-0.000646068787229044,-0.00017920741863146797,0.0028379390734662997,-0.0016061228171991163,0.0007929908596018037,0.005862120958444441,-0.0009016546340434188,0.01242814956000585,0.0004459324752396096,0.007055717115553731,-0.002511581853457274,0.007286834918656943,-0.0273577527017458,-0.0025974162831012373,0.0009125275764410264,-0.032310840960997664
151,-0.0008698579101584032,-0.00025619851478694204,0.0002735517242241485,0.0011113563438789568,-0.00034764974420235464,0.0010915311158000481,0.006314992584800882,-0.0007875588441573483,0.011308179384665586,0.00011364746150203763,-0.0016107182722630438,-0.006701478103166848,-0.0030468756824758325,-0.0015339936823212873,-0.0038691118990799985,-0.00024904086688633487,0.003993474725516655
152,0.0031026547396103767,-0.0003885155372284523,0.00011989101731625721,0.0016973366094347505,-0.0007747595333091342,0.0009902103417598997,-0.008472901110230328,-0.000926358941967959,0.012672140625017515,-4.169617399901348e-05,-0.003448633263686521,-0.008360421795945237,0.014791875032421868,-0.006256114608138767,-0.002225593113879353,0.005412123701932645,-0.022179607664013428
153,-0.008635961082623588,-7.12447400266628e-05,0.0004883398690186726,0.0002922685194270191,0.00024936767861098816,0.0012331580907317314,0.006529834091571289,-0.0007018708772088698,0.009811587103845774,-9.34715846662357e-05,-0.004273516311091186,-0.008951031927200663,-0.0006325284975118807,0.008859858128180926,-0.004491374828085632,-0.003496691412516138,-0.009600941604274415
154,0.00797157329210115,-0.0011306340273759023,-0.0007419365064695216,0.004983888724244445,-0.0031702644046436713,0.0004219386374560641,0.005299252066167726,-0.0007056308695828855,0.010688248706663916,-0.00027291906681404404,-0.007589420225314847,-0.010740531543730263,0.006327189034412653,-0.03050323113860433,-0.0010937714370666005,-0.006093922893578632,-0.016741841132096952
155,0.0024775083813050043,-0.0003549030892323494,0.00015892539418389736,0.0015484802428138702,-0.0006662609795321689,0.0010159488233664883,0.00620033777699029,-0.0008354153301857145,0.009551557465329846,-0.0025270725175201426,-0.031252103478605436,0.073668944882769,0.012691316819131439,0.028411061406385513,-0.0035882319474993297,-0.010695748894822261,-0.015069355773649267
156,0.007284323531971629,-0.000626106064307501,-0.00015602456536490048,0.002749531992782835,-0.0015416845898290417,0.000808277165936681,0.005885309571260065,-0.0008136216498337011,0.011007086448028811,0.00014641825084199737,0.001578745553472952,-0.006511370354546663,-0.0065335890618969305,0.009944130920322635,-0.0027552776083290633,0.0015303516081598284,-0.012897751748020837
157,-0.002798085697522672,-0.0006718326433072751,-0.00020912716942849161,0.0029520371006731675,-0.00168928668329212,0.000773262378776449,0.005832193774383248,-0.0006643332072891018,0.010485320939773094,7.730895478837041e-05,-0.003983862721926191,0.006396324081887705,0.009299044780699477,0.013281148418174054,-0.0025832024745349067,-0.01081279469459632,-0.02467957923383967
158,0.014699193888180024,-0.0007253225034432049,-0.0002712453275401924,0.0031889227399404035,-0.0018619480873991161,0.0007323029169304313,0.005770060183633689,-0.0007696171611793491,0.011086824320557099,4.577381390467047e-05,-0.008011306974750833,-0.001051253312851753,-0.024168224620463263,0.011448841709520065,-0.002585215049199164,0.0006517673136533035,0.024816355261582868
159,-0.005230101911128054,-0.0002633646204510858,-0.05686950663325751,0.13478739603372447,-0.0885743227183966,-0.007030005048605719,-0.02754256225200314,-0.000774156508953841,0.01043652272677076,0.00012003454577594382,-0.003873542485357262,-0.0019445306858862795,-0.0037125348117055877,-0.0011369753084437251,0.031210316070790396,0.007916014861656358,0.040398489792251385
160,-0.0028445970417147726,0.00039719676237587196,0.0010323443446029598,-0.0017822754123375572,0.0017614630054874055,0.0015918636808377623,0.007073973719650769,0.0014824259099301307,-0.005838420676371048,6.618811868203257e-05,0.0028859647950088977,-0.006678900762969259,-0.011232807399823613,0.0004681052943744278,-0.006056528987296688,-0.002989986810962576,0.05095441177973157
161,0.002843921378745807,-0.0007707078393161146,-0.00032395164351375634,0.003389916615682299,-0.002008448672702021,0.0006975494341519928,0.005717340773300729,0.001463849733568967,-0.004988603778141603,0.00021274298699419374,0.0031335556455734177,0.0009398063263112812,0.005020242734917935,0.021957840000648283,-0.002612762164916211,-0.003126293311965257,-0.009031771194331394
162,-0.009849106398274268,0.0006962110522904384,0.001379591783488942,-0.003106492582404,0.002726659530838314,0.001820831645383681,0.004392616943731166,0.0013144520049173391,-0.012766629435219796,0.0003110901620128404,0.00403173364467115,-0.004249055425183778,0.0005616974917699818,0.053444129338508936,-0.00600583726294066,0.012446724427594237,0.07490772957048404
163,-0.00569074752863307,0.0006720681010648113,0.0013515544011195456,-0.0029995729079022,0.002648727828506129,0.001802344360371842,0.007393263080727453,0.001434635523331634,-0.031162873244609885,0.00042652757342651634,0.009706425265442829,0.01433798529834227,0.002939486738286579,0.09493366462886446,-0.0071938852444361516,0.001162916692413439,0.01736897935917561
164,-0.0048438324714791875,0.00016020341076883462,0.0007571222660793484,-0.0007327246852492313,0.0009964655882477972,0.0014103877876826805,0.006798683264942192,0.0015957707440003698,-0.01258906763919033,0.00023171280132268854,0.005266917297945189,0.0011632892734843837,-0.0014642215971902989,0.05283689196610353,-0.001577544071987901,-0.0019321298357893887,0.0204206084032543
165,-0.005338980058200288,-1.3574651586649227e-05,0.0005553125562332017,3.6870286341449986e-05,0.00043552255768009425,0.0012773185312547105,0.006596823417483096,0.0017242430633405425,-0.00732306933862385,1.28463930702556e-05,-0.0021081668275681523,-0.004907070369202977,0.008526758330998105,-0.013853830694190156,-0.00466458203512844,-0.007572552110977582,-0.004951257178432837
166,-0.007605464769149295,-3.072211871156443e-05,0.0005353990797093552,0.00011280970180032442,0.0003801717726314403,0.0012641879860696235,0.006576904993654289,0.0018432620378802515,-0.008863227390026164,-0.00022808765240101394,-0.00200892898919336,-0.0009547270033114137,0.023203247370195274,-0.003978277449023876,-0.004709487607324722,-0.008172597033869926,-0.011588659805152106
167,-0.00235508866459369,-9.862950095749714e-05,0.00045653774979402263,0.00041354489933895087,0.00016097164875716885,0.0012121884140928615,0.006498024071426777,0.0015673583352941525,-0.006047263378171241,6.737155664014048e-05,0.0003508662080995812,-0.00971997032523405,0.013815473426389125,-0.00011431842966362469,-0.004567601093494448,-0.008676338450619079,-0.02797201114366333
168,-0.005387146046424394,3.906210073212035e-05,0.0006164399941198355,-0.00019623727255469652,0.000605430191386659,0.0013176247321462459,0.006657966041873012,0.0018912212612162411,-0.009315378664348483,0.00013797755364078609,-0.0015573212627821803,-0.00036967940514813936,-0.002553343513435813,0.007224387776238697,0.003967602271712184,0.0008177056627000812,0.002110834138782137
169,-0.006878470002523688,0.00037416285131255304,0.0010055948985261511,-0.0016802672423181734,0.0016871112046757807,0.0015742256350667501,0.007047217627940432,0.0016863059488378858,-0.007824246323445019,0.00022203645566521772,0.002091306469951888,0.0083078722186158,0.0006393831109707499,0.052144061447082654,-0.006318289479566896,0.003797187983531013,0.007706217091913496
170,-0.0022416027836014343,-8.199389852287785e-05,0.0004758567941828291,0.0003398723321027293,0.00021467017156556498,0.0012249270027052594,-0.0028175551923888134,0.001662952946249103,-0.007724829917468232,6.241155931571737e-05,0.0009679542893641467,0.004814274228912667,0.008068260852970174,0.010089667150072696,0.005885963284500721,-0.0033929799443618816,-0.000494215045187278
171,-0.000769310802990173,-0.0002856307344789605,0.00023937187645933737,0.0012417001166815016,-0.000442654823017208,0.0010689936128704216,0.0062808042453932275,0.0022237208789534983,-0.009973870168009337,-0.00016365989768166682,-0.006192786180167098,5.63451881452571e-05,0.0066089898099447085,0.049114565905963636,0.000658552165920557,0.0002902587675156514,0.015057271848022868
172,-0.005731535431993163,0.00040240072006054756,0.0010383877379758686,-0.0018053217026011948,0.0017782610049300307,0.001595848572660102,-0.0009574122387046207,0.0015450821516306752,-0.034476374281341746,0.0001807205481277437,0.0019552952193874432,0.0014368350184868802,0.007292927908398183,0.03404849927141647,-0.0017770405355825923,0.0038727491960433374,0.0125485438103511
173,-0.005740002812281167,-0.00031736634527731143,0.00020251708408684473,0.0013822447064859875,-0.0005450950819132255,0.0010446923053636932,0.006243940296814543,0.0014999527980681586,-0.005450196198569269,-0.00011014413707605051,-0.004837459255561126,-0.003637503992875524,0.013349359711184772,0.004171472611941522,-0.0036104960547226946,-0.003424093384808142,-0.013677077386250451
174,-0.005707222586553102,0.0007936359650101058,0.0014927320331915924,-0.00353794936078228,0.0030411401105674826,0.0018954340463855175,-0.02268851173256823,0.0016451425932483667,-0.009698029453485657,-5.2451536618288463e-05,0.0013646537701770788,-0.0015031273246322455,-0.0009341314897029237,0.00031197447318662516,0.01831486969546627,0.005761779508852659,0.0028157298003269517
175,-0.00348266646971619,-0.0003591686283181493,0.00015397179305856224,0.001567370644669312,-0.0006800298315343222,0.0010126825185940785,0.00619538294519208,0.0015836820142873954,-0.020607216903839442,0.00019243310321313538,-0.0004586526054450327,0.004625802519437245,-0.00547950183666342,0.022162761703457268,-0.003503074882017862,0.0007628867438185432,-0.009114957638861478
176,-0.0015134423423838264,0.00039199280469119635,0.0010263009512300513,-0.0017592291220739186,0.001744665006044779,0.0015878787890154225,-0.008796154336745585,0.001549798847972845,-0.005771536412395821,0.00012217517620016844,0.0009049861178065311,-0.0023293270927319423,0.007431543425011268,0.009031323226449667,0.01015891086855598,-0.0026181071180095307,-0.006107110934009207
177,-0.004285213796149961,-0.00028358327571777696,0.0002417496049994978,0.0012326327237908912,-0.00043604577405617585,0.0010705614391611777,0.0062831825646563685,-0.0008893042098008932,0.01266429196138777,-5.04440429643504e-06,-0.0015794860591704669,-0.0015934366854225305,-0.014491033663948463,0.005105469488689966,-0.003763200157373363,-0.0045071374308188515,0.0035819207367885153
178,-0.012307485559847692,-0.00011279109072235245,0.00044009179405791056,0.0004762610334990161,0.00011525906011002181,0.0012013442822484616,0.006481574029856719,-0.0008814474848220176,0.009340326039816249,-0.00011606132686659033,-0.0005780402587182519,0.000953876262956116,-0.010911402190973495,0.009760956010464799,-0.004047979472366034,-0.00762737102985912,0.011059944276654392
179,-0.013291601872745877,0.00022691644207074396,0.0008345965876795879,-0.001028170570268337,0.0012118104335614676,0.0014614727943231683,0.006876176834266205,-0.0009105630447174492,-0.03325903517749333,0.00028971866476936164,0.00328619049342906,-0.004983309793348427,0.0167736199457582,0.013932715791595284,-0.00550822817720258,-0.009986066134166843,-0.026338929890519554
180,0.01244763809236705,-0.0005091449825748706,-2.019682250821574e-05,0.0022315571739066325,-0.001164142667930014,0.0008978392427961542,0.006021171059166998,-0.0007702783485630381,0.011270869795237228,0.00013754246615618762,-9.469657384206194e-05,-0.0052784512550616515,0.011960158050183396,-0.009912921484387346,-0.003259930705392052,0.00010505971724025193,-0.017770726103916817
181,-0.010541544945059786,0.00046245951038860873,0.0011081344418205849,-0.0020100936587141797,0.001972126441120342,0.00164183814385563,-0.014910614969009289,-0.0009946047690006894,0.0012563162499262233,0.00019582678559300375,0.0035763478279665166,0.002080125610203325,0.0007475336788776335,0.027248444398612064,-0.0063281007810551595,-0.004701226035507481,-0.001133437197892578
182,-0.002693127158034432,0.0006086821902498261,0.0012779438883970679,-0.0027188615363303408,0.0024441226877541383,0.0017538070714538342,0.007319634280206046,0.0013414761325113037,-0.004149934257241361,0.0005060093551129717,0.009140467339483043,-0.0006661296981771668,-0.03334426717076153,-0.007130726011828289,-0.006843068323272475,0.012851199153395707,0.008735102063733603
183,-0.00010198101540469739,0.0004520515950192575,0.0010960476550747678,-0.0020252059801985334,0.00193853044223509,0.0016338683602109506,0.007137692856575756,0.0012744620429313322,-0.0033899788701350947,0.0003198267187035782,-0.009236667593261897,-0.012986486081645631,-0.02392755152568453,-0.022305247806093418,-0.006281182634194616,0.01549732318373092,0.033156890884208194
184,0.01071822099636322,-0.00017958943280597787,0.00036251840043516424,0.0007720847265552308,-0.00010036116224369187,0.0011501939495125258,0.006403981363896741,0.00162894263346551,-0.006440606549644596,0.00033019920433640683,0.004521626019389337,0.0008995597633503538,0.013847461622530591,0.0364236393887359,-0.0043806832215513795,-0.01711252558876497,-0.0511241121265731
185,-0.0006496539135179231,0.00016523674689007868,-0.056344722130039514,0.001541301890108803,-0.004248640893452274,-0.024349520778212588,-0.016300346191771377,0.001544195778871859,-0.0055845334702610055,0.0003048249022346219,0.004962151347606367,-0.01436959357461888,-0.012783473288967591,-0.03561149704182377,0.03345081481577692,0.01231189951899372,0.04968034570824398
186,0.011189906615852263,-0.000321887816708259,0.0001972662668939899,0.0014022685324527541,-0.0005596900650355069,0.001041230022304939,0.00623868817510844,0.0015142727697092155,-0.00538410817583184,0.0006552791693290273,0.0027675846324806013,0.0005772600518342665,-0.012693601690284429,0.0379367143290684,-0.0037448354135619956,0.004309818954693395,0.011615979984829366
187,0.006516888494273925,0.0004934273241515155,0.001144097585990517,-0.0022084428781963144,0.0020720883066559716,0.0016655515165033244,0.007185754725018398,0.0011267562859078664,-0.025924515889869902,-0.0013680516690478708,-0.029058796126910823,0.03988931745324809,-0.04052485558080572,-0.03153927065920051,-0.006431496804431473,0.014821717048326171,0.09885666912731399
188,-0.005871731179417459,0.0003163221413091078,0.0009384240672666089,-0.0014241133931583887,0.0015004055715265897,0.001529934542352875,0.006980030108756696,0.0015463242191306533,-0.0056498252517606295,0.000362186836204089,0.004593157862278782,-0.0054521986122343016,-0.038751795566106646,0.028649439713734744,-0.00573313339593354,0.004235739334583235,0.02935658383935851
189,0.0131455331098086,-0.0004880732194910193,4.27396705093945e-06,0.002138238588740751,-0.0010961245390393782,0.0009139747883718583,0.0060456479282501585,0.0013585131157464014,-0.00523009237069161,0.0003287199068887719,0.0034977635498626264,-0.0013225086030516397,0.001204507909470213,-0.006497838575942025,-0.003248609972905594,-0.005406464018956244,-0.0016719599703769817
190,-0.0013438877276634566,-0.000241695681895223,0.0002903939680502871,0.0010471289775704573,-0.0003008356473950361,0.0011026365520262408,0.0063318390129147965,0.0013977387990519391,-0.005308124011996042,1.780639039467847e-05,-0.0014527940979965506,-0.013204733703555542,-0.016098059708198872,-0.021050903940872133,-0.00392043255301861,-0.015435362989470815,0.013297221811122337
191,-0.005792019880985297,0.0002463673003019909,0.0008571850088111154,-0.0011143108027291493,0.0012745963986912838,0.0014763671440853564,0.006898770867266044,0.0017492843045809217,-0.006674246478564858,0.00015698217496804906,0.0041065398324815865,-0.0030982654907653114,-0.012705787669766908,-0.000945993857526506,-0.0054760269825744326,0.04055105070498969,0.025880266104783865
192,-0.005067597022231694,0.0005693539198787519,0.0012322716860214793,-0.0025446920312231715,0.00231717387229429,0.001723691741452217,0.0072739507310265435,0.0015424097587608374,-0.005116571119930937,0.0002916678567003629,0.006039914571986402,-0.00441429537880371,-0.0018922541265119464,0.019867638631996584,-0.006639924068098816,0.0015836889346392024,-0.0016325558650733224
193,0.003886460616924112,0.00037126228473420927,0.0010022264497609233,-0.0016674217690564731,0.0016777483853143169,0.0015720045478215118,0.007043848342317649,0.001667536172588652,-0.007745987184644072,0.00037772816115394774,0.005107985632933787,-0.009112018179044246,0.00035910558287396196,0.0027096977985707317,-0.006071497511362114,-0.0009024231162580527,0.0017430624892806645
194,-0.0008523142577103691,-0.00045761727041840897,3.96426790858308e-05,0.0020033611194929003,-0.0009978149357440084,0.0009372962044468631,0.006081025427289382,0.0016151689475458492,-0.0065922336310714254,-2.8382496970299125e-05,-0.0021706312537532924,-0.006802585322312497,0.0039113186020133485,0.02189956974774069,-0.002997541283539263,-0.0007750061696685187,-0.016676167623257437
195,-0.0026802954578104,-0.0004379957906237298,6.242924426237178e-05,0.0019164652709578694,-0.0009344782165341053,0.0009523212063999474,0.00610381765356115,0.002062545931047092,-0.009498514149042554,-0.00010909992711301401,-0.0082286731029677,-0.034664004749607985,0.01413687863523924,-0.0719821718375221,-0.0033320060355558324,-0.010303126908238348,-0.01311228521022995
196,0.010933495324459698,-0.0005589664790970125,-7.805488365212835e-05,0.002452197067578189,-0.0013249628593151584,0.000859688803054409,0.005963298623763899,0.0014529245501247723,-0.004977001405819368,5.7155702501767455e-05,0.002703860842864301,-0.009723242403523557,0.0018793065233118278,-0.042226425369505514,-0.0031206856958086214,0.00608921142973964,-0.04519160516139864
197,-0.00639111523241061,0.00023817746525725544,0.0008476740946504722,-0.001078041231166702,0.0012481602028471506,0.0014700958389223299,0.006889257590213481,0.001505602658099539,-0.007256298823396882,0.0002963145910358751,0.0014311481593419098,-0.002799851950762562,-0.012600683596730645,0.012903367591907142,-0.005797913142939385,-0.009943099954502942,0.008713210894120268
198,-0.0069723328617559005,1.8075648429985042e-05,0.000592068276583187,-0.0001032964954259236,0.0005376874395360664,0.0013015545126659899,0.006633588269425818,0.0014768098236824156,-0.004477644400970319,7.809211226064755e-05,-0.0022267988627826868,-0.004901180628281883,-0.004822982192045525,-0.03486318432027367,-0.004848606830991637,-0.004237487613617818,-0.02411916529174193
199,-0.0029556958952510243,2.003779640945313e-05,0.0005943469331008412,-0.00011198608027942758,0.0005440211114570577,0.0013030570128612984,-0.008242402334977576,0.0020985695410709443,-0.009517851436246276,-4.265336646513019e-05,-0.0054699115706857565,-0.001189662224497782,0.010989849433891896,0.033618860708112194,0.004127601957520787,-0.004884943493380716,-0.0029460260418645748
200,-0.0005729870744457499,-2.2283176184216116e-06,0.0005684891352265931,-1.3378182594024493e-05,0.00047214770400582067,0.0012860069019493203,-0.04156661907702222,0.0014817742480728497,-0.013324112050428268,0.00013554106372703467,0.002989736341735843,-0.0018306623614115442,0.013839845385354085,-0.00241975728752422,0.0001871065508178457,-0.007665892432316365,0.006852461476999086
201,-0.00831891615302288,0.000545978765688569,0.0012051259518546437,-0.0024411726290553526,0.0022417205633224933,-0.003439944147154794,-0.024632886826821996,0.0015993251973974742,-0.033173723616300436,-0.000310510625483355,-0.0019044018244077305,0.0357530832874864,-0.01945225056074821,0.03356560894588564,0.035410307823266256,0.009699852113909177,0.047596306361068395
202,-0.0013610166483674821,-5.196450335884737e-05,0.0005107301461051872,0.00020688390304042227,0.00031160288966071973,0.0012479217883030235,-0.001837984945882594,0.0016823522278524704,-0.03295816973835307,8.858642238916365e-05,-0.002626772688516611,0.004726582530753952,0.004784139382445095,0.015720413694195617,0.0021180461552580054,-0.0016476640945663062,0.007964532893349275
203,0.008457863750630235,-0.00016824309883775032,0.0003756949794285554,0.0007218362576197564,-6.373601591796545e-05,0.0011588823202071353,-0.006806789369764063,0.0015913779477368932,-0.006900606487596659,4.328511349276718e-05,0.0012210863390257275,-0.005880513660330345,0.003650843290575633,-0.021863341821124357,0.0007184262621822676,-0.0027307081405770163,-0.011514229828467308
204,-0.006686383533243268,-2.3726634610852823e-05,0.0005435229855549045,8.182944275740079e-05,0.0004027526899149706,0.0012695447258963754,-0.003211662513618476,0.0013929959075121483,-0.007686837835550339,-3.637070318752774e-05,-0.0006785374605242048,-0.0025341591936548454,-0.00032026277327362485,0.02000369549046025,0.002569617595551155,0.0035453172751564377,0.02777166315936343
205,0.003838031941467999,-0.00021396967783752436,0.0003225923753649643,0.0009243413655100886,-0.00021133810938104338,0.0011238675330469035,-0.0029562904827387065,0.0015144381630976351,-0.0070422236791768565,0.0002527362285784884,0.00203488698823627,0.0071708250130132455,0.011737763924628388,0.04565013450582146,0.002540938406585461,-0.005526473003534713,-0.003375092966283285
206,0.00890500952864722,-0.0013144787619738735,-0.0009554367149714587,0.005798065044213968,-0.0037637019259364538,0.0002811609017652072,-0.007949968162247191,0.0016263324622352304,-0.005210072590998346,-0.00017084754292723435,-0.005546984612672262,-0.0017927062532532992,0.011190918095352647,0.015859537408075455,0.008056399273987722,-0.0008342698657567123,-0.01369459032194102
207,0.0014747205740387895,6.610561853609087e-05,0.0006478458252544588,-0.0003160024203181943,0.0006927247130803072,0.0013383331044033232,0.006689379675473667,-0.0010511158232966544,0.013719197852724921,0.0004272759239000258,0.005071212220744149,-0.007432787600870932,-0.05483119549322302,-0.03553064358085152,-0.004995650567399073,0.0001302467880776931,0.004912903849270581
208,-0.004396261968182199,-0.00029194373232594464,0.00023204054679384114,0.0012696579114275567,-0.00046303272398039527,0.0010641594818072545,0.006273471094331877,-0.0005734357910918512,0.009504920478544399,8.769884392058278e-05,-0.0028464056709095447,-0.0004982720819256291,0.0040225156647908525,0.012347430346463437,-0.0036605588494961427,-0.003533731222571218,-0.004325169727495586
209,-0.004105013924117562,0.00040350976022285567,0.0010396756742684556,-0.0018102332070836105,0.0017818409064505913,0.0015966978119009284,-0.0005296120612471247,-0.0009040372546073854,0.01266429196138777,0.00019450411963982416,0.0038632308175829814,-0.0004079627211353444,0.00550768191421663,0.04890992300819248,-0.006135899900618409,-0.004739747437964724,0.010455747995330233
210,0.019852960338751426,-0.00028119457382972903,0.0002445236216296854,0.001222054098751844,-0.00042833521693497027,0.0010723905698337274,0.006285957270463367,-0.0012298734126333212,-0.12399390918978975,0.00022349834961346872,-0.0014376817368227375,-0.0037422104981396395,-0.005668384518641694,0.0022747619395475692,-0.004212130093419672,-0.0019484273522136011,-0.007902186842290878
211,-0.0076036530838373,0.0002586520528690942,0.0008714513800520798,-0.00116871516007282,0.0013142506924574836,0.001485774101829896,0.00691304078284489,-0.0009637214194358236,0.01253609712210192,0.0004040248487230815,0.004846289911940377,-0.01557502721647205,-0.02228853728529257,-0.07244387298017745,-0.005490743934806828,0.008178256716846327,0.002728165121874104
212,-0.004258069924725899,0.0003181136677251438,0.0009405045797392497,-0.0014320473619376742,0.001506188489367494,0.0015313063903572874,0.006982111138111945,-0.0009894758361947281,0.012525177242269231,0.00033408018469902533,0.002392042457311019,-0.005985874581252362,0.010822292216007962,-0.015873494388269495,-0.001907228959176855,-0.003000357957777969,-0.018112228349882676
213,0.0014481920189027176,7.557511530656648e-05,0.0006588428197527027,-0.00035793911243727427,0.0007232915645250862,0.0013455843009980725,0.006700379402065695,-0.0008513352201836862,0.01170061256615288,0.00025564261297560646,0.0002866386731108192,0.0017162705044105073,0.0029212077690628584,0.003533287880336372,-0.005043071857925678,0.00010061494003359629,-0.007565062830247779
214,-0.002436537410641872,0.0006939076611841064,0.0013769168388812606,-0.00309629176540206,0.002719224350757151,0.0018190678408065795,0.0002905116979926787,-0.0008576525911323338,0.01148028124077871,-7.115420723124072e-06,-0.0016351499228273855,-0.002901286377737188,0.005073556395153743,0.02995396848576639,-0.007245709042040824,0.0008577086575595707,-0.00034097685789515953
215,-0.011074830006628969,0.0010600615363091615,0.001802133959480015,-0.00471784386067315,0.003901142606621943,0.002099447442470226,0.007843954581092683,-0.0007694235291104473,-0.02576742886852673,-1.9210852794962598e-05,0.0017668944500870858,-0.0007606927607438198,-0.0011489093780814238,-0.024229002567157376,-0.00846847393649479,-0.004318975195738961,0.01521926650316027
216,-0.0025926164558902113,0.0006066347314886423,0.0012755661598569073,-0.0027097941434397295,0.0024375136387931057,0.0017522392451630776,0.007317255960942904,-0.0008847675652163281,0.011953476033528608,0.0006866576787182718,0.007235050468149811,-0.004312206536171199,-0.05053868422052374,-0.0010773110303469603,-0.006744074806974229,-0.0038359760726206756,0.0193566975600533
217,-0.00413630582680563,0.0007177093692828692,0.00140455793316063,-0.003201700207755424,0.0027960545449291635,0.0018372938214366256,0.007446279780968307,-0.0010428049785005428,0.013526621221925503,0.00038582078836747985,0.006011201085756132,-0.024140019347077074,0.012374481352587296,-0.03338272956936792,-0.00733879062026281,-0.013482624203366728,-0.03785806334098008
218,0.0011263430537820176,0.0005549363977687486,0.0012155285142178473,-0.00248084247295178,0.002270635152527014,0.001712651631321472,0.007257203399548592,-0.0008292690164519995,0.012012966628867115,8.945659735836058e-05,-0.0008289054542037776,-0.004356052385250557,-0.005476455341792801,-0.043706322510335606,-0.006757030756375395,-0.0027914534290672914,-0.025143672029639276
219,0.008957719006631329,0.0004736352227934045,0.0011211128767689628,-0.002120791413587067,0.0020082008333659825,0.0016503958623593437,0.007162764305474701,-0.0007792607751517226,0.010712590938790954,0.00014887214425513272,-0.003818130494386567,-0.0016104514925279667,-0.015490283981510812,0.025915477512721215,-0.006368226488423826,-0.015713902361085,-0.03798503212473659
220,0.0034789556270992117,0.0006939929719658224,0.0013770159109037674,-0.0030966695734391692,0.0027194997277971943,0.001819133166902028,0.007418730916170256,-0.0008623272914881453,0.004661043782760348,6.777183712597103e-05,0.0017636201051660937,-0.001615686817791178,-0.01623515197737669,-0.004042681412763854,-0.007109105536704234,0.00015247067411072458,0.02126560755032343
221,-0.0033379229495878624,0.0005356561611009335,0.001193138237131333,-0.0023954578565651844,0.002208399941477283,0.0016978879337501806,0.0072348075598206805,-0.0010007026184007221,0.0021046544144283233,0.000636448582995604,0.01341852491510696,0.0026288531393531167,-0.001729266650933987,0.02015871109149671,-0.006562439943524838,-0.00259292004717209,0.0005302916927098215
222,0.0039380957897882304,0.00040726343461835947,0.0010440348432587505,-0.0018268567607163985,0.001793957496212486,0.0015995721601006492,0.007085667122694544,-0.0011684625691489147,0.011115716502614425,0.0004154589478183304,0.006724000787788261,0.0038061469079165625,0.007812355283838431,0.021194471807055065,-0.006090113827006512,-0.004360459783000696,-0.022862612155944907
223,-0.007914772560413981,0.000615677674350538,0.0012860677942426175,-0.002749841795373266,0.0024667036050376695,0.0017591638112805861,0.00732776020435511,-0.0011023036851915238,0.01173303095940618,0.00046277906264326397,0.010008168743546883,0.004259002543183862,-0.005449036887957306,0.023726857965713635,-0.006803571545486391,-0.0028166404999048155,-0.02605434468554792
224,-0.008629441728031558,0.0006286449131713693,0.0013011267416636358,-0.0028072686170138076,0.0025085609151242138,0.0017690933777887113,0.007342822893021671,-0.0009975863874896193,0.012939450183421903,0.00025647798094603574,0.007080652511490548,-0.002227892665757315,0.004796325361927575,-0.04656546817333722,-0.006696653516447619,-0.009146003242117562,0.009672044123178097
225,0.023410781932487294,-0.0005271455575169455,-4.110101925712892e-05,0.0023112746697365938,-0.0012222472233790972,0.0008840554366565855,0.006000261668978549,-0.0008461390455283036,0.011148248644615978,-8.753699137631216e-05,-0.0024985694912253243,0.0032417134029771736,-0.02769758892807295,0.020508890219017917,-0.0029531388550090455,0.015781788924954004,0.04188708932594833
226,0.0005874187826128167,0.0006517641350164043,0.0013279752597629513,-0.0029096545950702993,0.002583188092975882,0.0017867967496551721,0.0073696780813679716,-0.0009473868150499614,0.01169503887748828,-2.11948517247316e-05,-0.004446300973845269,-0.005572611093288052,-0.0011961300485759916,0.010528506279625543,-0.006924200239425424,-0.0013365296901036185,0.0032885790639718415
227,-0.005504002604344647,0.000987973925759145,0.001718418100461854,-0.004370260466533027,0.003668449007785562,-0.019836271495887788,-0.011172491667167349,-0.0007325491544188943,0.01067755632432774,0.00041625950878999146,-0.0022409037332115915,-0.007388614543962633,-0.010507741620616726,0.013476033139620971,-0.008368977276530474,0.009471686883969878,0.007386606015560969
228,-0.0013897302187675605,0.0003623046526540296,0.0009918238873977197,-0.0016277519251600464,0.0016488337961097952,0.0015651453077994513,0.0070334431955414055,-0.0009498688422053917,0.012288466097146023,0.0006926618860057311,0.008734952314652045,-0.0029513491755665824,0.010610560822500082,0.0009303640471054676,-0.00593439086235946,-0.010095703971929918,-0.014565858872545757
229,-0.0033646456648519112,0.0005771172010149078,0.0012412872400695892,-0.0025790725626000754,0.002342233182938209,0.0017296364161380026,0.007282968524899288,-0.0007425316003762218,0.01069336740033549,6.000987640073362e-05,-0.0006669513169576073,0.003070583708436111,-0.033568184543751885,0.011928665179634727,-0.006681559206465678,0.02054955327524441,0.009181681923842638
230,-0.002822132286610716,0.0005644058945392242,0.001226525508716091,-0.0025227791650708595,0.002301202003971793,0.0017199028279162216,0.0072682031261406205,-0.0007962831804697171,0.010345296230668497,4.5634585909599054e-05,-0.0008619007760999625,-0.015578953710419457,-0.001516012009990755,-0.018659314326320404,-0.006730238356157447,0.003075652483657955,0.001524150793148789
231,0.011542825484397041,-0.0009891887512907807,-0.0005776750931534138,0.004357482998718008,-0.0027136892722522854,0.0005302493037091688,0.005463554288596386,-0.0008541691286516324,0.011447294103784126,0.000359280451806971,0.008824115245577609,-0.008867921138647277,0.00018240888037817038,-0.016798848308845055,-0.0019723860639322475,0.0019422342959723624,-0.015367075680388705
232,-0.0033659883677959325,0.0001480039689834474,0.0007429549668608906,-0.00067869813594267,0.0009570866715216408,0.0014010461560335892,0.006784512445999311,-0.0009804200212176224,0.012703762777033013,-0.00023209045725932013,-0.005268665294387628,-0.0010083890872592562,0.0013735883747894126,-0.000640702341096784,-0.00525778841741883,0.008959055912807497,-0.004938122476665031
233,-0.001539651104367893,-0.0002711279015872415,0.00025621412028547597,0.0011774727503730022,-0.00039584072620988943,0.0010800990490966139,0.006297650673507145,-0.0008482413710415581,0.008048026510866347,0.00021065456706812095,0.0021227905557306887,-0.003923156427549205,0.000572360223817194,0.014607702788194692,-0.0039569104688083065,-0.0069102803071926355,-0.025445770170301238
234,-0.0057304704065851515,-0.00023939229078889115,0.0002930689126579679,0.001036928160568519,-0.00029340046731387366,0.0011044003566033419,0.00633451462208583,-0.0011271141255015116,0.0005164943912614777,9.084887730907598e-05,0.0014057090180326455,0.0023916274633640666,0.014066809253215067,0.01273692098431943,-0.004056155556939587,0.004137954236037798,-0.012950290555092546
235,-0.002778669684722634,-0.0002818770600834571,0.0002437310454496317,0.001225076563048715,-0.0004305382332553148,0.0010718679610701414,0.006285164497375654,-0.001036363453900271,0.012915676695036153,0.00040127509582041886,0.002259053678981357,-0.00443229180939599,0.00957779906136091,0.011049592895339834,-0.003846722005940118,-0.002672926036891069,-0.0023637209301537476
236,-0.0005860900277897667,-0.0006352343179511128,-0.00016662527177311763,0.0027899574527534806,-0.0015711499331136495,0.0008012872737237238,0.005874706231211895,-0.0008859216664107814,0.012679079298661203,8.565132221806112e-06,-0.004650569722378152,-0.007826418619098236,0.010337899531579887,0.009800546325837427,-0.002642070283464487,0.00020284481578568915,-0.01882150224535001
237,0.013616269343377643,-0.0004396166954763335,6.0546875834744674e-05,0.0019236436236629367,-0.0009397103802949231,-0.0077926218868679285,-0.03152258044223372,-0.0008211387865780602,0.011536586871166016,6.589225919250552e-05,0.0005143315814631357,-0.011138089055904977,0.017449941807035168,-0.03604782692603612,0.019813860462589806,-0.012046961165631677,-0.05180711661850458
238,0.0015894042517030265,0.0006395646932310168,0.0013138079605444933,-0.002855628045763737,0.002543809176249725,-0.01857861350631916,-0.005057040068544,-0.0007235584573562679,-0.017094314311412735,-0.0001719787703871904,-0.006883672958497177,0.015781299031842392,0.015503231584710925,0.029500631494246084,0.03162842845729024,-0.0042004478035627376,-0.03097547961459308
239,-0.007820693412509768,-0.00018428152580035763,0.00035706943919729583,0.0007928641685962161,-0.00011550689944605983,0.0011466010142628749,0.00639853104891871,-0.0008118805702552076,0.007801191727148251,4.015248360365794e-05,0.00028814990922820333,-0.00265751654516916,0.007882424665862605,-0.03370670102333261,-0.004047350542783453,0.006392937872191262,6.182066298769542e-05
