sample_index,face guangpu mean1,face wenli mean30,face wenli mean78,face wenli mean94,face wenli mean102,face wenli mean126,face wenli mean166,left ear wenli mean218,left ear wenli mean1438,right ear wenli mean1574,right ear wenli variance1608,face wenli variance951,left ear wenli variance246,left ear wenli mean214,right ear wenli mean1184
0,0.07277296897092057,2.851442232954871e-05,3.266074865341345e-06,0.020097404636184802,-0.021601239350429652,-0.002323368054867621,-0.024616960480395553,0.08813432042590719,-0.045118135085077116,0.034749631921907775,-0.032478046087307796,0.02782259195781329,0.0015620772664782761,-0.016719399027393417,0.02305346921990232
1,0.011211827972896826,-0.0019052137690013082,-0.00021442602447284658,-4.2285909056638395e-05,-0.00788734819717838,-0.001326959176708051,0.03670226926733543,0.09864878087656918,-0.01003894314320783,0.006143752226861991,-0.0871091422535513,0.11998113252933491,-0.03633547797789009,0.00875777572000534,0.011911109642068972
2,-0.11182730169606987,-0.0015679384608178536,-0.00017645679476282258,0.0034704209779908143,-0.010279285640011982,0.01559206103549669,-0.15192718380949916,0.06992855682657467,-0.0004950650715384782,0.018055116495544334,-0.021790310711571496,0.0621029793239885,0.007790943004970819,-0.020051474615199995,-0.031094276019057166
3,-0.06302054216112102,0.002097251283408058,0.0002361569600918372,0.04164320429326118,-0.03627260436684589,0.03370895539400207,-0.013875774102525993,0.08598506367421926,-0.05326019424646453,0.04016846929503435,-0.14735341671380275,-0.02309009015782493,-0.0007506598571046603,-0.07279480528569074,0.07994537918622815
4,0.047078915043529616,-0.0013210795427756154,-0.0001486663139962453,0.006041445302915262,-0.012029995148937682,-0.0016279510801500614,0.037835209028976455,0.08739823386644587,-0.013418279845944913,0.02099904137743964,-0.020753718944542972,-0.02999974817790431,0.017577066809817257,-0.04155850795467887,-0.05245400150465621
5,-0.08790460279022759,-0.0006908748398294656,-7.772015651031275e-05,0.012604998419838132,-0.01649937132042663,-0.0019526821172671696,-0.0460224022780477,0.08150041543454713,-0.015904282945497183,-0.006614547639837644,0.026021637653924783,0.05370869365177652,0.00012474522406695826,-0.08290550370207121,-0.00147730228809697
6,0.01638077769178503,0.0005347969338832391,6.026152194649524e-05,0.025370313805565772,-0.025191766337298218,-0.0025842446308158846,-0.20380110766589388,0.09350384375346836,-0.010733558350515588,0.017723706913711505,-0.01621439552029998,0.020957584393437836,0.026855336138931988,-0.07034296298599381,0.12686241202776613
7,-0.02546481331781819,-0.0012722990380127789,-0.00014317478186871816,0.006549492025804515,-0.012375943734533771,-0.0016530866334531055,-0.021027964044425158,0.0859127186768145,-0.012929801255174754,0.025669784606779766,-0.028971926875299214,0.07870178623167434,0.013853606998533519,-0.03319463869737793,0.06318738354259881
8,-0.14050175032576803,-0.003416177585720909,-0.0003845248453724653,-0.0157789048559245,0.0028283218809067355,-0.0005483917605081975,-0.056025338157505024,0.06996214380565749,-0.0018683350720054986,0.021014545919279766,-0.021624320526655267,0.03247740196487781,-0.014319865503308125,-0.05570794811974272,0.016888697097654396
9,-0.005128278056443806,-0.002021498608637971,-0.00022751694954452768,-0.0012533871878633617,-0.00706266267999981,-0.001267040079945238,-0.019747374183101688,0.0752200014089829,-0.005998036034287338,0.00624453174882285,-0.05112314767464609,0.01494093548742387,0.0016965470001758052,-0.05493557440355637,-0.024341973783052428
10,0.0120985388315088,-0.0015989806002123846,-0.00017995140611670336,0.0031471185179703905,-0.010059136540087204,-0.0014847545946660517,0.03729621449032986,0.08414298445844193,-0.007065360631147289,-0.021589996989676313,0.00876882108700745,0.002204392998069868,-0.03075590895353703,-0.03358185869313321,-0.045149532102412265
11,0.03653460342893334,0.0006767038568296746,7.623688813566539e-05,0.026848267908516348,-0.02619816222266868,-0.002657366240424741,0.0417099490235556,0.07356590798853763,-0.005362766592264124,0.012469605297636351,-0.03421247414194395,0.03514526669314728,-0.034398686924602254,-0.0138865355579138,-0.008410460741406028
12,-0.03825920388947139,-0.0016541666258026659,-0.00018616404852360292,0.0025723585890451615,-0.009667760362443132,-0.001456318413151496,0.037189180113861034,0.08790300607537814,-0.007185176134543741,0.0031223046357660195,-0.018595846540630463,-0.012563745225782488,-0.024551802721566564,0.020620262356243466,0.0015608800886300282
13,-0.17977020968033972,-0.0014390889457119745,-0.000161951384143142,0.004812382776329626,-0.011193079126207735,-0.0015671433527149187,-0.010452107551636922,0.07033198607289022,-0.002574414802152322,-0.004639656622950665,0.0051407499024071395,0.038951718041850304,0.0007046014831330043,0.009198305619124983,-0.006880255483822755
14,-0.015014426586879563,0.000852609313398694,9.603968580765748e-05,0.028680315181965496,-0.027445673788909143,-0.002748006569002386,-0.03401591666406449,0.07715596056079277,-0.006838093325455336,-0.007571953098465861,0.027048066756570763,0.01795484124739361,-0.004534168586505175,-0.00711576457557185,-0.04109693831689454
15,0.05272100937663469,0.0008388128070011237,9.44865252059326e-05,0.02853662519973419,-0.027347829744498127,-0.0027408975236237467,-0.014001921760507106,0.08435987079482621,-0.004757170032883182,-0.02871045782975749,-0.032478046087307796,-0.07096654128564177,-0.007261271704296777,0.0008807209290861413,0.034636855271776734
16,0.04978015442344864,0.0015537674778180626,0.0001749735263881752,0.03598284535036367,-0.03241824790308333,-0.003109298410923922,-0.029491802930105285,0.08149413913501258,-0.0053160093226459985,0.017190738287956905,0.03427372113262317,-0.0015127574392265603,-0.03592338871991335,0.02405647822038978,-0.04111158868086609
17,-0.017258108628752076,0.0009496775905530273,0.00010696728004122184,0.029691276842664337,-0.0281340765299438,-0.002798023781130667,-0.01086925492064266,0.06533701748635921,-0.0006297170162560639,-0.0038760579373240908,0.06478203960928898,0.0603169610958583,0.01017852783217799,-0.015375906811597903,-0.0463139834456706
18,0.0741673526451167,0.0016468938960016609,0.00018545736044981812,-0.953068658950734,0.5592831273820689,0.033561950491350925,0.034401508005293444,0.05978933896510543,-0.018391859607007753,-0.02944110936397377,0.14052437725305655,-0.018357141853279947,-0.001049908375587084,-0.05201138156474706,-0.009987143015726774
19,0.048326260512254596,8.665684214787993e-05,9.811537401181889e-06,0.020702955275588165,-0.022013582109018937,-0.002353327603249028,0.04056554129300718,0.06967216079408395,-0.036361487581689896,-0.014799007663697952,0.07716355238213086,0.0043364522579003376,-0.0007300269350029227,-0.08003255449130212,0.007425067156978284
20,0.0026402871495433055,0.0001864351473445932,2.1044216752942218e-05,0.021742141754225296,-0.022721204215920044,-0.0024047412350052554,-0.0246867239579154,0.06806846673919044,-0.0016882746250626148,-0.030022529682978753,0.07811545527930414,-0.004906192072673743,-0.01134715946449861,-0.05306187593957086,-0.05663188116137919
21,0.03594659444301197,0.0014022522736304617,0.00015791649477994667,0.034404821438359136,-0.031343710629640906,0.023977053112362257,-0.020277767745067756,0.055130244368719716,-0.004270040209505861,-0.03185981789103456,0.14313279444459912,-0.021237096246139786,0.0030644385875136936,-0.08652603132513628,-0.04767747766495662
22,-0.14612609227294773,0.00040841108063406975,4.603346143426561e-05,0.02405401093262541,-0.024295445001890154,-0.0025191206972579967,-0.04589768811618,0.06131177959101877,-0.0025917239836936467,-0.05256613351853246,0.19802473232999687,-0.004348061376383097,0.00834532827744231,-0.06916022699042111,-0.009371322543955894
23,-0.20051050762970246,-0.004113886623540885,-0.0004630703958025518,-0.023045512528764838,0.007776434983978164,0.010042562486796774,-0.1626946509494481,0.05958175831570665,-0.05033404338771854,-0.00482764919276228,0.04613693802195069,0.09444107186707257,-0.004502863463316333,-0.0689523596928065,0.043777672020113526
24,0.0406350714838981,0.0005012911326319979,5.648956048516348e-05,0.02502135242014689,-0.024954145086585756,-0.0025669798063249053,0.01144789040514575,0.06368648256733613,-0.04038823263298567,-0.031592364544292255,0.0792333483613938,0.005564339789739884,0.008910670343029893,-0.06445573133228022,0.01559491840347451
25,-0.021277377497603528,0.0007801776548114519,8.788559264860203e-05,0.027925942775251154,-0.026931992555751315,-0.0027106840807645323,-0.020449787278678373,0.07860150244969527,-0.048929976531781876,-0.042654855147227284,0.07896911908744544,-0.028291868247254583,-0.010182608881873691,-0.07111161740659658,0.006716797836697067
26,0.03181263531967447,0.0013244005589584595,0.00014915223138449923,0.03359399939576821,-0.030791590664750172,0.01974996395132806,-0.19663219360267142,0.06479463199298234,-0.004873838412363034,-0.03316413747333575,0.14807184933455908,0.021783617823947672,0.02097409956385008,-0.07252784251380397,-0.021604881645189648
27,0.016200581511749572,0.0010314711641957644,0.00011617530360859069,0.03054315316589279,-0.028714151936094827,-0.0028401702644468823,0.0036644843413031706,0.07119407818507023,-0.01349583397103267,0.01060906027682036,-0.022206979951259607,-0.004526663199196302,0.0036347610136085945,-0.04060058271437928,0.03504757064794549
28,-0.09531490289432973,-0.00012768173938579793,-1.4317921947043699e-05,0.01847062876592324,-0.020493504990490644,-0.0022428835054023183,-0.0019156381962100915,0.07416088657078812,-0.013050740731398574,-0.014870716169708587,0.03140784977672067,0.0012220829725984777,-0.00021078877811163155,-0.005312732727674025,0.021826880126005907
29,0.01838093030814169,0.00042639581218804597,4.805811721865706e-05,0.02424132108803409,-0.024422991702640236,-0.0025283878456980086,0.04122447167314341,0.06445919557169258,-0.0641750943729462,0.006306549916183392,0.05468712632253977,-0.04066004447705666,0.020339032451160078,-0.03433894197192047,0.011348333591574514
30,0.052889252031136626,0.0005158267375865797,5.812592611912352e-05,0.025172740079997723,-0.02505723077623307,-0.0025744696934202563,0.04139792470286744,0.06461495496672497,-0.0016826547609258215,-0.0329703307003341,0.1114591571187246,-0.06510616897458936,-0.027818634622336705,-0.01694792907825004,0.039018829654172735
31,-0.01151317915261454,-0.001400902186932985,-0.00015765245747765343,-0.05214529982314418,0.014386149626958111,0.05696150030237945,-0.19299159130661792,0.0714249919207354,-0.0032265438365859218,-0.020390333064795988,0.07985665844352871,-0.10110559888534042,0.002602403428449288,0.008785050554284777,-0.050802046670619445
32,0.08304708851470038,-0.15701366877461198,-0.0013304551218444036,-0.6641081046835776,0.4915645653591725,0.03252834607219241,-0.1097293587187016,0.07416072027782572,-0.055230968201955534,-0.007821963835638017,-0.0022610573229442372,-0.15554566700153571,-0.004132609233601033,-0.07723647072259329,0.15492998347249068
33,0.004303697066226387,0.00042812037548774245,4.8252262293872655e-05,0.024259282335813002,-0.024435222208191613,-0.0025292764763703386,-0.05431899995049527,0.07432136851797927,-0.021500993242047777,-0.01147715957444942,0.037244606687146416,-0.019328289264825823,-0.04154550425260034,0.02490241133811768,0.04028785428509029
34,0.03787376923407186,-5.6974644098252e-05,-6.357973863203854e-06,0.019207039924858674,-0.020994955718097102,-0.0022793173629678414,-0.02879846864324694,0.06380953180072367,-0.00010459691131401423,0.014392168485812856,-0.04723084721609742,0.04510231831497356,-0.0032781216665601497,0.01887343319716392,0.0483571737236436
35,0.06464127095125725,0.0003862381239236893,4.353731046720778e-05,0.023823080604039384,-0.02413819564480102,-0.0025076954457566134,-0.029960078327156407,0.07036984123800737,-0.0037125496871358832,0.010574175057680052,-0.010550403904378886,0.05072827573358395,0.0008225648791491355,-0.09024904620428172,0.015366069614539176
36,0.05714469955077729,0.0010442822058506509,0.00011761752416733524,0.030676579577964717,-0.02880500712019077,-0.0028467715208699033,-0.09277014403284604,0.08405451324300389,-0.009087387747565843,0.03963937680473981,-0.02654643764264403,0.005341087511223378,0.019808552909123697,-0.049671944642686656,0.012047509582494023
37,-0.055572625167610246,-0.001411742299102505,-0.00015887279795043734,0.005097196848252394,-0.011387019999951,-0.0015812344962332925,0.03765936683906338,0.07607261314258058,-0.003449764840099386,0.0223440603820712,-0.08489706897293137,0.048105061461017784,-0.016833809191386613,-0.05668818913354369,-0.037825865671515906
38,0.029911328290963157,-0.0007615819351170115,-8.568010459415259e-05,0.0118685872609027,-0.015997920592820174,-0.0019162482597016458,0.03892036558683676,0.07690341782179386,-0.004406040921616285,0.03081147829451395,-0.05594363814680861,0.04477860251112493,-0.0378246057695775,0.025729334722862936,-0.05207208167146607
39,0.013566922323368404,-0.0006539199119788303,-7.355990489854957e-05,0.012989882300814855,-0.016761453582241858,-0.00197172420310281,0.03912917818735854,0.09829317345488857,-0.010804143844073731,0.5850096979636957,-0.42681313701704715,-0.018535743676093154,-0.027182286845516247,0.013967269067380966,0.03956493460083749
40,0.05381253507584909,-0.0009448783772561582,-0.0001063149525884974,0.009959563211258201,-0.01469799257421666,-0.0018217995139568734,0.03856485855070816,0.08475576142684736,-0.006598012729531486,0.012591703564627387,-0.03558443383359944,0.06689174069816292,-0.004026314110773466,-0.011801663755794948,-0.0003148716846967825
41,-0.012841315010506525,-0.0016184435288803861,-0.00018214247196556534,0.002944413007322648,-0.009921106548864515,-0.001474725762792614,0.03725846575934309,0.09171893488234723,-0.008540237775207562,-0.03399944466497293,0.0035011733820089867,0.09986610223501811,-0.039722550010908284,0.018129160825386688,0.012055592541926627
42,-0.058072933277920416,-0.0016977734406664151,-0.00019107314542548344,0.0021181956094926306,-0.009358503293501163,-0.001433848751865441,0.037104603843169146,0.11099233289467428,-0.014379276613336715,0.011207923205395513,-0.09107935647236681,0.050047356284109536,0.00916865301730885,-0.023002942288288745,0.01131802249370225
43,0.03115967304111342,0.000719817939322082,8.109051501605564e-05,0.02729729910298918,-0.02650392486145311,-0.0026795820072329874,-0.019341694783003308,0.08431679503852658,-0.006329608018358201,0.03288908690109181,-0.043297896100018364,0.01132424857546018,-0.03263222420066461,0.022193111133025283,0.07603423719078083
44,0.0003800261203885301,0.0011820009036406815,0.0001331213951738389,0.03211091350773793,-0.029781700349222173,-0.0029177350274173877,-0.00292386379598342,0.08091091192210337,-0.008350960751080333,0.017365164383658416,-0.05606559011940014,0.008555920321857976,-0.012604487048574094,0.012624190106650305,0.07544216041234318
45,0.0007269811734154033,6.596208255152465e-05,7.481796498594556e-06,0.0204874203022412,-0.02186681604240241,-0.002342664035181069,-0.01764252405656068,0.08292318862541921,-0.010922160990946407,0.0030835432811657008,0.06464314986272629,0.03199740956606763,-0.03283101173291376,-0.005499524016981803,-0.027321049518928553
46,0.020428851604749804,-0.00040139457166616293,-4.5131518884835413e-05,0.015619922154155719,-0.01855234903797922,-0.0021018451229796804,-0.025046053650346466,0.07504795286240867,-0.007585310461083488,0.07657894773885723,-0.09008002780807456,0.06470386836870363,-0.03366600474596886,-0.009990780061665164,0.07422163353802122
47,-0.01803089383457458,0.0004680316975664263,5.2745334034576635e-05,0.02467495692726784,-0.024718271050952048,-0.0025498419290728293,0.04130522528753283,0.06681625553659258,-0.0023235440670858285,-0.01872553288471169,0.04270195746062071,0.022352911134164457,-0.02997911501041027,0.02955772964354262,-0.019104216070730304
48,0.07833232734420537,0.00031774832430718036,3.5826977480073546e-05,0.023109762477962544,-0.023652469852903472,-0.002472404113341228,0.0410137477444704,0.07546686835081139,-0.007847196129858104,0.013045211413451281,0.02628586692787333,0.011748427904640922,-0.010714653680069516,-0.10216566925401392,0.01683464230644893
49,0.03559211449804066,-0.0015896186851568916,-0.0001788974757083902,0.0032446224344844818,-0.010125530713080389,-0.0014895785897444133,0.03731437210776654,0.09688714966072695,-0.013948345431327336,0.004364606050706698,-0.04678368998326148,0.01613533517748563,-0.01251114086306555,0.013482934131388263,-0.06672093008815239
50,-0.1680664439405554,-0.0031873033992326476,-0.0003587590203902796,-0.013395190686408726,0.0012051590727311175,-0.0006663257454502588,0.03421563134258641,0.07611430900323785,-0.04228257643621626,-0.029780271216726682,-0.02441227812229093,-0.01923898835341922,0.00925488440209266,-0.057332040524564726,0.045092163297839424
51,-0.1922551182524119,-0.0046901371318251095,-0.0005279425859353104,-0.029047135179461718,0.011863171053216888,0.0001080524118657539,0.03130085591196209,0.07511169765812285,-0.05380172435468603,0.0015078942166621466,0.0071665076693455615,-0.045493456306934375,-0.0023115048400974133,-0.07330724156609258,0.008911826507611395
52,0.029057162211495517,-0.0005595616628668788,-6.29373957831814e-05,0.013972619143575383,-0.017430636957410053,-0.0020203449956031423,0.03931218785783872,0.07890495435135784,-0.004418629417282705,0.6965958855871347,-0.05870788285888486,-0.03847217214759675,-0.032652857122766346,0.026053739948762502,0.07400895066795103
53,-0.09809615292109133,-0.0021919840091222313,-0.000246709576980128,-0.003028984825435943,-0.005853589845492235,-0.0011791925906234862,0.03614607277532777,0.07778514510148599,-0.010545405299215722,-0.008744484075125927,0.03802713184460913,0.032376938439545686,-0.03192344775246633,-0.019100574711002682,-0.03280584267890936
54,-0.01789809538941289,-0.00041519107806373324,-4.66846794865603e-05,0.015476232171924412,-0.0184545049935682,-0.0020947360776010413,0.0002054582196163672,0.092515631867141,-0.008240137030302748,0.004897574676461276,-0.029310682354720292,-0.012161891124452776,-0.039638310770327395,0.018680856336948375,0.012612306372846634
55,0.026177445112779838,0.0002635477634595836,2.9725275116154478e-05,0.022545266119196702,-0.02326808253557448,-0.0024444757207822895,0.0023499684052953836,0.08877252845946797,-0.021805365083696543,0.026586490643077648,-0.030719905149112228,-0.014383251295689847,0.0034355465933159635,-0.01857987332930403,-0.049826534504098026
56,-0.1303208364858319,-0.001081365244117834,-0.00012168014854127558,0.00853805874418421,-0.013730035420579103,-0.0017514707436039106,0.038300139601762935,0.08348672104051162,-0.013719054974546127,0.027840420464398413,-0.04100790905913158,0.04591718913155787,0.014779669460865258,-0.08089749734201267,0.03350675650610691
57,0.02413245352762309,0.00028251795975624294,3.18608709435262e-05,0.022742839844764752,-0.023402618096639627,-0.0024542506581779183,0.040945417763063964,0.0682772156386431,-0.004033556326629563,-0.006980842440810781,0.021119845866701306,0.002204392998069868,-0.03469850462714266,0.026414098365303163,0.03192199127235356
58,0.04841115401151585,-0.0012082438297383452,-0.00013596367907499544,0.00721662408616416,-0.012830219655013499,-0.0016860929155682147,0.03805405610229219,-0.057268594149775316,0.03296111010762466,0.00038575300098251416,-0.011072087342687362,0.11727977995928829,-0.009878664594912942,0.052847958587806984,0.015721719829573357
59,-0.19716426994136876,-0.00265121057921278,-0.0002984076370089702,-0.007811808519706553,-0.0025967809386683916,-0.0009425629373059377,0.03525539385685502,-0.04498693586834869,0.027887047175795925,0.01641163506049021,-0.020154121745967653,-0.02695235457615678,-0.005585024653548801,0.052207826492369505,-0.028922485856511606
60,0.025586862220157172,0.0007114414890092715,8.01475246507227e-05,0.027210058756634466,-0.02644451954877499,-0.0026752658011102424,0.041777323340886414,-0.05608526266800258,0.031178039614302596,0.004271578799665913,-0.03937172009352755,-0.06027275714471225,-0.0034902850241717953,0.03980934803703363,0.07443280085319777
61,0.04813037107165503,9.059870111861492e-05,1.0255297573103344e-05,0.020744009556225688,-0.02204153755027923,-0.0023553587590714963,-0.023040592587669377,-0.047655586011706316,-0.03832012263064541,0.02452244851060992,-0.012620199883642004,-0.01205026498519514,0.014921111699273024,-0.04553402167844167,-0.015239551092020453
62,0.010313511823187379,0.0007570192333583866,8.527850163856376e-05,0.027684748876505735,-0.026767754338347098,-0.0026987510403075313,-0.05781099648279079,-0.05738776489376764,0.032486793574479235,-0.018386371031958785,0.053169501774733154,-0.03582663264717893,-0.008059410049597752,0.09355192945430799,-0.029568112241190197
63,0.051515353626157556,0.0008040751748215285,9.057588869087545e-05,0.028174834351616093,-0.027101472418391826,-0.0027229979629382465,0.0021961064891214423,-0.0592187940261814,0.033975832776164214,-0.019620920175979387,0.06151304923287523,-0.08702954272488862,0.008163758562947026,0.08970369829051598,-0.03930504724768097
64,0.01704136327637025,0.0005441588489387338,6.131545235480862e-05,0.02546781772207988,-0.025258160510291415,-0.0025890686258942474,0.04145287538721528,-0.0470118499969417,0.02825638464686604,0.049205679120102,-0.04170235779194472,-0.06068577385996747,0.020211819814201778,0.041226399654370686,-0.06576259421042528
65,0.01878508665244912,-7.619120658058057e-05,-8.521304701320497e-06,0.019006900306750795,-0.020858672941953194,-0.0022694154783333095,-0.0245218719048719,-0.050391585644689846,0.02894987588134644,0.001862560611255199,-0.032112190169533,-0.01935061449267747,0.017121861859448598,0.07185686506032679,0.014623952901633944
66,-0.024354922037258447,-0.0031737532590207485,-0.0003572335947992997,-0.013254066596717266,0.0011090622433988697,-0.0006733078435899936,0.03424191210466581,-0.046189985664114745,0.019592577299018657,0.004915017286031441,0.0222885522707041,0.039409385212808214,-0.00216792816147222,0.0864551002258071,-0.04772749097644578
67,-0.042193806368476056,0.00018742061208727612,2.1155156795922488e-05,0.021752405324384664,-0.022728193076235113,-0.002405249023960872,-0.012176125544045542,-0.050828569115413794,0.030901092709641382,0.014452248585443379,-0.02797259821100695,0.04118424082701289,-0.001431261694432977,-0.029233588900884545,0.007844370677544192
68,-0.1838717830011233,0.0010694115567890824,0.00012044649526333412,0.030938300617028888,-0.028983223058225125,0.013295712430957451,-0.033366065092646606,-0.04497795352879003,-0.01771904947255076,0.015268175099780398,-0.04000519284004502,0.10878503076174356,0.01277414943257646,-0.08942418909486066,0.011592843114410502
69,-0.07220421856056382,-0.00012423261278640536,-1.3929631796612485e-05,0.01850655126148107,-0.020517966001593398,-0.002244660766746978,-0.005423403185753239,-0.04994390819270358,-0.006352087474905376,0.01510343934272898,-0.00753548013753094,-0.02649468740519825,0.011772812378577004,0.003888391290993168,0.1390383800430427
70,-0.014901288246727887,-0.001358034470626249,-0.00015282656560800827,0.005656561421938557,-0.011767912887122462,-0.0016089089943144225,0.03776353422330537,-0.039169279882813324,0.024391266888144473,0.02541977386960761,-0.05118751121573608,0.08101244731431802,0.01621401328697219,0.05573041266506743,0.081883268710193
71,-0.047335654363861925,-0.0008377090864893191,-9.42502229143846e-05,0.011075726466090662,-0.015458031133480809,-0.0018770215628802279,-0.039196571617970875,-0.0521240861968956,0.030591101003855817,-0.003872181801864055,-0.03728498634029345,0.03581502352869617,0.019468892322524755,0.059698074542598255,-0.018462125980803518
72,-0.12072459312341949,0.00036431153339897996,4.106889451089504e-05,0.023594716167993208,-0.023982693502790656,-0.002496397141494134,0.007177983315300013,-0.04691754676973223,-0.028707232627376227,0.01245603882352622,-0.06541862890621723,0.050527348682919096,0.0186139778674404,-0.03682839048251787,0.07622620747730498
73,0.004833066401240166,-0.0011040309331995567,-0.00012423176952982364,0.008301996630518489,-0.013569291633332429,-0.0017397915976247187,0.038256179054284654,-0.04415877759885482,0.02741812571222182,0.04790911180872085,-0.05249849492109588,0.11288171007251745,0.017576213033730297,0.05413731439010842,0.059339389667718664
74,-0.019473530689106972,-0.0011131464820693805,-0.00012525796492739193,0.008207058606544228,-0.013504644675418004,-0.0017350945497852602,0.03823849926888579,-0.04396310453339834,0.02828425917298454,0.04994020678977832,-0.09428398330769058,0.06084160395037179,0.017178068785174017,-0.02862073163972651,-0.05024381728480578
75,0.037724815739202465,-0.000494274623664091,-5.5587617935733285e-05,0.014652580666634244,-0.01789364895328362,-0.0020539860139127722,0.03943881334785765,-0.04276405164777346,0.0262096301282456,0.0008605795948366103,-0.021742884944452683,-0.05378727845381424,-0.014589801042804636,0.08201219502371004,0.04218633938182123
76,0.0015573083346402717,-0.00046717434324029285,-5.253676675377375e-05,0.014934828846017163,-0.018085842611948115,-0.002067950210192241,0.03949137487201645,-0.04865544848376142,0.0317305846562322,0.023270456757019144,-0.016400711033981687,0.04759158122043044,-0.01980921885447153,0.09216173941618554,0.013267531271851487
77,0.024794477471835552,-9.121954390650665e-05,-1.0213140356770955e-05,0.01885038086182025,-0.02075209282214832,-0.002261671696760149,0.040220546561710334,-0.05021307266916909,0.03111959302727994,0.01796790344769358,-0.03391436932005326,-0.05607561430860626,-0.01389226597975145,0.09220223841253988,-0.05652023528421644
78,0.04255314675773732,0.0005653463409064297,6.3700663278886e-05,0.025688484480506518,-0.02540842100706547,-0.0025999860884400134,-0.003103050810161152,-0.058627475568830106,0.024758806002690814,-0.015597491568464803,0.030933592105531003,0.0037225084919802545,-0.0066135402463167415,0.09321595308659289,-0.04183602392001252
79,-0.025154854388466156,-0.0007955804687395967,-8.950753607697478e-05,0.011514494090404108,-0.015756804911950157,-0.0018987295407328565,-0.047766967048082025,-0.054133858427414416,0.0027102806375234574,0.008446176690121763,0.0051780130051435926,0.031673693762219,0.01873934065621025,0.07696676393707597,0.01628904254474867
80,0.008995232513898836,-0.0007766102724429374,-8.737194024960306e-05,0.011712067815972156,-0.015891340473015308,-0.001908504478128485,0.038891217832530516,-0.060654588459925635,0.007756019454102746,-0.019089889617954835,0.07970421847778916,0.009348465910590645,0.016234930801102915,-0.028212435635664394,0.019709649939630362
81,0.1054334830730228,-0.0009781378123217296,-0.00011005917903908423,0.00961316771837915,-0.014462118538582956,-0.0018046616367047973,-0.1915002775166214,-0.0423819263776379,-0.023194820292877547,0.03191423883289343,-0.04854183092145723,0.029039316875727323,0.017534520301483333,-0.06960984850096726,-0.009083872299134184
82,0.024501074818824357,-0.00013408726021324084,-1.5039032226415919e-05,0.018403915559887282,-0.020448077398442677,-0.0022395828771908078,-0.03245579506062377,-0.05096123982444266,0.010245394472137096,-0.005021455965763949,0.04965321989834202,0.03894055542792417,0.009722611401736853,0.08991817766916804,-0.03270682642586002
83,0.03617724676470753,0.0010854253588576902,0.00012224927096176477,0.031105083632118793,-0.029096792038345056,-0.002867971709766916,-0.047140051414478884,-0.05168991122953622,0.0317114771181671,0.001998225352356366,0.036878750769371624,0.030323017477195693,-0.019254833582000048,0.0921266127356741,-0.045897205849927396
84,0.0245022027955846,-0.0004016409378518341,-4.515925389558054e-05,0.01561735626161587,-0.01855060182290045,-0.0021017181757407755,-0.03186567249393179,-0.05254778806707902,0.029376985555742797,-0.01126203405641757,0.03656032061871583,0.07147957502167249,0.008081226874540087,-0.003956429604868464,-0.06496541233638548
85,-0.03664091304319996,-0.0005546343391534593,-6.238269556827949e-05,0.01402393699437229,-0.017465581258985428,-0.0020228839403812282,-0.006983524789193962,-0.05693530609918132,0.03182522316829582,-0.015715713699995828,0.0010722965945596883,0.004626680219971796,0.01819676595294183,0.02490984992928481,-0.03757327318924726
86,-0.06476789928783672,-8.407492452205037e-05,-9.408825045163389e-06,0.01892479174547575,-0.02054067979761738,-0.0022653531666883726,0.009393690474612304,-0.049597848338680986,0.020863340977630557,-0.004761754889941699,0.04307458848798393,0.05745933193085012,0.007245237789383512,-0.050565402092871185,-0.038547774985839625
87,-0.01442659171817622,0.00036948522329806864,4.165132973654191e-05,0.02364859991132995,0.24128474140102754,0.01300335293976093,-0.03922285238005028,-0.05678788990762495,0.023198282129185805,0.008118643243748972,-0.0225254101019154,0.012161444619896149,0.013355428651787444,-0.01603835468053674,0.004976435633866259
88,-0.08232998266426662,-0.0025435485560745988,-0.00028628743731336714,-0.006690513479794397,-0.0033603139280900768,0.00679080896226404,-0.1812225882154249,-0.05055001496561814,0.02940553446555771,-0.025675443764551414,-0.06127564939289687,0.004157850435087132,0.014587285249268375,-0.045009187746094595,0.06391788100131966
89,0.11844835146458729,0.0001285390937119331,1.4526489227846796e-05,-0.37703091554066714,0.20988379200540616,0.06699718732671717,0.016658170945396192,-0.053051775843552425,-0.02054089565291785,-0.005255962161095958,0.009900264388273981,-0.1725574906244768,0.012578634708660686,-0.035866332691569865,0.048408197405061866
90,0.05350026720077948,-3.504805357354094e-05,-3.889557906890952e-06,0.019435404360904872,-0.021150457860107476,-0.002290615667230322,0.0063221861355871965,-0.05035996898525217,0.027028331935693775,0.004961530911551835,0.005293189868146701,0.01431582910757827,0.013733509162299961,0.06649570710415481,0.029050014748959383
91,-0.02471388360801572,0.001792989044104502,0.00020190422182165467,0.03847432700655292,-0.034114793744567204,-0.0032325641798999633,0.04387500598686032,-0.05754669729290028,0.033432504311418955,-0.006407174392725843,0.03431775934494805,-0.12260479330645832,0.016629802241325802,0.08311186675124985,-0.02869262669764711
92,0.04514307224313721,0.0002820252273849007,3.180540092203595e-05,0.022737708059685058,-0.02339912366648209,-0.00245399676370011,0.04094446209898835,-0.06232983132167678,0.035577044466019614,-0.0037558977380630744,0.028311624694811566,0.0617011252226594,-0.01892314157221282,0.09923294683066632,-0.04673732844595281
93,0.027104997814491192,0.0002179700191104688,2.4594298128313434e-05,0.02207057599932543,-0.022944847746002375,-0.0024209904815850015,0.040820225769158454,-0.042619046704171555,0.02796572527371104,0.02846835440892382,-0.04849779270913235,-0.03889635147677811,-0.00954441125686481,0.06057293551486496,0.025083302407412987
94,-0.05885923906423865,0.00017805869703178305,2.010122638760928e-05,0.021654901407870575,-0.02266179890324193,-0.00240042502888251,0.04074281697903368,-0.05765113851177058,0.03218152255456857,-0.004385769750318469,0.041177557803225656,-0.06026159453078611,-0.010849550301810526,0.09299072907625497,0.0465597256198201
95,0.05706337923964263,0.00019924618899948073,2.2486437311686837e-05,0.02187556816629723,-0.022812059400016,-0.0024113424914282773,0.040783910534285116,-0.04210528543677303,0.02754828176562997,-0.01242293662669755,0.0593721146029337,-0.10880780249415184,-0.015400461437381144,0.08447312893483347,-0.004245210708796513
96,-0.05392060100292377,2.063070438808063e-05,2.3785545214986484e-06,0.020015296074909778,-0.02154532846790907,-0.002319305743222685,0.040437482306874835,-0.05880995269981761,0.03416443541659503,-0.0038876863437042023,0.05530704884988038,-0.05970346383449547,-0.01128141870580204,0.06659778110517034,-0.06541755287964635
97,-0.057004239645209905,0.0008225526387468453,9.265601449675696e-05,0.02836727629210444,-0.027232513549299432,-0.0027325190058560657,-0.020219950068493073,-0.05580505230749073,0.029243457583852567,-0.025814984641112624,0.07787832644370948,0.04316002349188181,0.008824012070202605,-0.03235738393601168,-0.012714636639263298
98,0.0008142593215323121,0.000654284533933623,7.371300215786243e-05,0.02661477168739047,-0.026039165650500774,-0.0026458140416844526,0.037737253461225966,-0.05391093935189504,0.032059908694648344,-0.0016569703864550366,0.06577798071878713,0.030881148173486337,-0.020121131718243992,0.09276715808617644,-0.049786119706935056
99,0.041299109131588754,0.0012734027585245835,0.00014341108416026619,0.03306285964002034,-0.03042991714344516,0.01889408566663551,-0.1890552109791616,-0.045779164779607896,-0.06904864055237413,-0.004089245387625923,0.01853852911351245,0.005921543435365676,0.01682047890074875,-0.09077966570753652,0.04863654100903271
100,-0.09312639329963153,-0.0028244060077394196,-0.00031790534956276643,-0.009615630975217419,-0.001368488738294372,0.01094160283271677,-0.19692223764962047,-0.044872987395265754,0.028292801366472466,0.01957068546041737,-0.04996799148982015,0.024138929362294653,0.012615204784385835,-0.04412440865227173,-0.00021939172639924692
101,-0.07509436755173367,-0.0008650557330987884,-9.732880910708924e-05,0.010790912394167894,0.12643854705851768,0.006968915938446722,-0.007147899010199668,-0.045897190789722854,0.03039642891015726,-0.010494559235330965,-0.03998486751127973,0.11404262192080203,0.017287352124305978,0.014840063764323484,-0.004688257922695681
102,0.03438361230956427,0.0009967335320161682,0.00011226466709353347,0.030181362317774685,0.24228240121100414,0.058953048586309564,0.032351608563100265,-0.05657447304713753,-0.04515162947533241,0.529162338255536,-0.49794501258589324,-0.03272342597580259,0.013065287078232688,0.0242899673320245,0.014448148533974976
103,-0.02059819922225786,-0.0015287662372961812,-0.00017204692805435374,0.0038783978918261273,-0.01055709283753612,-0.0015209345577537664,-0.010174964969708707,-0.0648456607522008,-0.09012830134035817,0.006686411191266658,-0.028263927923309028,0.0011216194472657398,0.03465728431766382,-0.2624040808806095,-0.03284878340089503
104,-0.04790071015825846,0.0009624886322079138,0.00010840950059996636,0.02982470325473626,-0.028224931714039742,-0.002804625037553688,-0.161569356500412,-0.0600832705106856,0.03427053845149771,-0.03721276096134054,0.0957239650996139,0.020522242450330956,0.008958339507885634,-0.0218615317992001,0.0029092187589798814
105,0.0643765295063966,0.0008632030593825428,9.723229126969626e-05,0.028790648561178824,-0.027520804037296176,-0.002753465300275269,-0.012295583553497358,-0.06171463554654587,-0.0009806213329574948,-0.018845693083972735,0.07267165472500688,0.024395669482588322,0.013687832141647148,0.01352425963787228,0.0021216353992663363
106,0.03293346570371484,0.0008920279031060373,0.00010047728752687143,0.029090857988340657,-0.027725228201512048,-0.0027683181272270684,-0.25324955609837896,-0.06684686049652278,0.01337835633111712,-0.06615586444140922,0.14599866580050183,-0.007306154066724022,0.003297661755270565,0.014685093115008423,0.023551076409971505
107,0.10985652977048997,0.0005845629033887602,6.586399411700284e-05,0.02588862409861441,-0.025544703783209385,-0.0026098879730745463,-0.01682686476802367,-0.06522045401444974,0.028800612289873188,-0.011068227283415904,0.05896560802762851,-0.03418572840008416,0.017212219828652755,0.030822290141953642,-0.008411471111335134
108,0.03680077566310723,0.0012928656871925841,0.00014560215000912802,0.033265565150668065,-0.03056794713466784,-0.0029748612849243056,0.006319319143360349,-0.0628043734857213,0.030874117361784772,-0.03377269074056099,0.10076803418819419,-0.01267537136504074,0.007433922304603531,-0.05114974475455523,0.04354730767628454
109,0.0859370255370832,0.0009787488004621928,0.0001102400113091421,0.029994052162366013,-0.028340247909238444,-0.002813003555321369,-0.0455689396741686,-0.0613252378988284,0.026880417111613354,0.0011939272443994581,0.04910104846688551,-0.03157367674144413,0.018916783786285186,0.02457965913247749,0.027267217009107458
110,0.06754369142114144,0.0012517225341855452,0.00014097040321469856,0.032837061096514006,-0.030276162216513563,-0.002953661096027294,-0.024956221227238708,-0.06381319226156822,0.02600506707366629,-0.053114606686127164,0.11340022601580778,-0.015164634270497,0.015617508394210262,0.02706580160255617,-0.0021274753374563612
111,-0.03735871505969335,-0.0009606458131390958,-0.000108089993276183,0.009795346088708131,-0.014586170809175496,-0.0018136748906670002,-0.015889358309845815,-0.06122908949162732,0.024325402080461245,-0.028084461952962103,0.11347813977607461,-0.051599406124354326,0.020056574862388026,0.04409604282462109,-0.05791303023144562
112,0.02512992564784489,0.002071875566283956,0.00023330025398509327,0.04137891736165718,-0.03609264121373276,-0.0033762684543395907,0.04441591185365815,-0.05365672528463793,-0.0011636041092515093,0.7758299085934055,-0.6602766383244926,-0.010900515750836061,0.01976899461709416,0.08706465144644641,0.15379432767221093
113,0.0009077678379294216,0.0008489138206136303,9.562366064648114e-05,0.028641826793867824,-0.027419465562727622,0.002922218803895487,-0.1500301906194043,-0.058107225516445114,0.0024328841437312935,-0.024165689002868442,0.10601196900963307,-0.03519036365340782,0.018370509386639908,-0.06903087815512612,-0.0073531086106295804
114,-0.02264524993277586,1.7427943974359174e-05,2.017999381812538e-06,0.019981939471891797,0.18123121192868707,0.007575089004214586,-0.03167262835065766,-0.05900131642593091,0.007992503336979045,0.041048352044461896,0.08297320885420291,-0.011324695080016805,0.016298110231538578,-0.0022298499439660736,0.04926802221470424
115,-0.03486437992699303,0.00031528466245047223,3.55496273726228e-05,0.023084103552564107,-0.023634997702115797,0.011740608754380214,-0.2156585096840812,-0.05944503056231385,0.026179507656472385,-0.010339513816929637,0.027417310229139864,0.005296437055520077,0.014636946558327034,-0.04955829949985559,-0.0019481346750456442
116,-0.020689141402267262,0.0010455140367790058,0.0001177561992210607,0.030689409040663945,-0.028813743195584614,0.02018920139793682,-0.1683607832537667,-0.06298045421670143,-0.011536299743815266,-0.005765673974090337,0.04316605246742763,0.04971247786633477,0.016006545697838864,-0.06853083952666948,-0.024797145436100503
117,-0.0779476188333084,0.0006577336605330156,7.410129230829363e-05,0.026650694182948298,-0.02606362666160353,-0.002647591303029112,0.0202227979474384,-0.06568484558888174,0.03158761531259216,-0.03173190542085346,0.09446040716137309,0.006356885378472554,0.0072459492694559825,-0.013043495225639783,-0.022676884139937705
118,-0.05327249129552593,0.0007225279673644608,8.139560013425151e-05,0.02732552392092747,-0.02652314422731955,0.011925443934224822,0.017487687363029608,-0.06263628909461381,-0.02666609797289257,-0.024780056473283716,0.10032765206494687,0.036172227174322585,0.016539159680092657,0.007814727662039986,0.001381539426219311
119,0.06899663147279306,0.0024318165635491343,0.0002710198685984116,0.04512768636237036,0.17363956241143946,0.008250194420707464,-0.03330299126365606,-0.06682355596561358,-0.055508139901182224,-0.038404672615300776,0.1478719836017005,-0.028883486785322394,0.007059541490467882,-0.0382070093788248,-0.058785989850166004
120,0.03802916506600852,0.0014665538480905654,0.0001651553325844144,0.03507451939125862,-0.031799733765199394,-0.003064359088351813,0.006789028036524892,-0.06723951849413894,-0.014901474388927633,-0.05763999483571605,0.21645641796529996,-0.013311640358811855,0.009717346449200553,0.010305002682767062,-0.003107534168658633
121,-0.11797077791396864,8.739594070489347e-05,9.894742433417234e-06,0.020710652953207703,-0.02201882375425525,-0.0023537084449657413,-0.026398318317341036,-0.06136682121778387,0.03381443027815549,0.0184349777706276,-0.017633780979074472,0.018691573766497462,0.016342364292046444,0.06479681553259671,0.06917837203704594
122,0.03218226346261483,0.0005207540612999977,5.8680626334025227e-05,0.025224057930794616,-0.02509217507780843,-0.0025770086381983414,-0.0013388949265767207,-0.049083315236775296,0.027211539506553268,-0.03984465693870316,0.1613747770114262,0.02140408895047023,-0.00383464137924906,0.04527134022902663,-0.11953801813052081
123,-0.025339055264516134,-0.0005304904529577129,-5.966466451526112e-05,0.014275394463277063,-0.017636808336704696,-0.0020353247697938452,0.03936857203829998,-0.05242270468442444,0.029819830849722184,0.01813070113701498,-0.035896088874666804,-0.01533207347938407,-0.0015692888284928662,0.04952373484623237,-0.04092365987405827
124,0.017379627609123396,-0.0005083174962473325,-5.71685135482033e-05,0.01450632479186309,-0.01779405769379383,-0.002046750021295229,0.03941157692170263,-0.05604109172976891,0.03390637125543344,-0.012614805331969178,0.001058746375382831,0.020410616311072705,-0.012810247085533482,0.07800155461943584,0.020633633239768957
125,0.06604539761934927,0.0011985074380806316,0.00013497964089375974,0.03228282830790753,-0.029898763759499642,-0.002926240492423973,0.042721997279631385,-0.06299316722968876,0.007090402745740844,-0.010130202502087843,0.05396557715137273,-0.02084640475873621,0.006836705931769126,0.06510758334135655,-0.005493522756168033
126,-0.10300915032947254,0.0004771472464362498,5.377152943214493e-05,0.024769894951242103,-0.024782918008866475,0.0042456437694724436,-0.2081211871197094,-0.06226185025473921,0.0246745080406389,-0.017847588203014155,0.07444334588237932,0.021415251564395745,0.005512072332837632,-0.06827462138646856,0.01100531300065368
127,-0.00986526566833633,0.0007806703871827925,8.794106267009206e-05,-0.0765212789516693,0.010636626067921639,0.08295191631220512,-0.1397329102046577,-0.058825095437755215,0.008875945979283087,-0.026316944183186926,0.07395553799201278,-0.06686986197486852,0.0026826583806243203,-0.02709664696059584,0.05823707607509839
128,0.07301802002951602,0.0018595079142356436,0.00020939267472282815,0.039167117992311,-0.03458654181583461,0.05899214833589207,0.009543729734483789,-0.06446103100926825,0.009498626925639889,0.0878352451147939,0.1035492166742416,-0.02009850962570684,0.01827075988047909,0.030005284878764565,0.03725927042268952
129,0.040945106116388436,0.0016050116444376085,0.0001807424086231533,0.03651655099865137,0.09867879388704916,0.003490815486947687,-0.05447764018704729,-0.06302433876149989,0.011611471046509027,-0.05343826399703995,0.16827522612723436,-0.00024021945168371158,0.01827075988047909,-0.05939294353292282,0.012373353884620547
130,0.08446715826371326,0.0011514514966174906,0.00012968225384144813,0.03179274283279719,-0.02956504567945492,-0.0029019935697932593,-0.30959694349272526,-0.05846461764794923,0.0003285822163500777,-0.040683840265800374,0.16017558261427556,-0.08611420838297218,0.010126020602829432,-0.050277363312677556,0.08081581288012579
131,0.09053043457692382,0.001005849080885991,0.00011329086249110163,0.030276300341748937,-0.02853244156790294,-0.0028269677516008377,0.0423483326260661,-0.053796811148034585,-0.022951817367602552,-0.015597491568464803,0.03324729202997719,0.010520540372801375,0.010000942406088557,-0.08538379432591796,0.008961839819100563
132,-0.257633597568253,-0.005908171553782017,-0.0006650644790590208,-0.04173290789645418,0.02050140240264667,0.0007356795610084374,-0.0029812036405202965,-0.06449740045594879,0.03317623850678114,-0.006399422121805795,-0.005770564089746943,0.056108655645826185,0.00719771092054227,-0.05929582859268538,-0.016039764075847455
133,0.021193846957643713,-0.004933546923267955,-0.0005553447765514564,-0.03158223700882834,0.013589419551039835,0.00023347628390316764,0.030828757858608502,-0.05814152637945731,0.030086212409806228,-0.015956034098517893,0.01537794049051337,0.05192267542364633,-0.007569484871692374,0.05208013067733388,0.015436795509574348
134,-0.2723591449160392,-0.005406569999756073,-0.0006085959971820236,-0.03650875068533026,0.016944072502274695,0.00047721498259935475,0.029911320346018545,-0.049997790471967334,-0.058366402801155744,0.01857064251172877,-0.03984597776471703,-0.024507742126403203,0.0048499689773936335,-0.08611401602549058,0.04119920796111546
135,0.045182029078093364,-0.0002479084379931955,-2.785260719064624e-05,0.017218473206478995,-0.01964086403205178,-0.002180933252817037,0.03991664538566491,-0.04192340460883242,0.02623233437935825,0.25804604350350646,-0.3765553740901304,-0.16966637361769082,-0.014336229544975024,0.08205393378525891,0.03085403025732186
136,0.04738899509790281,-0.00015650658310929243,-1.7562918204218868e-05,0.018170419338761404,-0.020289080826274772,-0.002228030678450519,0.040093921071691414,-0.03956325898563058,0.026209854922811072,0.009891975216714206,-0.04621458077783399,-0.06215923889817456,-0.014662372010196954,0.08201260827877488,-0.07911766393293176
137,0.031199015962074875,0.0003867308562950315,4.359278048869799e-05,0.023828212389119082,-0.024141690074958557,-0.002507949340234422,0.041147540715056434,-0.03833803931447136,0.026708898858158397,0.006345311270783735,-0.032444170539365644,-0.0634206142717919,-0.014696096165632212,0.08293003452272016,-0.13747814659116728
138,-0.07844262651385912,-0.00033290477204965383,-3.742118589770122e-05,0.01633324028023256,-0.01903807482987677,-0.002137136455395066,0.03975179333262141,-0.04966882603839512,0.02894335683894776,0.007277521848921737,-0.22532815296695538,-0.23442069700133883,-0.016411901508409724,0.0870377898672318,-0.10628954243553174
139,0.0008327157466437828,-0.0014555954801519237,-0.00016380962986306275,0.004640467976160034,-0.011076015715930271,-0.0015586378877083331,0.037574312736333694,-0.04227604311323022,0.02916860099355047,0.022421583091271863,-0.058115060769897975,-0.08391517343958675,-0.01729342531820461,0.08745187144220169,-0.13012568461729232
140,0.06215932085197861,-0.0019438932601516395,-0.00021878042115982537,-0.0004451310378122758,-0.007613035429811773,-0.001307028460200081,0.03662724963739969,-0.04873746366888739,0.030217942025172678,0.026598119049457757,-0.09333546796531145,-0.26021749778389547,-0.01801358544756247,0.08938094608487576,-0.12092475085817556
141,0.016987447501291126,-0.0017761178877097595,-0.00019989287884242108,0.0013022417818220023,-0.00880288889845289,-0.001393479529893885,0.036952653255146434,-0.03902271699251844,0.026327872069683747,0.04370156676685472,-0.07168560527550795,-0.07372370692531845,-0.015065638915275034,0.082229567187816,-0.12728806067148665
142,0.027946029399467973,-0.0007633064984167078,-8.587424966936823e-05,0.011850626013123786,-0.015985690087268797,-0.001915359629029316,0.03891702076257211,-0.04043726624052391,0.026646630763522715,0.03925176325873647,-0.10330165416988071,-0.03533547763444324,-0.014753583755488079,0.08281556286975941,-0.12457774333674433
143,0.05791557703751515,-0.0005147230170747754,-5.7889623827575515e-05,0.014439611585827131,-0.017748630101745863,-0.002043449393083718,0.039399153288719645,-0.034513417920832595,0.025339899954435332,0.04482758411799439,-0.08913151246569542,0.10465486360919253,-0.014049503075768128,0.08041331117784328,0.07822370882708522
144,0.010833433406544439,-0.0005543879729677898,-6.235496055753456e-05,0.014026502886912123,-0.017467328474064188,-0.0020230108876201315,0.03932222233063268,-0.029092286664220358,0.023424875051181345,0.062372911277835126,-0.10901307155292081,0.025846809292944375,-0.013119314029016048,0.07689279128046957,-0.00594010626481895
145,0.019820917552834487,-0.0018130728155603933,-0.00020405313045418407,0.0009173579008452972,-0.008540806636637671,-0.0013744374440582453,0.03688097844947535,-0.043236851935030254,0.027100715785775685,0.021706436098895703,-0.0946295138967001,0.09226436215153881,-0.00917088421881613,0.08474794355295223,-0.0200069816023584
146,-0.07090360079343473,-0.0015253171106967885,-0.00017165863790392257,0.0039143203873839546,-0.010581553848638873,-0.001522711819098426,0.037439086269634235,-0.04194066716210862,0.026131176824895953,-0.0007363882146971212,-0.0643142860433044,-0.09609358523264949,-0.00903755285323456,0.051817713711160354,0.08805763934676712
147,0.017534728198820668,-0.0006302687581544246,-7.089734386702125e-05,0.01323620798463995,-0.016929186229803602,-0.0019839111380376183,0.039175050062988034,-0.04669128755728673,0.025930884867060605,-0.0020639646097585372,-0.0018511631928445579,0.0737679108764645,0.01651440017357057,0.07092828092963085,0.0682619665113754
148,-0.13736629288533284,-0.0026962955911905544,-0.0003034831439753212,-0.00828136685449815,-0.0022770405792538143,-0.000919331592586457,0.03516795059393629,-0.044530976522918014,0.028063735704256736,-0.022248940017881965,-0.07270187171377118,0.09106996246147642,0.01934552167795783,-0.033021071570145055,0.09874937393623327
149,0.010336502866281459,-0.0002451984099508146,-2.754752207245016e-05,0.0172466980244173,-0.019660083397918235,-0.002182329672444984,0.0399219015380808,-0.045091451835065716,0.02932865472416637,0.032788307379130924,-0.13358300647533422,0.06779591242615385,-0.016952626363489723,0.07000961492049107,-0.06946661037041232
150,-0.02406215529060866,-0.002014353989253514,-0.00022671263423292012,-0.001178976304207861,-0.007113331917284089,-0.001270721549873462,0.036490589674586814,-0.05440981991875122,0.03225368161008501,-0.027462342211626762,0.07836274677928151,0.003052751656431973,0.01615851784131924,0.08404747621804808,-0.0505696615869323
151,-0.0059903778248026176,-0.0008884605207375231,-9.996363512787245e-05,0.010547152602882649,-0.01509810482725457,-0.0018508704316659496,0.03867428208736603,-0.04845441876924413,0.030040354318449983,0.009541184957581193,-0.03819623857993632,-0.02319055368315767,-0.012486239060528965,0.089054474583652,-0.0899887391848086
152,-0.04812004486078168,-0.0012705744747130827,-0.00014298063679350255,0.0065674532735834285,-0.01238817424008515,-0.0016539752641254353,-0.03263115941849903,-0.05569929838205378,0.03273586595302195,0.02684037751570984,-0.06291522591329521,0.07331024370550597,0.015018869061230906,0.08642451935100894,-0.010104851112463916
153,0.07637143437535807,-0.00035433863020302263,-3.983413183252389e-05,0.01611000762926606,-0.01888606711802393,-0.0021260920456103944,0.03971022194533218,-0.04398180661262157,0.027082732220537944,0.03260612901250936,-0.0740094678643367,0.047759020429317504,-0.014930599997519533,0.08361727769554941,0.07478541995844479
154,-0.0997563605950253,-0.0034137139238642014,-0.0003842474952650146,-0.01575324593052606,0.0028108497301190605,-0.0005496612328972397,0.03377650369984154,-0.04417806506290015,0.028815223936628855,0.05258954537671108,-0.11860662673012665,0.028871877666839636,0.01713708753299954,0.07101754402363634,-0.0222631376539817
155,-0.041490183549781665,-0.0011735061975587486,-0.0001320530425599381,0.007578414934282274,-0.013076576981119813,-0.0017039924762537162,0.038121430419623015,-0.05095235994822446,0.026568851843869486,0.303613891971658,-0.4368572369818832,-0.04774830431994862,0.009398887968761333,0.07732009701751436,0.1007317197370774
156,-0.09246787441072114,-0.001956704301806525,-0.0002202226417185698,-0.0005785574498841936,-0.007522180245715835,-0.0013004272037770597,0.03660240237143371,-0.04981480606345822,0.02944532310364622,0.005891803421959816,0.004700367779159811,0.0018471893524440767,-0.008463673026777292,0.05429063201916414,0.03511476024822897
157,0.014459045956367123,-0.0020887565773261255,-0.00023508860747793652,-0.001953875851240985,-0.006585672963496098,-0.0012323834837243736,0.03634628439916901,-0.042022471541509565,0.02841419043182722,0.013587870377855948,-0.0701137798509939,0.058240714905656646,-0.016715276611312502,0.08606498744459795,-0.1183816497466951
158,-0.17110475911395642,-0.002243228175741778,-0.00025247845921510614,-0.003562690473723651,-0.005490169109108459,-0.0011527875649313991,0.03604668371146386,-0.047517925673942696,0.029602904094041926,0.017099649104646137,-0.12428078101043047,-0.015923692017452504,-0.017782496720023022,0.08825028022747296,-0.09233128186536779
159,0.04025129442441441,-0.0009091552803338783,-0.016097046337711404,-0.8973169458449872,0.544683398183882,0.01393159115062891,-0.12458276761394046,-0.0477548637501085,0.02831775356323983,0.00882991410066507,-0.06863003085112943,-0.04475672378783053,-0.003173960983950002,0.0858877010217815,0.08327909476720938
160,0.014952312464737603,0.0009984580953158646,0.00011245881216874907,0.0301993235655536,-0.0284800251155399,-0.0028231593344337103,0.042333997664931886,0.070030845475432,-0.003845403275329699,0.01482629565733659,0.022281777161115675,-0.011748874409198168,0.00228166821177815,-0.08900060265339944,0.01789199443722538
161,-0.045376101340561914,-0.0023742949865186934,-0.00026723348493149234,-0.004927745304921053,-0.004560650687203801,-0.0010852516338343311,0.03579247706735039,0.06906123404485082,-0.0021659630766901242,-0.0014941726971336381,0.02561174352382529,0.018256231823390586,0.009230409487599565,-0.07952053146596508,0.012072768830720882
162,0.0892371978657766,0.0018619715760923535,0.00020967002483027915,0.039192776917709456,-0.0346040139666223,-0.0032681094067931573,0.029404818385942846,0.06126319517037458,-0.017537190669084102,-0.01244619343945775,0.037691763919982364,-0.08485283300935484,0.014489100999267002,-0.07886097638248012,0.09470132681539639
163,0.04513657691387329,0.0017922499455474894,0.00020182101678941941,0.03846662932893338,-0.034109552099330906,-0.00323218333818325,0.043873572490746894,0.06753635445548926,-0.053892541359136625,-0.025301396692658205,0.11401337343355997,-0.005866176870294102,0.00482222125456716,-0.03844463104110791,0.14055797641637072
164,0.036154793213895135,0.0003140528315221166,3.541095231889723e-05,0.02307127408986487,-0.023626261626721948,-0.002470499904757664,0.041006580263903296,0.07594704935803467,-0.017186286352382677,-0.003606666522851778,0.0543043326307938,0.01793251601954196,0.0028327806759162622,-0.040187740904603905,0.09519085104603296
165,0.041405979251891184,-0.00018779508868949673,-2.108526456884498e-05,0.017844550986201118,-0.02006718451127121,-0.002211908379109678,0.04003323640288989,0.08265285505903638,-0.006779421943867202,0.020766473249837627,-0.0448866592985034,0.07201538049011148,-0.041217654235204466,0.022124924047326664,-0.04439680650525178
166,0.06544271736523029,-0.0002373146920093467,-2.6660001728607463e-05,0.017328806585692323,-0.01971599428043881,-0.0021863919840899204,0.03993719216329063,0.0888652292272218,-0.009823140360354931,0.04759708290418818,-0.043551962709584176,0.09415084390500113,-0.027589111150956695,0.015770714170343644,-0.02852288454956265
167,0.009760931905978643,-0.0004334221758033789,-4.873707028169668e-05,0.015286356123975907,-0.01832521107773936,-0.002085341981922126,0.03955683786119604,0.07446402100406796,-0.004258126097535859,0.01469450705169546,-0.011813961842619692,0.07694925584532132,-0.03876760145763411,0.009802071268856545,-0.036177952317195436
168,0.04191679374771377,-3.5787152130554303e-05,-3.97276293912628e-06,0.019427706683285327,-0.021145216214871164,-0.002290234825513609,0.040328058770216973,0.09136853293430705,-0.010716698758105206,0.006831766271017919,-0.037478076963563395,-0.019931070416819772,0.008858447705710325,-0.010936307650019563,0.01992738465934589
169,0.057732723677326285,0.0009319392251847229,0.00010497035926757559,0.029506532579795516,-0.028008277044272497,-0.002788883579929559,0.04220498301472392,0.08067267037786886,-0.007769866799335815,-0.0025291008649625155,0.011594041785379568,0.0007197653459366475,0.024374262830201783,-0.07484165762184428,0.09395668417766849
170,0.008557380702745403,-0.00038538076959755414,-4.3328743186404686e-05,0.015786705169245633,-0.018665918018099154,-0.002110096693508458,-0.005361762852876107,0.07945372532651727,-0.00757339634911348,0.01524685635475022,-0.0035144525968023063,-0.012731184434669557,0.007519584505329359,-0.05328090112393618,0.014071785735394736
171,-0.00705670951959911,-0.0009734568547939814,-0.00010953221383492745,0.009661919676636214,-0.01449531562507956,-0.001807073634243979,0.03850943003432251,0.1087238499680066,-0.012018034497621266,0.04042235616766651,-0.09982263539622584,0.060997880545333345,-0.03674799412391033,0.011735691717243866,0.05109224512164823
172,0.04556914464597514,0.0010134864326417888,0.00011415064782419935,0.030355843010484124,-0.02858660523534475,-0.0028309031160068704,0.00360762232880411,0.07330128213413618,-0.06044080705132921,0.0020718719260969915,0.0097647621965054,-0.010107970162103392,-0.006012624177105477,-0.03144202396739061,0.039077936295023576
173,0.045658943708596474,-0.0010651050758635557,-0.00011984963783209992,0.008707407651813954,-0.013845351615777797,-0.001759849261371592,0.03833167651625821,0.0709456877309501,-0.0030781794233745575,0.03446279789786532,-0.08159420304857547,0.024596596533253176,-0.0035716783444627864,-0.07575081876449274,-0.017569464148466177
174,0.04531129975701132,0.0021433217601285154,0.00024134340710116846,0.04212302619821215,-0.03659933358657553,-0.003413083153621827,-0.10117712090602711,0.07852408719666493,-0.011472907676352227,0.02803810337286012,0.0018209462040802594,-0.04499113868027255,0.009291169885788817,-0.02358108612400021,0.009933310505905677
175,0.021719226737270374,-0.0011858245068422936,-0.0001334397930971925,0.007450120307290034,-0.012989216227181402,-0.0016976451143085026,0.03809753881773265,0.07531605995079522,-0.03303205527248756,0.0007675523437957982,-0.02270156295121437,0.06832055528066733,0.010110225745220512,-0.050280669353196285,0.030778252512641283
176,0.0008350246923611431,0.0009834297579899404,0.00011076697651329879,0.03004280412062307,-0.02837344499573504,-0.0028154155528605502,-0.03418984752582634,0.07354747718520759,-0.003713224070832299,0.008591531769873024,-0.004361341295355193,0.034620623838634415,-0.024710462777728197,-0.030318796701154935,0.01304070322277425
177,0.030230477581301783,-0.0009675440663378809,-0.00010886657357704545,0.009723501097592478,-0.014537248786969987,-0.0018101203679776806,0.03852089800322988,-0.0537651709724204,0.0327203551280044,0.022758806876294748,-0.0377761817854541,0.048808306138343846,-0.016103403748985137,0.08150058525343787,0.05045571206633129
178,0.11530903316409995,-0.00047431896262474743,-5.334108206538112e-05,0.01486041796236168,-0.018035173374663847,-0.0020642687402640187,0.039477517742920035,-0.05335507740965811,0.026151408335788412,0.035121740926070996,-0.024307263923670375,0.04514696877067686,-0.008589889591634125,0.08985742917463653,0.057165578765314924
179,0.12574587660360145,0.000506711188716758,5.709973072155543e-05,0.02507780205602348,-0.024992583818318655,-0.0025697726455807994,0.04138024491746858,-0.0548748077962301,-0.05803505561165036,-0.010066246266997288,0.027664601729117246,0.08738629986595778,0.03292369197307447,-0.12745977200768843,0.037554298441979286
180,-0.14722634654400513,-0.0016189362612517284,-0.00018219794198705557,0.002939281222242954,-0.009917612118706974,-0.001474471868314806,0.037257510095267475,-0.047552437342679936,0.02996662170097525,0.00688021796426833,-0.01780654627357932,0.08758722691662264,0.014648757127530098,0.06770985048465533,-0.021144658142496223
181,0.09658071266129246,0.001186928227354099,0.0001336760953887406,0.03174655676707998,-0.029816644650797534,-0.002920273972195472,-0.06367303992261032,-0.05926149184393019,0.010175483362275377,0.0003896291364425503,0.03156706485204847,0.038750790991185446,0.004748511919058884,0.005213700283935717,0.051679270050440505
182,0.013345929722116841,0.001609199869594014,0.00018121390380581976,0.036560171171828734,-0.032811371295806156,-0.003137861539677382,0.0435185432866561,0.06267376010619059,-0.0005085527454667789,-0.03415255201564426,0.10640153781096746,-0.2376690176537506,-0.03917371428300209,0.032894351037062446,0.05008743222718365
183,-0.01413393852623377,0.0011568715527022506,0.00013029242407784007,0.03184919246867377,-0.029603484411187826,-0.002904786409049152,0.042641243665241954,0.05917585903099539,0.0009932997464500973,-0.013419103439926085,-0.14076123508426783,-0.016738562834036824,-0.042968179805518696,0.03592599019273019,0.04879466390293287
184,-0.1288853687184941,-0.0006672236860050599,-7.505759547878442e-05,0.012851324103663225,-0.01666710396798837,-0.001964869052201979,0.03910337525731694,0.07767850595997661,-0.005035465704937233,-0.014574191807016034,0.044280557994723,0.07519672545896891,-0.02173661837080272,0.018163874250833278,-0.003270708912204142
185,-0.008325706085870648,0.0003285884364767003,-0.015950133985794677,0.0076271668925393206,0.009652943978575164,0.047588350917883104,-0.07037415642081946,0.07325501657646735,-0.003343661805196711,-0.011748489056651754,0.050205391329798336,-0.11558350914712132,-0.04052581101273107,0.015010324851037659,0.020626560650265458
186,-0.1338877336816087,-0.0010781624837041125,-0.00012131959340158946,0.00857141534720219,-0.01375274921660309,-0.0017531210577096659,0.038306351418254427,0.07169314016243084,-0.0029475737808354542,-0.050775358935997064,0.02068962640783653,-0.07244000632384948,-0.014603176868167148,-0.07132940282576734,0.010443547320088268
187,-0.08432899973354922,0.0012763591527526345,0.00014374390428920723,0.03309365035049847,-0.030450883724390383,-0.00296635581991772,0.04287299220357848,0.05146613515735619,-0.043540302030030786,0.17454439535573896,-0.40735840983389243,-0.3414143514802678,0.0013605861099537347,-0.055834817424648665,0.01506598974560401
188,0.04705596185200458,0.0007649029512998563,8.616602198240663e-05,0.02776685743778078,-0.02682366522086769,-0.002702813351952468,0.04188101289309059,0.07336611371314992,-0.003472693885777504,-0.01813636029478663,0.04524262355627899,-0.09263317491564736,-0.0036385574712753076,0.020292964344890016,0.03461109083858532
189,-0.1546277288184184,-0.0015580838133910163,-0.00017534739433301894,0.0035730566795846175,-0.010349174243162717,-0.0015058278363241596,0.037375534608605876,0.06356303103935779,-0.0026432019391866824,-0.014409456049964617,0.03051014775625465,-0.006357331883029798,-0.014354016546786865,-0.0705528965589326,-0.040177501681436745
190,-0.0009631519510785358,-0.0008465782691734717,-9.524868330120775e-05,0.010983354334656246,-0.015395131390645151,-0.0018724514622796744,0.03875551353379325,0.06561047450489901,-0.0027974110111003195,0.020214123946782896,-0.03607224172396577,0.09631639100660938,-0.04253019267290391,0.02868658796685945,-0.0297105744011897
191,0.04621060004751844,0.0005628826790497216,6.342331317143526e-05,0.025662825555108078,-0.025390948856277795,-0.0025987166160509716,0.04148919062208863,0.08395992026290544,-0.005497193742416243,0.004715396309839715,0.038697867693863054,-0.3903959013867404,-0.04089677672251884,0.023723394638128573,-0.029932855785586084
192,0.03852788220033479,0.0014956250579997313,0.00016842806385233467,0.0353772947109603,-0.032005905144494036,-0.003079338862542516,0.04329826271722694,0.07316179257378642,-0.002418856962845859,-0.010283309852759152,0.06470073829422802,-0.06597685286080311,-0.04185229445985099,0.02938250949605037,0.03926232880707967
193,-0.056432537115272845,0.0009235627748719127,0.00010402736890224265,0.029419292233440794,-0.02794887173159438,-0.0027845673738068144,0.04218873672543848,0.07969295371030125,-0.007615208138291233,-0.019867054777691507,0.052166785555646585,-0.024027749727593643,-0.03686652670398446,0.019829705417204153,0.047525639272015315
194,-0.006176433427740381,-0.0014701310851065075,-0.00016544599549702302,0.004489080316309185,-0.010972930026282943,-0.0015511480006129815,0.03754612064610307,0.07695956773236275,-0.0053351168607111005,0.0253577557022471,-0.04572677288746766,0.008823823056077783,-0.0411410989794063,0.02402135153987836,-0.05171643145643183
195,0.013209845760754147,-0.0014134668624022015,-0.00015906694302565293,0.0050792356004734805,-0.011374789494399623,-0.001580345865560962,0.037656022014798736,0.10031108144261214,-0.011078618008514753,0.034346513834064306,-0.12720424079783474,0.12590848052394227,-0.035615175552517746,0.008985479260732282,-0.11924703159094736
196,-0.1311684163922697,-0.001762814113683532,-0.00019839518826218644,0.001440799978973615,-0.008897238512706369,-0.0014003346807947151,0.03697845618518803,0.06849097768300696,-0.002143034031012,0.015832152809215242,0.01983257504490109,-0.06080856261315124,-0.042935451722184916,0.029889573460609303,-0.015153669648049121
197,0.052564182755384804,0.0005392315252253162,6.076075213990692e-05,0.025416499871282985,-0.02522321620871605,-0.0025865296811161623,0.04144331874645914,0.07124059066259232,-0.006647467533935273,-0.010800773936673606,0.0027152606697519615,0.07661437742754719,0.013779043886938274,-0.089182848136994,-0.029657024794948732
198,0.058728166953442275,-9.639323380559534e-05,-1.0795575582417783e-05,0.01879649711848351,-0.02071540130549419,-0.002259005804743159,0.040210512088916385,0.06973770541716366,-0.001156185888590946,0.01350065733000522,-0.046482197606576854,-0.05040500643429257,-0.028852984351698932,0.031703763195257806,-0.04505809362383103
199,0.016130548538531783,-9.072681153516424e-05,-1.015767033528073e-05,0.018855512646899948,-0.020755587252305866,-0.002261925591237957,-0.03151972209855932,0.10219138788301335,-0.011116833084644954,0.026946971240860755,-0.09010035313683984,0.03655175604780003,-0.03223379536007935,0.01564591114076189,0.05682811520900405
200,-0.009138780501882802,-0.00015502838599526725,-1.7396508139748355e-05,0.018185814694000473,-0.020299564116747378,-0.0022287923618839445,-0.19220507977238713,0.069996831005855,-0.018638908834461232,0.007103095753220224,0.023677449736330753,0.06855497017310935,-0.0023788108549534152,-0.0705764520976285,-0.02911748725282298
201,0.07300907948888574,0.001428120723125906,0.00016082867090818083,0.03467424015504284,-0.031527168212911565,0.006955078689406158,-0.1105526633198435,0.07613257939264964,-0.05786645968754652,0.05677577167354703,-0.04214612746998655,-0.08892718709227707,-0.004326700997371849,-0.07470900274603057,0.06649937617010496
202,-0.0007814947004746177,-0.00029865987224139933,-3.35660194041341e-05,0.016689899343270982,-0.019280937725825543,-0.002154782121602759,-0.0006383931591512687,0.08046629997169626,-0.05744047398597753,0.012332002488805166,-0.05186163461978411,0.013411657379587346,-0.020934922625139383,-0.07548344273754112,0.0027025981084841545
203,-0.10491361417905012,-0.0006344569833108306,-7.136883904968781e-05,0.013192587811462578,-0.016899483573464536,-0.001981753034976246,-0.02459736936684545,0.07571776075813821,-0.005944534927705059,0.017376792790038502,-0.00010996002862015748,0.028548161862991007,-0.0052214583365147475,-0.007176099815038511,0.036728321024960875
204,0.0556955900779224,-0.00021711266478433345,-2.4385730847510353e-05,0.01753920977395959,-0.0198592659168978,-0.00219680165768007,-0.0072621008672356,0.06536291215613696,-0.007498314964245921,0.026247328790324743,-0.02565889828656076,-0.040314003445356385,-0.030926094986872734,0.02939201436254169,-0.0005922182302277382
205,-0.055918936743961686,-0.0007665092588304309,-8.623480480905451e-05,0.011817269410105788,-0.0159629762912448,-0.0019137093149235599,-0.006030727705806273,0.07170177311879583,-0.006224404161717408,-0.0059478523407118945,0.010835229511476259,0.018825525133607367,-0.006330086585443229,-0.06227085180447003,0.003966065704791778
206,-0.1096557268934038,-0.00394463305398498,-0.000444016443420677,-0.021282744353891495,0.0065760982248644385,-0.00027608993305855027,-0.030109639754990078,0.07754226415157388,-0.002603638095663655,0.04122277814016342,-0.09113694490386837,-0.002372278711514181,-0.03158207961369346,0.029042813832751712,0.010479415452570433
207,-0.03085532341149509,4.231092872711885e-05,4.819235467066234e-06,0.02024109461841611,-0.021699083394840668,-0.0023304771002462606,0.04047953152620187,-0.06221117121465983,0.034805099928189566,-0.025384733605048924,0.051672202555691826,-0.014171161631099476,-0.015211207738103147,0.09781382893800501,-0.03726308962102139
208,0.031408176162814064,-0.000991687952533629,-0.00011158460463006401,0.00947204362868769,-0.014366021709250708,-0.0017976795385650623,0.03847407046352477,-0.03727794435563469,0.026476686072026058,0.012430843943036007,-0.05481558240033619,0.007718724277422005,-0.012025342269580519,0.0825031420407402,-0.12309098398611126
209,0.02831940484775294,0.001016689193055511,0.00011451120296388553,0.030389199613502112,-0.028609319031368742,-0.0028325534301126254,0.005670423236018082,-0.05453418437829573,0.0327203551280044,0.0005369222839238285,0.03542548976265499,-0.02237568286657273,0.021798420375818073,-0.019158843675145153,0.019470192266439666
210,-0.22576197072948412,-0.0009606458131390958,-0.000108089993276183,0.009795346088708131,-0.014586170809175496,-0.0018136748906670002,0.03853427730028849,-0.07154169212241393,-0.23734873500803874,-0.0026918985542839172,-0.035868988436313275,-0.01205026498519514,0.06329122672241044,-0.47346005457554047,0.05550453060191646
211,0.06542350390873626,0.0005983594097863302,6.741715471872773e-05,0.02603231408084572,-0.025642547827620408,-0.0026169970184531845,0.04155799843553288,-0.05764948901996196,0.03246701165271772,-0.02279547511774667,0.04864711612446133,-0.0170846038657371,0.01039937124667382,0.0035019978053675896,-0.06325889752617868
212,0.029942608827698263,0.0007700766411989454,8.674845720805346e-05,0.02782074118111752,-0.02686035673752182,-0.002705479243969458,0.04189104736588454,-0.0589937794913634,0.032445431374432426,-0.015006380910809724,0.01563878220966761,0.041005639004199686,0.018190078040260578,0.031405393038443176,-0.04850800174665582
213,-0.030573980268410732,6.965757533658834e-05,7.897821659770908e-06,0.02052590869033888,-0.021893024268583933,-0.0023445682437646335,0.040532570882398485,-0.051783322521765665,0.030815895569327584,-0.006271509651624676,-0.012677788315143558,0.07372326042076122,-0.007765426483651627,0.06002537255395169,-0.0351519216542203
214,0.010624719854321023,0.0018553196890792388,0.00020892117954016172,0.03912349781913364,-0.034556839159495555,-0.003264681831342742,0.00962496118091102,-0.05211306718847954,0.030380468496008773,0.022989436936166747,-0.03852483139497466,-0.03081461899448863,-0.0033849859734456965,0.08967972949675523,0.0710318956719331
215,0.10223635785614893,0.0029127233579787216,0.00032795984565807526,0.05013630860014731,-0.04205588627756848,-0.0038095393807198443,0.04604675259869435,-0.04750781875722938,-0.043229860735114284,0.02433639400852832,0.007230871210435545,-0.07430416284946074,0.0143731297474538,-0.05458596061870156,-0.014616658030746016
216,0.012279984113325653,0.0016032870811379127,0.00018054826354793773,0.03649858975087246,-0.032769438133915724,-0.0031348148059436795,0.043507075317748715,-0.053528373993313616,0.03131561388837132,-0.0542696950532171,0.08077468579276001,-0.013311640358811855,-0.006898843755378691,0.09139887056649051,-0.027551919047722036
217,0.028651264695007863,0.0019240558548814185,0.00021665924753804102,0.03983938183775033,-0.035044312166471865,-0.003300100110997032,0.04412921263097379,-0.061777374185851316,0.034424522728845865,-0.02076825627214924,0.06431455704768795,0.051699423145129826,-0.011314715973193811,0.06484723265050724,-0.06883209805495354
218,-0.027160677169879688,0.00145398917262135,0.00016374084703641497,0.03494365887172655,-0.031710625796182224,-0.003057884779167695,0.04321750910283752,-0.05063154386980869,0.031433181446113054,0.012235099102304343,-0.027681268498704874,-0.016280895663078294,-0.002210616965820644,0.09161500296540193,-0.05276317470295303
219,-0.11021472643673816,0.0012192021976769872,0.00013730938179634707,0.032498363281254494,-0.030045529826116166,-0.0029369040604919315,0.042762135170807195,-0.04802128859201201,0.02886332997363981,0.005618535872027492,-0.06788476879640298,0.07702739414280241,-0.006584511859359818,0.09021241527533427,0.05852503150488463
220,-0.0521108266387002,0.00185556605526491,0.0002089489145509068,0.03912606371167349,-0.03455858637457432,-0.0032648087785816468,0.04399637532446336,-0.052357070195955986,0.01690403429597632,0.014649931493905087,0.007186832998110848,-0.03677545483087316,0.012006177842348366,-0.030261767502206972,-0.03298013149167468
221,0.02018417906184588,0.0013983104146597276,0.0001574727346080253,0.034363767157721624,-0.03131575518838062,-0.0030291947031753316,0.04310951906229307,-0.059579778253645556,0.011852001231563816,-0.04867836965211905,0.16393915599064407,0.04077122411175767,0.004890950229568119,0.0101562308594246,0.014353173760641994
222,-0.056980143336297,0.0010275293052250303,0.00011573154343666933,0.030502098885255277,-0.028686196494834542,-0.0028381391086244137,0.042390381845393135,-0.0683362608944569,0.029660001913671755,-0.02406878561636762,0.07390133711530555,-0.03440898067860067,0.01797506876235904,0.03751743544742984,-0.003044386048091457
223,0.06872301762012661,0.001629401896819028,0.000183488174686917,0.03677057436009601,-0.03295464293226515,-0.003148271213267532,0.043557725513756286,-0.06488299856143498,0.03087996202048704,-0.029338391774282893,0.11807166407702487,0.06696987899564338,0.008102571276714293,-0.059511960991596814,0.037452756264107295
224,0.07630229469917162,0.0016668495570410038,0.00018770389632017019,0.037160590026152414,-0.033220219624237914,-0.00316756719358098,0.043630355983503,-0.059417121899991814,0.0332641331818806,-0.006364536902665488,0.07869811470390846,0.03138346580014817,0.02211417523198189,0.025245826296999892,0.011210923281220359
225,-0.26349371693958945,-0.0016709195264282865,-0.0001880500292542688,0.0023978778963357214,-0.009548949737086901,-0.0014476860009060063,0.03715668753529014,-0.05151210037985662,0.02972429315939668,0.0319452479165737,-0.05013736922953069,-0.09978841044209427,0.010556466046676007,0.08122246459480041,0.06943500599903087
226,-0.021445226495786143,0.0017336147933578166,0.00019522008423208874,0.037855946904450335,-0.03369371491058408,-0.0032019698953240357,0.04375984846574876,-0.05679687980595463,0.030804880635619467,0.0245573337297502,-0.07633333045316561,-0.02704165548756338,-0.01038765743876061,0.06008942708900192,0.08869366721711952
227,0.04315609197284023,0.0027045439310868155,0.0003045237615784767,0.04777568746349014,-0.04057948953600939,0.03881782007646528,-0.04564825979244461,-0.045583105376966096,0.028794093247474506,-0.024157936731948364,-0.04667190067505268,-0.05718071308726142,-0.007986412194161956,0.08676338850417789,0.08798085123215747
228,-0.0004769788267643467,0.0008976943253764686,0.00010111519277400846,0.029149873516757095,-0.027765414148323717,-0.0027712379137218666,0.042138564361468706,-0.05692643294187068,0.03197763388368568,-0.05493832842007284,0.10094757459228748,0.058731869918392965,-0.0073312813434281855,0.09261590673244491,-0.03641589443549248
229,0.02046758133029106,0.0015180443808957829,0.0001709519498301376,0.03561079093208618,-0.03216490171666195,-0.003090891061282804,0.04334174543266741,-0.04610415413948855,0.028825339692075083,0.015514309701492517,-0.025503070766027078,-0.10501251375937556,0.015428681582975744,0.07175272478398709,0.023240892841745638
230,0.014714067118273114,0.0014813358192308195,0.00016681943322911964,0.03522847294364931,-0.031904566669925485,-0.0030719759226860684,0.04327054845903412,-0.04890979860889684,0.028137468321731474,0.01711515364648626,-0.028125038176746508,-0.0008764884454548259,-0.015951716197533754,0.08555627045977966,-0.03719640520570252
231,-0.13763054225979443,-0.003005238788021857,-0.0003382628474496603,-0.011498996099463463,-8.603287047854587e-05,-0.0007601397550005098,0.03456874921852598,-0.05193124263138984,0.030315278072021955,-0.01781270298387385,0.10214676898943811,-0.11131939062746037,-0.01759993093342627,0.08955988552795158,-0.01981905279555053
232,0.020481821090600733,0.00027882246697117925,3.144484578234984e-05,0.022704351456667077,-0.023376409870458106,-0.0024523464495943546,0.040938250282496855,-0.058521097624852525,0.0327983588422231,0.048042838482092,-0.08739369685626495,0.0160683594939313,0.011542719723139012,-0.02910465332065441,-0.01994686459157842
233,0.0011129763348507475,-0.0009315746032299301,-0.00010481726200826274,0.010098121408409813,-0.01479234218847014,-0.0018286546648577028,0.03859066148074975,-0.05162183441816579,0.02359751727746366,-0.0012616045695316473,0.012017486134655917,0.06721545650201155,0.021547694798278363,0.04339764176504114,0.023218664703306035
234,0.04555784973774445,-0.0008399263821603576,-9.449983801109043e-05,0.011052633433232054,-0.01544230619777189,-0.001875879037730089,0.038768414998814046,-0.06617801676402965,0.008713419508447,0.01208005368390299,0.0023731176355367613,-0.03430851715326855,0.017063947381549243,0.015271915307081507,0.019324698996652966
235,0.014253133420259901,-0.0009626167426244631,-0.00010831187336214373,0.009774818948389372,-0.01457219308854535,-0.0018126593127557656,0.03853045464398603,-0.06144114913278545,0.033217151117697005,-0.02248926041640403,0.013850153278324206,0.02700772114122897,-0.0030365030339480847,0.030161495293274155,0.009153304920660185
236,-0.00899981982126583,-0.001983065483673312,-0.0002231902878682942,-0.0008531079516475899,-0.007335228232287636,-0.0012868438492143026,0.03655127434338833,-0.053588614038866195,0.032749578421515727,0.021243237911421745,-0.07908063739127089,0.13093165679055874,-0.0400356012427967,0.08660676483460346,0.02265588865281152
237,-0.1596200252641425,-0.0014181478199299477,-0.00015959390822980953,0.005030483642216435,-0.011341592407903028,0.015413573217597292,-0.14377393574839376,-0.0502071743081854,0.030491741805917294,0.014859242808746878,-0.009615438781176608,0.05616446871545562,0.019372842512740813,0.0361768360170882,-0.022053485893698713
238,-0.0320715776013306,0.001698384428806878,0.00019125397769554131,0.03748902427125253,-0.033443863154320234,0.03637383183308038,-0.016160289075282528,-0.04511382243782258,-0.026089724707022966,0.04134875254261449,-0.10911469819674706,-0.017185067391069217,0.014009421134405257,-0.04363263512511187,0.07977260592835642
239,0.06772528053892087,-0.0006807738262169591,-7.65830210697642e-05,0.012710200013971764,-0.016571007138656123,-0.001957886954062244,0.039077094495237545,-0.04972392779938294,0.023109713070389927,0.017725644981441496,-0.01265746298637827,-0.015577650985752228,0.018093316750404154,0.01604594204352722,-0.06318665607624986
